txn_id,timestamp,amount,payment_method,bank,failure_reason,attempt_no,hour_of_day,is_weekend,customer_past_success_rate,minutes_since_last_failure,is_flagged_risk,retry_succeeded
txn_000001,2026-06-22T04:15:00,380.13,upi,kotak,invalid_otp,2,3,0,0.899,1,0,1
txn_000002,2026-07-09T11:12:00,2604.12,upi,axis,card_expired,1,13,1,0.728,720,0,0
txn_000003,2026-07-19T19:24:00,2441.97,card,axis,bank_server_down,1,2,0,0.633,1,0,0
txn_000004,2026-06-27T08:10:00,1182.82,wallet,icici,insufficient_funds,1,19,0,0.747,180,0,1
txn_000005,2026-07-26T10:40:00,439.72,card,icici,gateway_error,1,11,1,0.57,180,0,0
txn_000006,2026-06-03T22:07:00,603.32,card,sbi,invalid_otp,1,20,0,0.566,1,0,1
txn_000007,2026-07-22T02:19:00,1042.54,wallet,kotak,issuer_declined,1,6,0,0.91,15,0,1
txn_000008,2026-07-05T17:39:00,172.86,wallet,idfc,card_expired,1,1,0,0.882,60,0,1
txn_000009,2026-06-24T23:22:00,1394.88,wallet,kotak,invalid_otp,1,8,0,0.688,1,0,0
txn_000010,2026-06-01T01:14:00,1801.98,card,icici,gateway_error,1,20,0,0.637,720,0,0
txn_000011,2026-06-07T07:11:00,210.65,wallet,hdfc,invalid_otp,1,9,1,0.646,180,0,1
txn_000012,2026-07-07T07:36:00,174.53,card,sbi,gateway_error,1,19,0,0.406,5,0,0
txn_000013,2026-07-28T10:39:00,2630.19,netbanking,other,gateway_error,1,7,1,0.597,5,0,1
txn_000014,2026-07-08T01:14:00,149.37,upi,hdfc,insufficient_funds,2,6,0,0.914,5,0,0
txn_000015,2026-06-10T22:42:00,417.01,upi,idfc,insufficient_funds,2,23,1,0.677,180,0,1
txn_000016,2026-07-30T08:37:00,289.57,card,other,bank_server_down,3,14,1,0.348,60,0,1
txn_000017,2026-07-12T09:58:00,195.54,upi,icici,gateway_error,3,6,0,0.727,30,0,1
txn_000018,2026-07-19T08:15:00,314.81,wallet,sbi,bank_server_down,1,1,0,0.719,60,0,1
txn_000019,2026-06-29T19:07:00,2090.54,upi,sbi,insufficient_funds,1,18,1,0.567,60,0,0
txn_000020,2026-07-22T05:52:00,294.08,card,yesbank,gateway_error,1,21,0,1.0,1,0,1
txn_000021,2026-06-28T12:51:00,673.71,upi,axis,gateway_error,2,11,0,0.64,720,0,1
txn_000022,2026-07-28T17:30:00,1754.82,upi,kotak,invalid_otp,1,3,0,0.693,15,0,1
txn_000023,2026-07-21T05:09:00,175.09,wallet,kotak,risk_block,1,8,1,1.0,5,1,0
txn_000024,2026-06-04T15:09:00,3559.74,upi,icici,issuer_declined,1,11,0,0.84,720,0,0
txn_000025,2026-06-17T02:46:00,1082.9,card,axis,risk_block,1,17,0,0.636,5,1,0
txn_000026,2026-07-05T19:40:00,1297.86,upi,sbi,risk_block,2,13,0,0.779,720,1,0
txn_000027,2026-06-26T09:45:00,136.88,wallet,axis,risk_block,2,7,1,0.59,1,1,0
txn_000028,2026-07-23T11:34:00,2182.64,wallet,yesbank,bank_server_down,1,3,0,0.769,60,0,1
txn_000029,2026-06-12T08:14:00,861.46,upi,idfc,insufficient_funds,1,23,0,0.277,15,0,0
txn_000030,2026-06-16T20:10:00,1061.46,netbanking,kotak,issuer_declined,1,22,0,0.303,180,0,0
txn_000031,2026-06-16T10:41:00,328.55,netbanking,idfc,invalid_otp,1,18,0,0.44,60,0,1
txn_000032,2026-07-08T17:21:00,321.97,netbanking,yesbank,invalid_otp,1,6,1,0.994,720,0,1
txn_000033,2026-06-17T00:13:00,655.87,card,idfc,risk_block,2,20,0,0.986,720,1,0
txn_000034,2026-07-11T06:48:00,2471.56,wallet,hdfc,issuer_declined,2,3,0,0.426,60,0,0
txn_000035,2026-06-08T01:15:00,623.59,wallet,other,invalid_otp,1,7,0,0.76,5,0,1
txn_000036,2026-07-01T02:49:00,36.75,card,kotak,issuer_declined,1,2,1,0.612,1,0,0
txn_000037,2026-07-03T00:25:00,256.19,wallet,hdfc,card_expired,1,18,0,0.912,30,0,1
txn_000038,2026-07-07T19:14:00,872.88,wallet,idfc,bank_server_down,1,19,0,0.687,30,0,1
txn_000039,2026-06-30T19:06:00,4366.13,wallet,sbi,issuer_declined,2,21,1,0.866,1,0,1
txn_000040,2026-06-07T05:53:00,1471.42,netbanking,yesbank,insufficient_funds,1,13,1,0.967,15,0,1
txn_000041,2026-06-11T10:12:00,78.73,upi,hdfc,issuer_declined,1,18,0,0.712,60,0,0
txn_000042,2026-06-28T10:49:00,221.45,card,kotak,issuer_declined,2,12,0,0.992,180,0,1
txn_000043,2026-07-03T23:12:00,401.65,upi,hdfc,risk_block,2,11,1,0.928,30,1,1
txn_000044,2026-07-24T22:16:00,421.02,wallet,sbi,invalid_otp,2,20,1,0.497,30,0,0
txn_000045,2026-06-20T07:22:00,311.18,card,icici,bank_server_down,2,14,0,0.599,15,0,1
txn_000046,2026-06-22T20:59:00,237.55,netbanking,yesbank,bank_server_down,1,8,0,0.774,30,0,1
txn_000047,2026-07-09T17:31:00,1223.54,wallet,other,invalid_otp,1,7,0,0.621,60,0,1
txn_000048,2026-06-18T10:25:00,1124.45,netbanking,yesbank,gateway_error,2,8,1,0.588,720,0,1
txn_000049,2026-06-25T23:14:00,709.7,wallet,kotak,insufficient_funds,1,3,0,0.611,180,0,0
txn_000050,2026-06-05T16:14:00,1018.81,upi,kotak,insufficient_funds,1,15,1,0.671,15,0,1
txn_000051,2026-06-23T14:10:00,1834.07,wallet,icici,bank_server_down,2,2,0,0.931,15,0,1
txn_000052,2026-06-10T00:46:00,1540.15,wallet,axis,insufficient_funds,1,14,0,0.486,1,0,0
txn_000053,2026-06-03T23:18:00,410.19,card,axis,gateway_error,1,7,1,0.939,60,0,1
txn_000054,2026-06-21T11:06:00,231.45,netbanking,other,bank_server_down,2,8,0,0.473,30,0,1
txn_000055,2026-07-16T13:17:00,156.62,netbanking,sbi,invalid_otp,1,18,0,0.553,30,0,0
txn_000056,2026-07-24T10:35:00,3544.2,wallet,icici,card_expired,1,23,0,1.0,720,0,0
txn_000057,2026-06-09T07:19:00,1214.35,netbanking,hdfc,gateway_error,3,16,0,0.831,180,0,0
txn_000058,2026-06-04T08:09:00,456.17,wallet,yesbank,network_timeout,2,5,0,0.605,720,0,1
txn_000059,2026-07-16T08:58:00,458.27,netbanking,kotak,network_timeout,1,0,0,0.61,15,0,1
txn_000060,2026-06-15T09:58:00,401.07,upi,axis,invalid_otp,2,9,0,1.0,60,0,1
txn_000061,2026-07-14T22:02:00,2826.8,upi,idfc,bank_server_down,1,3,0,0.872,180,0,1
txn_000062,2026-07-01T22:28:00,778.17,card,other,gateway_error,2,19,0,0.826,720,0,0
txn_000063,2026-07-21T05:40:00,370.84,netbanking,hdfc,gateway_error,2,18,0,0.864,30,0,1
txn_000064,2026-07-30T08:21:00,143.48,wallet,other,issuer_declined,2,13,1,0.619,30,0,0
txn_000065,2026-06-15T01:12:00,467.59,wallet,hdfc,gateway_error,3,14,1,0.831,720,0,0
txn_000066,2026-07-15T09:56:00,978.53,netbanking,yesbank,insufficient_funds,2,2,0,0.844,15,0,0
txn_000067,2026-06-10T03:33:00,136.2,upi,icici,risk_block,2,9,0,0.637,180,1,0
txn_000068,2026-07-05T19:40:00,356.48,netbanking,hdfc,network_timeout,1,4,1,0.668,5,0,1
txn_000069,2026-07-11T04:58:00,602.89,card,other,invalid_otp,2,8,0,0.559,60,0,1
txn_000070,2026-06-27T22:20:00,1288.45,netbanking,idfc,gateway_error,1,9,1,0.574,60,0,1
txn_000071,2026-06-27T01:12:00,249.53,netbanking,hdfc,gateway_error,3,21,0,1.0,720,0,0
txn_000072,2026-07-28T02:42:00,345.59,card,yesbank,issuer_declined,2,8,0,0.514,180,0,1
txn_000073,2026-07-04T07:13:00,166.26,netbanking,other,invalid_otp,1,4,1,0.718,5,0,0
txn_000074,2026-06-13T19:29:00,48.62,netbanking,sbi,card_expired,1,15,0,0.968,30,0,0
txn_000075,2026-07-29T02:55:00,198.33,card,idfc,issuer_declined,1,0,1,0.495,15,0,0
txn_000076,2026-06-28T12:08:00,577.39,upi,axis,gateway_error,2,17,0,0.55,30,0,0
txn_000077,2026-06-15T01:33:00,225.39,upi,sbi,invalid_otp,2,12,0,0.699,30,0,0
txn_000078,2026-07-04T10:27:00,23882.54,upi,other,risk_block,1,8,1,0.26,720,1,0
txn_000079,2026-06-02T22:39:00,524.66,netbanking,hdfc,card_expired,2,3,0,0.836,180,0,0
txn_000080,2026-06-12T19:58:00,851.77,netbanking,axis,insufficient_funds,1,7,0,0.732,720,0,0
txn_000081,2026-07-09T07:36:00,908.66,card,icici,card_expired,2,0,0,0.69,15,0,1
txn_000082,2026-07-30T23:23:00,570.78,upi,other,card_expired,1,18,1,0.776,720,0,0
txn_000083,2026-06-14T12:02:00,135.55,wallet,hdfc,card_expired,1,12,0,0.669,1,0,0
txn_000084,2026-07-21T04:24:00,380.61,netbanking,yesbank,insufficient_funds,2,9,0,0.973,720,0,0
txn_000085,2026-07-05T01:40:00,590.82,card,idfc,issuer_declined,1,10,0,0.698,15,0,0
txn_000086,2026-07-08T09:25:00,402.09,wallet,icici,gateway_error,1,11,0,0.5,15,0,0
txn_000087,2026-06-26T08:32:00,342.66,wallet,hdfc,bank_server_down,1,6,1,0.827,60,0,1
txn_000088,2026-06-17T12:17:00,1213.32,wallet,hdfc,card_expired,1,22,1,0.67,15,0,0
txn_000089,2026-06-30T12:37:00,105.39,wallet,icici,risk_block,1,0,1,0.563,5,1,0
txn_000090,2026-07-24T23:43:00,552.04,upi,hdfc,issuer_declined,1,19,0,0.723,30,0,1
txn_000091,2026-07-21T20:33:00,1341.52,netbanking,hdfc,network_timeout,2,3,1,0.808,180,0,1
txn_000092,2026-07-29T06:24:00,313.26,netbanking,icici,issuer_declined,3,13,1,0.89,60,0,0
txn_000093,2026-07-24T14:24:00,174.33,upi,idfc,network_timeout,2,19,0,0.581,1,0,1
txn_000094,2026-07-29T17:59:00,61.64,upi,idfc,network_timeout,1,2,0,0.286,15,0,1
txn_000095,2026-07-22T07:29:00,289.7,card,icici,issuer_declined,2,19,1,1.0,180,0,0
txn_000096,2026-07-17T04:17:00,4204.34,wallet,yesbank,issuer_declined,1,4,0,0.478,60,0,0
txn_000097,2026-07-23T19:44:00,166.96,wallet,other,insufficient_funds,2,9,1,0.89,60,0,1
txn_000098,2026-07-02T06:15:00,4032.26,upi,other,card_expired,1,6,0,0.762,1,0,0
txn_000099,2026-06-06T23:59:00,921.27,upi,sbi,gateway_error,2,9,0,0.692,180,0,1
txn_000100,2026-06-30T21:34:00,234.82,wallet,kotak,bank_server_down,1,21,0,0.879,30,0,1
txn_000101,2026-06-15T02:28:00,676.08,upi,idfc,issuer_declined,1,9,1,0.938,5,0,0
txn_000102,2026-06-16T01:37:00,7880.39,upi,hdfc,insufficient_funds,1,19,1,0.918,720,0,0
txn_000103,2026-07-13T16:34:00,266.88,upi,idfc,issuer_declined,2,14,0,0.751,5,0,0
txn_000104,2026-07-26T00:54:00,1455.75,card,yesbank,gateway_error,1,14,0,0.54,5,0,0
txn_000105,2026-06-25T19:55:00,5521.36,netbanking,hdfc,insufficient_funds,2,17,0,0.617,1,0,0
txn_000106,2026-06-10T00:27:00,2666.07,card,idfc,network_timeout,1,12,0,0.914,1,0,1
txn_000107,2026-06-02T17:30:00,254.93,netbanking,sbi,issuer_declined,1,15,0,0.66,1,0,0
txn_000108,2026-07-16T11:53:00,237.3,card,idfc,bank_server_down,1,9,1,0.541,1,0,1
txn_000109,2026-07-03T19:45:00,1190.23,upi,axis,invalid_otp,1,0,0,0.464,1,0,1
txn_000110,2026-07-23T23:11:00,473.14,upi,idfc,insufficient_funds,2,23,1,0.538,180,0,1
txn_000111,2026-06-13T06:35:00,100.08,netbanking,sbi,issuer_declined,2,20,1,0.419,180,0,1
txn_000112,2026-06-24T01:22:00,442.46,wallet,hdfc,insufficient_funds,1,6,0,0.646,720,0,0
txn_000113,2026-07-06T04:38:00,194.12,card,kotak,insufficient_funds,1,20,0,0.436,180,0,0
txn_000114,2026-06-27T17:44:00,1179.57,card,other,bank_server_down,1,16,1,0.531,720,0,1
txn_000115,2026-07-03T02:10:00,1030.58,upi,yesbank,bank_server_down,1,19,0,0.516,180,0,1
txn_000116,2026-06-03T20:01:00,2349.99,wallet,kotak,invalid_otp,2,1,1,0.485,180,0,1
txn_000117,2026-07-04T18:23:00,264.22,wallet,hdfc,insufficient_funds,1,20,0,0.471,180,0,0
txn_000118,2026-07-22T02:59:00,729.5,upi,sbi,network_timeout,3,20,1,0.847,60,0,1
txn_000119,2026-07-11T12:21:00,166.04,netbanking,other,insufficient_funds,1,22,0,1.0,30,0,1
txn_000120,2026-07-03T21:41:00,1601.51,netbanking,yesbank,gateway_error,2,9,0,0.611,180,0,1
txn_000121,2026-06-08T20:20:00,1369.36,upi,axis,card_expired,1,15,1,0.475,60,0,1
txn_000122,2026-06-12T16:21:00,820.62,wallet,other,insufficient_funds,3,18,1,0.583,180,0,0
txn_000123,2026-07-18T05:32:00,160.12,card,sbi,risk_block,1,1,0,0.68,180,1,0
txn_000124,2026-07-27T20:11:00,213.77,upi,kotak,risk_block,1,19,0,0.953,5,1,1
txn_000125,2026-06-28T11:56:00,1007.54,netbanking,hdfc,issuer_declined,2,18,0,0.439,15,0,0
txn_000126,2026-06-30T01:33:00,501.93,wallet,kotak,network_timeout,1,5,0,0.798,15,0,1
txn_000127,2026-06-27T09:58:00,219.88,netbanking,idfc,issuer_declined,1,17,1,0.877,5,0,1
txn_000128,2026-07-06T19:03:00,1113.28,wallet,axis,gateway_error,1,5,0,0.548,1,0,1
txn_000129,2026-06-10T18:49:00,784.72,card,axis,card_expired,2,9,0,0.592,60,0,1
txn_000130,2026-07-21T01:10:00,1458.67,netbanking,yesbank,network_timeout,1,12,1,0.613,30,0,1
txn_000131,2026-06-05T02:58:00,2919.51,upi,sbi,bank_server_down,1,10,0,0.887,30,0,1
txn_000132,2026-06-28T05:41:00,694.27,netbanking,other,insufficient_funds,3,16,1,0.637,60,0,0
txn_000133,2026-07-28T06:38:00,633.85,wallet,kotak,invalid_otp,3,10,0,0.411,180,0,0
txn_000134,2026-06-14T10:49:00,2284.4,wallet,kotak,insufficient_funds,1,23,1,0.404,720,0,0
txn_000135,2026-07-26T15:47:00,1050.77,card,hdfc,issuer_declined,1,6,1,0.898,30,0,0
txn_000136,2026-07-03T05:57:00,720.75,upi,sbi,gateway_error,1,21,0,0.934,60,0,1
txn_000137,2026-07-15T12:14:00,307.75,netbanking,other,invalid_otp,3,17,0,1.0,180,0,1
txn_000138,2026-06-04T19:53:00,260.11,netbanking,kotak,bank_server_down,3,17,0,0.927,720,0,1
txn_000139,2026-06-23T01:39:00,1204.5,upi,yesbank,bank_server_down,1,17,1,0.707,180,0,1
txn_000140,2026-07-14T07:10:00,157.69,card,axis,insufficient_funds,2,22,0,1.0,5,0,1
txn_000141,2026-06-16T22:26:00,256.46,card,kotak,network_timeout,1,2,0,0.692,1,0,0
txn_000142,2026-07-22T16:43:00,3152.27,card,hdfc,network_timeout,2,15,1,0.835,1,0,1
txn_000143,2026-07-01T02:23:00,523.13,netbanking,kotak,invalid_otp,3,16,0,0.853,5,0,0
txn_000144,2026-06-30T20:22:00,430.08,wallet,kotak,insufficient_funds,1,21,0,0.984,720,0,0
txn_000145,2026-07-23T03:28:00,3787.72,upi,sbi,insufficient_funds,1,7,1,0.571,15,0,1
txn_000146,2026-06-27T20:31:00,360.27,netbanking,axis,insufficient_funds,2,16,0,0.758,180,0,0
txn_000147,2026-06-20T21:07:00,3477.19,card,axis,bank_server_down,2,14,0,0.502,30,0,1
txn_000148,2026-06-30T20:47:00,722.92,upi,other,issuer_declined,2,18,1,0.83,60,0,1
txn_000149,2026-07-22T07:52:00,2212.51,wallet,icici,risk_block,1,15,1,0.799,60,1,0
txn_000150,2026-06-06T11:37:00,1336.13,wallet,kotak,insufficient_funds,1,0,0,0.896,1,0,0
txn_000151,2026-07-05T08:39:00,149.18,upi,other,gateway_error,3,4,0,0.593,30,0,0
txn_000152,2026-07-19T10:01:00,527.81,card,yesbank,network_timeout,2,7,0,0.941,180,0,1
txn_000153,2026-06-02T10:10:00,609.14,card,axis,network_timeout,2,6,0,0.996,30,0,1
txn_000154,2026-06-06T03:18:00,916.22,upi,icici,bank_server_down,1,21,0,0.708,5,0,1
txn_000155,2026-07-18T10:41:00,6121.51,netbanking,axis,insufficient_funds,2,10,0,0.781,5,0,0
txn_000156,2026-07-08T21:28:00,1007.35,netbanking,kotak,bank_server_down,1,15,1,0.598,60,0,1
txn_000157,2026-07-08T21:52:00,182.91,netbanking,idfc,network_timeout,1,7,0,0.625,1,0,0
txn_000158,2026-06-25T10:27:00,361.73,card,idfc,card_expired,1,20,1,0.549,720,0,0
txn_000159,2026-06-02T09:29:00,56.3,upi,icici,network_timeout,1,23,0,0.831,15,0,1
txn_000160,2026-07-05T15:34:00,4430.97,card,icici,insufficient_funds,2,7,0,0.602,15,0,0
txn_000161,2026-07-04T17:49:00,264.12,netbanking,kotak,network_timeout,2,15,0,0.662,15,0,0
txn_000162,2026-07-21T02:53:00,847.13,upi,axis,bank_server_down,1,23,0,0.626,720,0,1
txn_000163,2026-07-20T17:56:00,1757.85,netbanking,kotak,invalid_otp,1,23,0,0.895,5,0,1
txn_000164,2026-07-14T23:34:00,866.65,upi,hdfc,network_timeout,1,4,1,0.526,180,0,0
txn_000165,2026-07-10T04:36:00,737.5,upi,hdfc,invalid_otp,1,0,0,0.757,720,0,0
txn_000166,2026-07-07T22:58:00,3493.57,card,icici,issuer_declined,1,7,1,0.783,30,0,1
txn_000167,2026-07-14T07:50:00,74.04,card,axis,network_timeout,2,2,0,0.725,30,0,1
txn_000168,2026-07-14T06:44:00,1001.16,upi,sbi,insufficient_funds,3,3,0,0.775,180,0,0
txn_000169,2026-07-07T06:05:00,3738.15,upi,kotak,bank_server_down,2,1,1,0.856,5,0,1
txn_000170,2026-06-08T03:19:00,878.79,netbanking,sbi,gateway_error,1,12,0,0.475,720,0,0
txn_000171,2026-07-28T17:15:00,247.47,netbanking,hdfc,card_expired,2,2,0,0.913,720,0,0
txn_000172,2026-06-23T10:22:00,211.07,wallet,other,bank_server_down,2,12,0,0.675,60,0,1
txn_000173,2026-06-25T13:18:00,69.19,upi,kotak,issuer_declined,1,20,1,0.664,15,0,0
txn_000174,2026-07-06T01:33:00,495.71,upi,sbi,insufficient_funds,1,16,0,0.666,60,0,0
txn_000175,2026-06-25T11:27:00,4512.48,wallet,idfc,insufficient_funds,3,17,0,0.61,30,0,0
txn_000176,2026-07-25T01:11:00,154.8,wallet,sbi,bank_server_down,2,13,0,0.411,180,0,1
txn_000177,2026-07-25T02:28:00,191.95,wallet,icici,invalid_otp,1,12,0,0.533,720,0,1
txn_000178,2026-06-30T15:54:00,633.86,netbanking,axis,insufficient_funds,1,12,0,0.641,60,0,0
txn_000179,2026-06-20T01:59:00,125.14,wallet,yesbank,network_timeout,1,18,0,0.725,180,0,1
txn_000180,2026-07-25T10:12:00,472.28,netbanking,icici,network_timeout,1,20,0,0.839,30,0,1
txn_000181,2026-07-30T20:33:00,985.9,wallet,idfc,network_timeout,2,11,0,0.351,1,0,0
txn_000182,2026-06-21T04:58:00,930.84,card,hdfc,invalid_otp,2,20,0,0.927,1,0,1
txn_000183,2026-06-08T19:33:00,427.34,card,other,card_expired,1,21,0,0.695,1,0,0
txn_000184,2026-06-28T07:56:00,346.63,card,yesbank,insufficient_funds,1,6,0,0.982,30,0,1
txn_000185,2026-07-21T23:00:00,4323.42,upi,hdfc,insufficient_funds,3,21,0,0.706,60,0,1
txn_000186,2026-07-10T02:22:00,3034.0,wallet,axis,network_timeout,1,5,0,0.991,5,0,1
txn_000187,2026-06-24T21:07:00,162.07,card,axis,network_timeout,2,2,0,0.534,5,0,1
txn_000188,2026-06-28T01:46:00,1065.06,wallet,yesbank,invalid_otp,1,18,1,0.601,180,0,0
txn_000189,2026-07-09T12:08:00,418.64,upi,sbi,gateway_error,2,3,1,0.512,5,0,1
txn_000190,2026-07-05T22:44:00,650.19,card,sbi,insufficient_funds,2,10,0,1.0,30,0,1
txn_000191,2026-06-21T11:10:00,1207.65,wallet,idfc,gateway_error,1,14,0,1.0,15,0,1
txn_000192,2026-07-20T08:06:00,1146.74,card,other,card_expired,1,15,0,0.98,720,0,0
txn_000193,2026-06-22T13:36:00,1306.85,upi,other,issuer_declined,1,1,0,0.808,1,0,0
txn_000194,2026-06-30T11:01:00,319.81,netbanking,idfc,insufficient_funds,2,6,0,0.497,60,0,0
txn_000195,2026-06-06T09:30:00,11889.47,netbanking,kotak,gateway_error,2,16,0,1.0,720,0,1
txn_000196,2026-07-05T03:34:00,129.44,card,sbi,gateway_error,2,7,0,0.458,15,0,1
txn_000197,2026-07-12T17:29:00,692.86,upi,idfc,network_timeout,1,11,0,0.369,720,0,1
txn_000198,2026-07-22T12:45:00,1679.78,netbanking,icici,invalid_otp,1,13,0,0.648,60,0,1
txn_000199,2026-07-07T01:49:00,33.87,netbanking,hdfc,risk_block,1,8,1,0.977,180,1,1
txn_000200,2026-07-02T06:32:00,1790.5,card,idfc,invalid_otp,1,0,1,0.519,30,0,1
txn_000201,2026-06-13T02:51:00,629.81,wallet,sbi,issuer_declined,1,2,0,0.56,5,0,0
txn_000202,2026-07-11T06:24:00,704.91,card,icici,invalid_otp,1,20,1,0.796,30,0,1
txn_000203,2026-06-23T14:07:00,306.51,upi,icici,risk_block,3,23,0,0.677,15,1,0
txn_000204,2026-06-22T18:50:00,4545.39,netbanking,hdfc,card_expired,2,9,1,0.795,180,0,1
txn_000205,2026-07-22T17:38:00,663.85,upi,axis,network_timeout,1,16,0,0.608,30,0,1
txn_000206,2026-06-26T06:08:00,687.86,card,other,network_timeout,1,16,0,0.486,60,0,1
txn_000207,2026-06-23T06:04:00,301.71,upi,axis,insufficient_funds,1,20,0,0.617,720,0,1
txn_000208,2026-06-15T21:53:00,531.16,wallet,icici,insufficient_funds,2,9,0,0.734,5,0,0
txn_000209,2026-06-06T19:31:00,323.81,netbanking,kotak,network_timeout,1,8,0,0.866,30,0,1
txn_000210,2026-06-11T11:57:00,582.82,upi,other,bank_server_down,1,15,0,0.91,60,0,1
txn_000211,2026-07-09T04:07:00,172.94,upi,hdfc,bank_server_down,3,4,1,1.0,180,0,1
txn_000212,2026-06-05T04:19:00,2108.93,card,idfc,bank_server_down,1,2,0,0.69,5,0,0
txn_000213,2026-07-04T12:30:00,449.89,upi,other,gateway_error,1,14,1,0.563,60,0,1
txn_000214,2026-06-01T20:57:00,1750.12,wallet,axis,invalid_otp,3,7,1,0.967,180,0,0
txn_000215,2026-06-09T11:13:00,7438.06,upi,idfc,gateway_error,3,3,1,0.274,5,0,0
txn_000216,2026-06-06T16:03:00,1216.82,card,idfc,insufficient_funds,1,23,1,0.968,1,0,0
txn_000217,2026-06-13T09:20:00,47.61,card,axis,network_timeout,2,12,0,0.654,1,0,0
txn_000218,2026-06-11T21:57:00,172.1,upi,sbi,issuer_declined,1,10,0,0.853,15,0,0
txn_000219,2026-07-07T19:24:00,66.85,netbanking,hdfc,insufficient_funds,1,11,0,0.608,5,0,1
txn_000220,2026-07-04T21:10:00,461.62,card,icici,risk_block,1,4,1,0.747,5,1,0
txn_000221,2026-07-23T05:40:00,2820.33,upi,kotak,invalid_otp,2,2,0,0.691,30,0,1
txn_000222,2026-06-27T20:40:00,303.0,wallet,other,network_timeout,1,5,1,0.884,60,0,1
txn_000223,2026-06-02T18:39:00,188.49,wallet,hdfc,network_timeout,2,13,1,0.441,720,0,1
txn_000224,2026-06-26T13:42:00,782.91,netbanking,other,gateway_error,1,18,0,0.795,5,0,1
txn_000225,2026-06-16T19:28:00,995.83,wallet,yesbank,insufficient_funds,3,23,1,0.794,720,0,0
txn_000226,2026-06-09T05:10:00,875.45,netbanking,yesbank,insufficient_funds,2,6,0,0.966,5,0,0
txn_000227,2026-06-06T10:06:00,699.21,card,hdfc,insufficient_funds,1,19,1,0.628,720,0,0
txn_000228,2026-07-10T18:21:00,2663.64,card,icici,insufficient_funds,1,21,0,0.685,5,0,0
txn_000229,2026-07-23T03:22:00,1335.72,wallet,yesbank,issuer_declined,1,18,0,0.703,5,0,0
txn_000230,2026-07-02T13:37:00,7684.43,upi,sbi,network_timeout,1,19,1,0.822,180,0,1
txn_000231,2026-06-10T20:00:00,4186.15,card,icici,gateway_error,1,23,0,0.706,1,0,1
txn_000232,2026-07-23T14:46:00,544.09,upi,idfc,issuer_declined,1,5,0,0.538,1,0,0
txn_000233,2026-06-15T15:30:00,420.83,card,sbi,invalid_otp,1,1,0,0.795,5,0,0
txn_000234,2026-06-10T05:12:00,1052.87,upi,yesbank,issuer_declined,1,15,0,0.564,30,0,1
txn_000235,2026-07-15T16:29:00,2537.07,card,idfc,bank_server_down,2,23,0,0.694,30,0,1
txn_000236,2026-06-08T10:59:00,548.04,netbanking,hdfc,insufficient_funds,1,21,0,0.832,180,0,1
txn_000237,2026-07-11T13:48:00,1837.43,upi,kotak,network_timeout,2,21,1,0.574,30,0,1
txn_000238,2026-07-08T16:22:00,42.93,wallet,other,insufficient_funds,2,18,1,0.678,15,0,0
txn_000239,2026-07-16T16:51:00,477.91,card,hdfc,gateway_error,1,15,0,0.659,720,0,1
txn_000240,2026-07-28T02:11:00,3098.68,card,icici,card_expired,2,5,0,0.867,180,0,0
txn_000241,2026-07-27T17:05:00,174.98,netbanking,yesbank,insufficient_funds,2,12,0,0.277,1,0,0
txn_000242,2026-06-27T00:58:00,550.3,wallet,icici,invalid_otp,3,18,0,0.796,720,0,1
txn_000243,2026-07-07T13:34:00,183.22,netbanking,idfc,risk_block,1,18,0,0.702,60,1,0
txn_000244,2026-06-09T22:33:00,131.54,netbanking,axis,insufficient_funds,1,8,0,0.79,15,0,0
txn_000245,2026-07-08T01:28:00,153.06,card,sbi,gateway_error,1,10,1,0.641,5,0,0
txn_000246,2026-06-18T13:05:00,688.33,netbanking,hdfc,issuer_declined,1,9,0,0.766,60,0,1
txn_000247,2026-06-03T18:45:00,278.74,card,hdfc,risk_block,1,11,0,0.826,180,1,0
txn_000248,2026-06-15T19:52:00,855.89,wallet,other,bank_server_down,1,5,0,0.762,1,0,1
txn_000249,2026-06-13T01:02:00,1576.41,card,axis,risk_block,1,8,0,1.0,180,1,1
txn_000250,2026-06-23T22:29:00,60.51,upi,axis,invalid_otp,2,9,0,0.653,720,0,1
txn_000251,2026-06-10T20:09:00,781.03,netbanking,idfc,insufficient_funds,2,21,0,0.471,15,0,1
txn_000252,2026-06-06T04:01:00,4516.56,netbanking,kotak,network_timeout,3,8,0,0.645,60,0,0
txn_000253,2026-07-23T01:38:00,2261.59,wallet,yesbank,issuer_declined,1,20,0,0.89,180,0,1
txn_000254,2026-07-21T19:30:00,1758.3,netbanking,axis,issuer_declined,2,15,0,0.334,720,0,0
txn_000255,2026-06-21T07:52:00,258.0,upi,other,insufficient_funds,1,17,0,0.643,1,0,1
txn_000256,2026-07-27T11:50:00,1499.69,netbanking,idfc,issuer_declined,1,8,0,0.769,180,0,0
txn_000257,2026-07-22T19:52:00,2041.75,card,icici,insufficient_funds,2,9,0,1.0,15,0,1
txn_000258,2026-06-20T01:24:00,196.64,wallet,sbi,risk_block,2,2,0,0.846,1,1,0
txn_000259,2026-06-04T10:24:00,612.05,card,sbi,issuer_declined,1,2,1,0.529,30,0,0
txn_000260,2026-07-16T19:33:00,706.01,netbanking,hdfc,card_expired,1,0,0,0.656,5,0,0
txn_000261,2026-07-02T04:42:00,1588.89,card,icici,invalid_otp,1,9,0,0.509,180,0,0
txn_000262,2026-06-16T09:09:00,1170.49,wallet,yesbank,gateway_error,1,12,1,0.857,1,0,1
txn_000263,2026-06-11T12:56:00,1728.13,upi,idfc,insufficient_funds,1,17,0,0.811,720,0,1
txn_000264,2026-06-25T13:46:00,788.21,wallet,icici,network_timeout,2,4,1,0.929,1,0,0
txn_000265,2026-06-24T22:31:00,1335.56,card,idfc,invalid_otp,1,23,0,0.771,60,0,1
txn_000266,2026-06-09T02:25:00,1146.89,card,yesbank,issuer_declined,3,1,0,0.633,5,0,1
txn_000267,2026-06-27T10:45:00,5696.92,wallet,sbi,gateway_error,1,14,0,0.631,5,0,0
txn_000268,2026-06-25T10:07:00,1093.78,netbanking,idfc,bank_server_down,1,1,1,0.613,30,0,0
txn_000269,2026-07-30T01:25:00,1376.61,upi,yesbank,risk_block,1,12,0,0.877,30,1,0
txn_000270,2026-06-12T21:25:00,616.56,card,icici,risk_block,1,14,1,0.69,180,1,0
txn_000271,2026-07-22T10:17:00,2459.5,wallet,icici,network_timeout,1,2,1,0.635,720,0,0
txn_000272,2026-07-26T18:55:00,418.39,netbanking,icici,bank_server_down,2,15,0,0.433,60,0,1
txn_000273,2026-06-22T09:21:00,137.25,card,other,insufficient_funds,1,7,0,0.467,30,0,0
txn_000274,2026-07-20T23:31:00,141.16,wallet,other,insufficient_funds,1,10,1,0.667,30,0,1
txn_000275,2026-07-01T05:12:00,3576.11,upi,kotak,insufficient_funds,3,20,0,0.676,5,0,0
txn_000276,2026-07-05T00:46:00,1053.51,wallet,yesbank,card_expired,1,21,1,0.969,15,0,0
txn_000277,2026-07-12T14:25:00,613.84,upi,sbi,issuer_declined,1,23,0,0.621,720,0,0
txn_000278,2026-07-16T21:26:00,187.9,card,yesbank,issuer_declined,1,20,0,0.75,180,0,0
txn_000279,2026-06-16T19:20:00,706.43,wallet,hdfc,insufficient_funds,1,13,0,0.27,5,0,0
txn_000280,2026-07-07T05:09:00,390.76,card,icici,issuer_declined,1,10,0,1.0,720,0,1
txn_000281,2026-07-21T09:19:00,1296.47,netbanking,other,gateway_error,2,19,0,0.626,720,0,1
txn_000282,2026-07-28T23:16:00,925.46,card,axis,invalid_otp,1,11,0,0.586,5,0,0
txn_000283,2026-06-02T03:53:00,881.58,upi,yesbank,bank_server_down,2,21,0,0.914,720,0,1
txn_000284,2026-06-27T20:44:00,87.38,upi,idfc,card_expired,2,6,1,1.0,5,0,0
txn_000285,2026-06-27T04:21:00,1287.24,upi,yesbank,insufficient_funds,2,21,0,0.708,5,0,0
txn_000286,2026-06-21T12:43:00,2456.15,upi,idfc,invalid_otp,2,17,1,0.837,720,0,0
txn_000287,2026-07-21T15:54:00,414.81,netbanking,axis,gateway_error,3,21,1,0.711,1,0,1
txn_000288,2026-06-29T22:22:00,4946.77,card,kotak,bank_server_down,2,20,0,0.46,15,0,1
txn_000289,2026-06-27T17:19:00,1264.72,card,icici,card_expired,1,17,0,0.745,15,0,0
txn_000290,2026-07-05T17:07:00,218.83,wallet,hdfc,insufficient_funds,2,7,0,0.354,180,0,0
txn_000291,2026-06-27T23:34:00,125.95,upi,idfc,gateway_error,2,0,0,0.465,30,0,1
txn_000292,2026-06-20T09:41:00,1103.57,card,yesbank,risk_block,2,5,0,0.445,5,1,0
txn_000293,2026-06-17T04:49:00,341.41,wallet,icici,risk_block,1,2,0,0.546,1,1,0
txn_000294,2026-07-27T06:48:00,2463.32,upi,axis,issuer_declined,1,14,0,1.0,60,0,1
txn_000295,2026-06-03T19:19:00,387.56,upi,icici,insufficient_funds,1,9,0,1.0,30,0,1
txn_000296,2026-07-29T23:26:00,6576.28,card,sbi,network_timeout,2,17,0,0.596,720,0,1
txn_000297,2026-07-17T15:41:00,986.41,upi,sbi,network_timeout,2,2,0,0.871,30,0,0
txn_000298,2026-07-21T00:45:00,893.52,card,axis,insufficient_funds,2,3,1,0.954,60,0,0
txn_000299,2026-07-12T00:27:00,641.54,upi,kotak,insufficient_funds,1,4,0,0.703,5,0,1
txn_000300,2026-07-10T16:43:00,808.07,netbanking,sbi,bank_server_down,1,10,0,0.584,180,0,1
txn_000301,2026-06-08T11:04:00,1104.31,netbanking,sbi,bank_server_down,1,15,0,0.633,5,0,1
txn_000302,2026-07-20T11:13:00,105.3,card,axis,risk_block,1,0,0,0.737,1,1,0
txn_000303,2026-06-01T23:08:00,480.1,wallet,sbi,risk_block,1,18,0,0.487,30,1,0
txn_000304,2026-07-15T09:16:00,587.79,card,sbi,invalid_otp,3,18,0,0.7,15,0,1
txn_000305,2026-07-30T00:43:00,146.28,netbanking,yesbank,bank_server_down,1,16,0,0.504,1,0,1
txn_000306,2026-06-21T06:55:00,939.37,netbanking,kotak,bank_server_down,1,12,0,0.503,60,0,1
txn_000307,2026-06-20T06:03:00,634.05,netbanking,yesbank,card_expired,2,19,1,0.586,60,0,0
txn_000308,2026-07-24T18:36:00,1904.1,card,yesbank,insufficient_funds,2,21,1,0.677,30,0,0
txn_000309,2026-06-17T09:17:00,381.97,wallet,hdfc,insufficient_funds,2,18,1,0.973,1,0,1
txn_000310,2026-06-17T13:19:00,170.85,wallet,hdfc,card_expired,1,15,0,0.851,720,0,0
txn_000311,2026-07-16T21:47:00,1265.98,netbanking,sbi,invalid_otp,1,14,0,0.643,1,0,1
txn_000312,2026-06-01T02:37:00,3105.04,card,icici,invalid_otp,1,17,0,0.615,60,0,1
txn_000313,2026-07-23T10:33:00,515.06,wallet,idfc,risk_block,3,16,0,0.38,15,1,0
txn_000314,2026-06-01T15:32:00,628.79,card,kotak,insufficient_funds,2,2,1,0.611,180,0,0
txn_000315,2026-07-09T13:17:00,494.33,upi,hdfc,card_expired,1,10,0,0.483,15,0,0
txn_000316,2026-07-07T05:43:00,1510.2,netbanking,idfc,card_expired,1,17,0,0.576,15,0,0
txn_000317,2026-06-05T17:42:00,475.72,upi,axis,issuer_declined,1,5,1,0.801,60,0,0
txn_000318,2026-07-07T11:13:00,2110.32,upi,icici,insufficient_funds,1,19,0,0.734,1,0,0
txn_000319,2026-07-17T22:48:00,1066.23,netbanking,hdfc,invalid_otp,3,6,0,0.589,720,0,0
txn_000320,2026-07-18T03:01:00,308.82,card,hdfc,invalid_otp,1,5,1,0.48,30,0,1
txn_000321,2026-07-12T09:26:00,936.1,upi,icici,insufficient_funds,1,17,0,0.877,60,0,0
txn_000322,2026-07-23T07:52:00,192.1,upi,kotak,gateway_error,1,17,1,1.0,15,0,0
txn_000323,2026-06-24T11:12:00,1116.78,wallet,idfc,bank_server_down,1,10,0,0.462,1,0,1
txn_000324,2026-07-02T03:05:00,1744.13,card,axis,insufficient_funds,1,11,0,0.795,1,0,1
txn_000325,2026-06-22T09:03:00,424.33,card,other,insufficient_funds,3,18,1,0.541,30,0,0
txn_000326,2026-07-20T06:52:00,1782.17,netbanking,axis,issuer_declined,1,3,1,0.944,1,0,0
txn_000327,2026-07-23T11:44:00,1041.64,wallet,yesbank,gateway_error,1,18,0,1.0,15,0,1
txn_000328,2026-06-20T04:23:00,84.41,wallet,other,insufficient_funds,1,5,0,0.547,1,0,1
txn_000329,2026-07-09T14:07:00,100.45,upi,yesbank,network_timeout,1,5,0,0.449,15,0,1
txn_000330,2026-06-22T11:07:00,1682.76,netbanking,yesbank,insufficient_funds,3,5,0,0.576,180,0,0
txn_000331,2026-06-05T08:13:00,196.46,wallet,axis,card_expired,2,20,0,0.757,60,0,0
txn_000332,2026-06-24T10:59:00,323.75,card,hdfc,network_timeout,2,20,1,0.708,60,0,1
txn_000333,2026-06-30T14:10:00,276.72,wallet,icici,bank_server_down,1,19,1,0.647,720,0,1
txn_000334,2026-07-26T17:36:00,2181.94,wallet,other,invalid_otp,3,9,0,0.914,15,0,0
txn_000335,2026-07-04T01:20:00,291.07,upi,icici,card_expired,2,10,0,0.562,30,0,0
txn_000336,2026-07-14T01:41:00,263.88,wallet,idfc,issuer_declined,2,8,0,0.826,1,0,1
txn_000337,2026-06-12T12:09:00,93.96,upi,idfc,card_expired,2,2,0,0.665,15,0,0
txn_000338,2026-07-20T02:05:00,170.05,card,hdfc,insufficient_funds,1,10,0,1.0,60,0,0
txn_000339,2026-06-24T15:33:00,752.06,wallet,idfc,insufficient_funds,1,9,0,0.732,15,0,1
txn_000340,2026-06-01T19:57:00,797.94,upi,hdfc,insufficient_funds,1,4,0,1.0,720,0,0
txn_000341,2026-07-05T10:32:00,2297.49,netbanking,axis,issuer_declined,1,6,0,0.626,180,0,0
txn_000342,2026-06-18T02:41:00,1084.9,upi,idfc,bank_server_down,2,19,0,0.649,720,0,1
txn_000343,2026-07-19T16:39:00,222.85,card,sbi,risk_block,2,19,0,0.544,5,1,0
txn_000344,2026-07-16T08:45:00,144.13,upi,kotak,insufficient_funds,1,23,1,0.859,30,0,1
txn_000345,2026-06-23T18:18:00,85.84,wallet,hdfc,gateway_error,2,4,1,0.923,5,0,0
txn_000346,2026-06-15T10:29:00,77.88,upi,icici,issuer_declined,3,3,0,0.422,15,0,0
txn_000347,2026-06-30T12:54:00,183.49,upi,icici,invalid_otp,1,6,0,0.451,5,0,0
txn_000348,2026-06-15T08:29:00,512.98,netbanking,icici,insufficient_funds,2,1,0,0.676,720,0,1
txn_000349,2026-07-10T22:23:00,4112.86,netbanking,hdfc,network_timeout,1,4,0,0.451,15,0,0
txn_000350,2026-07-20T11:33:00,488.18,upi,idfc,issuer_declined,1,1,0,0.634,5,0,0
txn_000351,2026-06-01T01:34:00,3747.38,wallet,kotak,bank_server_down,1,17,1,0.369,60,0,1
txn_000352,2026-06-18T06:46:00,4448.47,wallet,sbi,issuer_declined,1,11,0,0.667,60,0,0
txn_000353,2026-06-03T20:19:00,911.33,wallet,sbi,card_expired,1,20,0,0.688,5,0,0
txn_000354,2026-06-07T10:49:00,113.86,wallet,axis,insufficient_funds,1,12,0,0.674,15,0,1
txn_000355,2026-07-27T03:42:00,562.88,card,other,insufficient_funds,3,11,0,0.554,180,0,1
txn_000356,2026-06-17T06:48:00,217.95,upi,icici,bank_server_down,1,3,0,0.811,5,0,1
txn_000357,2026-07-16T22:31:00,2179.2,wallet,icici,card_expired,2,21,0,0.81,5,0,0
txn_000358,2026-07-21T02:00:00,2013.02,card,other,bank_server_down,2,20,0,0.52,5,0,1
txn_000359,2026-06-28T11:22:00,3218.87,netbanking,yesbank,gateway_error,1,12,1,0.712,5,0,0
txn_000360,2026-07-03T08:56:00,4712.57,card,axis,insufficient_funds,1,8,0,0.485,1,0,1
txn_000361,2026-06-30T13:18:00,1772.51,netbanking,yesbank,insufficient_funds,1,8,0,0.359,180,0,1
txn_000362,2026-06-08T03:26:00,4817.92,card,other,issuer_declined,1,18,0,0.685,720,0,0
txn_000363,2026-07-28T13:02:00,2361.22,netbanking,yesbank,issuer_declined,1,3,0,0.564,1,0,0
txn_000364,2026-07-25T04:05:00,303.79,netbanking,hdfc,network_timeout,1,10,0,1.0,30,0,0
txn_000365,2026-07-07T06:35:00,364.59,upi,axis,card_expired,1,4,1,0.663,30,0,0
txn_000366,2026-06-25T05:38:00,635.94,card,sbi,card_expired,1,12,0,0.477,5,0,0
txn_000367,2026-07-02T19:58:00,191.16,netbanking,icici,issuer_declined,1,11,0,0.683,15,0,1
txn_000368,2026-06-23T02:56:00,151.04,wallet,sbi,invalid_otp,1,7,1,0.739,1,0,0
txn_000369,2026-07-14T23:11:00,175.23,card,kotak,gateway_error,2,0,0,0.78,720,0,1
txn_000370,2026-07-13T07:43:00,55.8,card,hdfc,invalid_otp,1,16,1,0.645,60,0,1
txn_000371,2026-07-05T15:39:00,498.51,upi,icici,invalid_otp,1,21,0,0.611,30,0,1
txn_000372,2026-07-19T04:31:00,619.03,upi,yesbank,card_expired,1,2,1,0.279,1,0,0
txn_000373,2026-07-06T05:47:00,1140.88,wallet,idfc,bank_server_down,3,9,1,0.354,180,0,1
txn_000374,2026-06-21T16:49:00,302.85,upi,kotak,risk_block,1,12,0,0.344,60,1,0
txn_000375,2026-07-18T16:16:00,329.06,card,idfc,network_timeout,1,6,0,0.666,5,0,1
txn_000376,2026-06-14T05:53:00,1309.64,wallet,sbi,gateway_error,1,5,0,0.815,15,0,0
txn_000377,2026-06-12T23:21:00,2319.91,netbanking,idfc,issuer_declined,2,23,0,0.866,720,0,1
txn_000378,2026-07-30T03:00:00,842.55,netbanking,axis,insufficient_funds,2,0,0,0.486,60,0,0
txn_000379,2026-06-19T11:05:00,627.02,wallet,other,network_timeout,2,7,1,0.878,30,0,1
txn_000380,2026-07-05T14:56:00,2587.08,upi,sbi,issuer_declined,2,10,0,0.409,60,0,0
txn_000381,2026-07-17T23:29:00,714.12,wallet,hdfc,issuer_declined,1,1,0,0.162,1,0,0
txn_000382,2026-06-13T22:43:00,345.63,upi,axis,issuer_declined,1,9,0,0.804,1,0,0
txn_000383,2026-07-12T07:04:00,1068.24,wallet,icici,network_timeout,2,18,0,0.856,30,0,1
txn_000384,2026-07-28T17:09:00,211.84,card,other,invalid_otp,2,20,0,0.7,1,0,0
txn_000385,2026-06-05T16:05:00,459.61,wallet,sbi,bank_server_down,1,5,0,0.659,720,0,1
txn_000386,2026-07-20T11:17:00,408.91,netbanking,other,network_timeout,1,4,0,0.723,30,0,0
txn_000387,2026-07-28T05:16:00,138.52,wallet,axis,issuer_declined,1,14,0,0.599,60,0,0
txn_000388,2026-06-17T05:23:00,476.57,card,hdfc,card_expired,2,1,0,0.585,1,0,0
txn_000389,2026-06-27T15:42:00,505.91,netbanking,sbi,insufficient_funds,2,9,0,0.864,720,0,0
txn_000390,2026-06-08T23:31:00,383.84,upi,kotak,network_timeout,2,6,0,0.97,180,0,1
txn_000391,2026-07-28T12:18:00,898.3,netbanking,idfc,network_timeout,2,16,0,0.968,30,0,1
txn_000392,2026-06-20T07:51:00,869.92,card,axis,network_timeout,3,6,0,0.565,60,0,0
txn_000393,2026-07-22T18:49:00,404.58,card,kotak,insufficient_funds,1,9,0,1.0,15,0,1
txn_000394,2026-07-01T12:03:00,3071.22,upi,sbi,invalid_otp,2,15,0,0.441,720,0,1
txn_000395,2026-07-03T04:26:00,1640.15,wallet,hdfc,network_timeout,1,23,0,0.981,15,0,1
txn_000396,2026-06-29T01:27:00,1759.87,card,kotak,insufficient_funds,2,12,0,0.541,60,0,1
txn_000397,2026-06-04T09:41:00,414.81,netbanking,hdfc,issuer_declined,2,7,0,0.641,5,0,1
txn_000398,2026-06-14T01:01:00,703.65,upi,other,issuer_declined,1,16,1,0.315,15,0,0
txn_000399,2026-06-05T04:47:00,138.5,upi,sbi,issuer_declined,3,3,1,0.616,1,0,0
txn_000400,2026-06-25T19:37:00,822.85,netbanking,hdfc,insufficient_funds,1,6,0,0.691,30,0,0
txn_000401,2026-06-07T11:37:00,687.76,netbanking,icici,insufficient_funds,1,11,0,1.0,60,0,1
txn_000402,2026-07-03T08:52:00,523.03,netbanking,other,bank_server_down,1,12,1,0.402,180,0,1
txn_000403,2026-06-21T08:53:00,617.35,card,icici,bank_server_down,1,22,0,0.594,30,0,1
txn_000404,2026-07-02T23:44:00,337.65,netbanking,yesbank,insufficient_funds,2,21,0,0.615,1,0,0
txn_000405,2026-06-28T11:59:00,2388.11,card,kotak,network_timeout,1,4,0,0.699,60,0,1
txn_000406,2026-07-10T15:02:00,346.44,wallet,idfc,card_expired,1,5,0,0.522,60,0,0
txn_000407,2026-06-09T21:19:00,102.8,netbanking,axis,card_expired,1,23,0,0.453,30,0,0
txn_000408,2026-07-28T21:39:00,1516.91,card,kotak,issuer_declined,1,15,0,0.742,60,0,0
txn_000409,2026-06-28T17:17:00,586.84,card,sbi,issuer_declined,1,19,0,0.647,60,0,0
txn_000410,2026-07-03T16:46:00,1022.23,wallet,yesbank,gateway_error,1,4,0,1.0,1,0,0
txn_000411,2026-07-14T05:22:00,124.23,netbanking,hdfc,insufficient_funds,2,12,0,0.542,5,0,0
txn_000412,2026-06-13T08:36:00,1420.21,wallet,yesbank,insufficient_funds,1,21,1,0.654,30,0,0
txn_000413,2026-06-01T16:13:00,5740.78,wallet,other,insufficient_funds,1,14,0,0.542,5,0,0
txn_000414,2026-06-08T06:54:00,459.09,card,kotak,card_expired,1,11,1,0.529,60,0,0
txn_000415,2026-07-20T01:53:00,711.31,netbanking,other,insufficient_funds,1,19,1,0.693,1,0,0
txn_000416,2026-06-27T19:36:00,3421.94,netbanking,hdfc,issuer_declined,1,0,0,0.401,30,0,0
txn_000417,2026-07-27T19:50:00,1775.27,upi,kotak,bank_server_down,1,1,0,0.458,15,0,0
txn_000418,2026-06-14T18:09:00,1360.95,wallet,icici,insufficient_funds,2,19,1,0.817,5,0,0
txn_000419,2026-06-15T00:44:00,147.57,netbanking,sbi,invalid_otp,1,15,1,1.0,5,0,1
txn_000420,2026-06-11T13:23:00,274.97,wallet,idfc,issuer_declined,1,20,1,0.756,15,0,0
txn_000421,2026-06-02T01:54:00,610.55,wallet,idfc,insufficient_funds,2,17,1,0.6,60,0,0
txn_000422,2026-06-25T14:32:00,953.24,wallet,idfc,bank_server_down,3,17,0,0.313,720,0,1
txn_000423,2026-06-17T09:02:00,1073.18,upi,kotak,bank_server_down,2,21,0,0.608,15,0,1
txn_000424,2026-06-20T17:39:00,583.66,upi,hdfc,bank_server_down,1,9,1,0.67,60,0,1
txn_000425,2026-06-24T01:25:00,92.35,upi,icici,gateway_error,2,12,0,0.242,1,0,0
txn_000426,2026-06-06T16:17:00,2002.85,upi,other,bank_server_down,2,13,0,0.739,720,0,1
txn_000427,2026-06-10T20:52:00,58.14,netbanking,hdfc,network_timeout,1,5,0,0.967,5,0,1
txn_000428,2026-06-02T16:59:00,846.09,wallet,axis,insufficient_funds,1,14,0,0.953,15,0,0
txn_000429,2026-06-07T09:08:00,153.02,card,hdfc,risk_block,1,12,0,0.936,30,1,0
txn_000430,2026-07-19T15:54:00,615.11,upi,idfc,card_expired,1,11,0,1.0,180,0,1
txn_000431,2026-07-03T16:49:00,404.48,netbanking,icici,risk_block,1,17,1,0.832,1,1,0
txn_000432,2026-07-19T14:24:00,286.56,wallet,axis,network_timeout,1,23,0,0.448,180,0,1
txn_000433,2026-06-13T21:18:00,1191.47,wallet,hdfc,gateway_error,1,21,0,0.712,1,0,1
txn_000434,2026-06-09T20:32:00,4981.2,upi,other,network_timeout,1,7,0,0.75,15,0,1
txn_000435,2026-07-07T14:12:00,1301.24,card,icici,network_timeout,2,15,0,0.844,15,0,1
txn_000436,2026-07-10T22:16:00,2265.08,card,yesbank,bank_server_down,1,10,1,0.726,15,0,1
txn_000437,2026-06-26T19:49:00,1727.34,upi,sbi,bank_server_down,1,0,0,1.0,180,0,1
txn_000438,2026-07-16T12:01:00,142.66,wallet,sbi,network_timeout,1,16,0,0.86,60,0,1
txn_000439,2026-07-28T00:31:00,377.93,upi,kotak,invalid_otp,2,16,0,1.0,60,0,1
txn_000440,2026-07-12T05:54:00,627.27,netbanking,hdfc,invalid_otp,1,21,0,0.63,15,0,1
txn_000441,2026-06-21T22:34:00,685.58,upi,sbi,insufficient_funds,1,7,0,0.659,180,0,0
txn_000442,2026-07-12T09:56:00,2034.0,netbanking,axis,issuer_declined,1,7,1,0.922,5,0,0
txn_000443,2026-06-11T02:43:00,602.47,netbanking,sbi,insufficient_funds,1,11,0,0.934,1,0,1
txn_000444,2026-07-21T07:30:00,258.47,wallet,idfc,risk_block,2,9,0,0.542,5,1,0
txn_000445,2026-06-23T13:23:00,2486.98,upi,idfc,risk_block,2,6,0,0.661,180,1,0
txn_000446,2026-06-09T22:04:00,565.47,card,sbi,bank_server_down,1,15,0,0.541,720,0,1
txn_000447,2026-06-28T17:55:00,743.79,card,icici,network_timeout,1,23,0,0.627,1,0,1
txn_000448,2026-06-01T02:58:00,3556.64,wallet,hdfc,insufficient_funds,1,4,0,0.768,30,0,0
txn_000449,2026-06-08T08:51:00,2024.24,upi,idfc,risk_block,2,1,0,0.632,60,1,0
txn_000450,2026-07-29T23:57:00,905.97,netbanking,hdfc,invalid_otp,1,11,0,0.535,15,0,1
txn_000451,2026-06-21T12:28:00,238.41,upi,axis,card_expired,1,17,1,0.964,180,0,0
txn_000452,2026-07-19T12:02:00,424.54,netbanking,idfc,bank_server_down,1,11,0,0.828,60,0,1
txn_000453,2026-06-14T16:46:00,610.07,wallet,yesbank,risk_block,3,5,0,0.844,180,1,0
txn_000454,2026-06-22T03:31:00,405.08,upi,kotak,risk_block,1,4,0,0.717,5,1,0
txn_000455,2026-06-13T00:15:00,1023.98,netbanking,idfc,issuer_declined,2,10,0,0.472,30,0,0
txn_000456,2026-07-27T07:25:00,1347.46,netbanking,sbi,risk_block,2,11,0,0.898,30,1,0
txn_000457,2026-06-17T19:02:00,1979.91,netbanking,sbi,gateway_error,1,4,1,0.981,30,0,1
txn_000458,2026-06-30T03:31:00,12.6,upi,yesbank,insufficient_funds,3,17,0,0.526,5,0,0
txn_000459,2026-07-14T14:21:00,620.59,netbanking,kotak,insufficient_funds,2,18,0,0.659,15,0,0
txn_000460,2026-06-26T07:08:00,363.13,card,icici,gateway_error,1,7,0,0.989,60,0,1
txn_000461,2026-07-09T22:11:00,2930.12,upi,other,insufficient_funds,2,15,0,1.0,15,0,1
txn_000462,2026-06-27T06:31:00,355.49,netbanking,hdfc,bank_server_down,1,14,0,0.69,30,0,1
txn_000463,2026-07-24T18:21:00,128.05,wallet,idfc,insufficient_funds,1,2,1,0.963,15,0,1
txn_000464,2026-07-05T17:59:00,90.36,upi,hdfc,issuer_declined,1,13,1,0.316,5,0,0
txn_000465,2026-06-28T07:43:00,1591.92,wallet,hdfc,bank_server_down,1,18,0,0.675,1,0,1
txn_000466,2026-06-07T01:45:00,9944.38,wallet,icici,gateway_error,3,13,1,0.691,720,0,1
txn_000467,2026-06-24T14:58:00,1702.62,netbanking,other,invalid_otp,3,20,0,0.8,180,0,0
txn_000468,2026-06-27T13:08:00,40.59,upi,sbi,insufficient_funds,1,4,0,0.537,15,0,1
txn_000469,2026-06-28T09:42:00,1231.03,upi,axis,card_expired,1,3,0,0.643,720,0,0
txn_000470,2026-06-15T20:08:00,735.23,netbanking,icici,bank_server_down,1,4,1,0.559,15,0,0
txn_000471,2026-06-07T22:53:00,950.18,card,axis,insufficient_funds,2,16,0,0.614,30,0,0
txn_000472,2026-06-28T17:35:00,628.83,card,hdfc,insufficient_funds,1,11,1,0.963,15,0,1
txn_000473,2026-06-11T04:03:00,67.25,upi,axis,insufficient_funds,1,22,1,0.775,180,0,0
txn_000474,2026-06-12T06:25:00,2072.85,wallet,idfc,insufficient_funds,3,1,0,0.883,1,0,0
txn_000475,2026-07-16T13:39:00,265.79,card,axis,gateway_error,2,2,1,0.675,15,0,1
txn_000476,2026-06-09T23:34:00,110.69,card,icici,issuer_declined,2,0,0,0.84,720,0,0
txn_000477,2026-07-08T02:22:00,1052.41,wallet,yesbank,gateway_error,1,21,0,0.6,5,0,1
txn_000478,2026-07-06T00:34:00,581.74,netbanking,icici,insufficient_funds,2,15,0,0.666,15,0,0
txn_000479,2026-06-02T03:55:00,277.89,netbanking,other,bank_server_down,1,13,1,0.843,180,0,1
txn_000480,2026-06-16T08:34:00,441.56,wallet,icici,gateway_error,1,21,1,0.503,1,0,0
txn_000481,2026-07-29T14:28:00,525.61,card,yesbank,insufficient_funds,1,13,0,0.66,15,0,0
txn_000482,2026-06-07T05:02:00,196.34,netbanking,other,gateway_error,1,3,1,0.646,1,0,0
txn_000483,2026-07-13T10:02:00,333.48,upi,sbi,network_timeout,2,4,0,0.739,60,0,0
txn_000484,2026-06-29T15:09:00,678.43,wallet,other,insufficient_funds,3,17,0,0.928,1,0,0
txn_000485,2026-07-15T15:37:00,2600.72,wallet,other,risk_block,1,22,1,0.644,720,1,1
txn_000486,2026-06-26T21:21:00,764.52,wallet,other,invalid_otp,1,1,0,0.992,15,0,0
txn_000487,2026-07-03T12:40:00,219.78,upi,hdfc,bank_server_down,2,23,0,0.582,30,0,1
txn_000488,2026-06-30T16:24:00,171.85,upi,axis,network_timeout,2,18,1,0.787,5,0,1
txn_000489,2026-06-10T02:34:00,156.25,wallet,idfc,insufficient_funds,1,18,1,0.561,1,0,0
txn_000490,2026-06-07T20:32:00,643.73,card,yesbank,invalid_otp,2,21,0,0.58,30,0,0
txn_000491,2026-07-24T20:56:00,354.01,card,kotak,risk_block,1,18,0,0.716,720,1,0
txn_000492,2026-07-08T17:04:00,538.75,upi,other,bank_server_down,1,2,0,0.791,60,0,1
txn_000493,2026-06-25T09:18:00,4588.92,wallet,sbi,network_timeout,1,16,0,0.838,180,0,1
txn_000494,2026-06-06T20:44:00,710.6,wallet,hdfc,gateway_error,2,4,1,0.758,30,0,1
txn_000495,2026-06-29T06:23:00,3736.2,wallet,kotak,invalid_otp,1,8,0,0.728,1,0,1
txn_000496,2026-06-04T20:15:00,887.06,wallet,idfc,network_timeout,1,5,1,0.76,60,0,1
txn_000497,2026-06-13T19:03:00,403.33,wallet,hdfc,gateway_error,1,2,0,0.529,1,0,1
txn_000498,2026-06-22T11:24:00,660.26,upi,kotak,bank_server_down,2,19,1,0.593,30,0,1
txn_000499,2026-06-11T06:46:00,258.76,card,sbi,gateway_error,1,8,0,0.524,15,0,0
txn_000500,2026-06-05T23:26:00,267.93,wallet,other,bank_server_down,3,9,1,0.418,180,0,0
txn_000501,2026-06-01T17:11:00,768.2,card,kotak,invalid_otp,2,22,0,1.0,720,0,1
txn_000502,2026-06-25T22:38:00,1325.3,wallet,kotak,gateway_error,2,5,0,0.968,30,0,0
txn_000503,2026-07-20T20:31:00,385.11,wallet,other,risk_block,2,3,0,0.534,60,1,0
txn_000504,2026-07-23T09:52:00,2639.92,wallet,hdfc,issuer_declined,2,5,0,0.853,180,0,1
txn_000505,2026-06-13T03:39:00,1841.02,card,axis,insufficient_funds,2,20,0,0.581,15,0,0
txn_000506,2026-07-21T20:07:00,251.84,netbanking,kotak,bank_server_down,1,5,0,0.852,1,0,0
txn_000507,2026-06-11T16:21:00,1050.37,card,icici,invalid_otp,2,12,0,1.0,5,0,0
txn_000508,2026-07-05T18:39:00,2254.84,wallet,other,insufficient_funds,1,7,0,0.946,15,0,0
txn_000509,2026-07-04T15:29:00,1181.86,card,axis,insufficient_funds,1,13,0,0.865,30,0,0
txn_000510,2026-06-06T08:20:00,224.4,wallet,icici,invalid_otp,1,21,1,0.481,1,0,1
txn_000511,2026-07-21T22:22:00,1388.96,card,other,insufficient_funds,1,1,1,0.316,180,0,0
txn_000512,2026-06-29T12:20:00,194.73,card,kotak,insufficient_funds,1,10,0,0.619,5,0,1
txn_000513,2026-06-14T18:26:00,1625.85,card,other,insufficient_funds,1,8,0,0.886,30,0,0
txn_000514,2026-07-22T01:12:00,215.14,wallet,hdfc,card_expired,1,5,0,1.0,1,0,0
txn_000515,2026-06-01T09:00:00,1553.03,wallet,icici,network_timeout,2,5,0,0.448,5,0,1
txn_000516,2026-07-05T00:03:00,1905.33,card,idfc,card_expired,2,15,0,1.0,180,0,1
txn_000517,2026-07-12T05:48:00,4158.77,upi,yesbank,invalid_otp,1,14,0,0.622,1,0,0
txn_000518,2026-07-07T07:26:00,87.43,card,axis,bank_server_down,3,23,1,0.572,5,0,1
txn_000519,2026-06-29T05:25:00,467.74,card,sbi,insufficient_funds,2,20,0,0.889,30,0,0
txn_000520,2026-07-09T11:02:00,4271.89,card,yesbank,gateway_error,1,16,1,0.599,60,0,1
txn_000521,2026-07-18T23:51:00,872.96,card,idfc,issuer_declined,1,16,0,0.769,5,0,0
txn_000522,2026-06-27T21:29:00,623.2,upi,kotak,invalid_otp,3,15,0,0.652,5,0,0
txn_000523,2026-07-16T19:47:00,700.46,upi,hdfc,card_expired,2,13,1,0.581,15,0,0
txn_000524,2026-07-02T01:39:00,152.93,wallet,sbi,insufficient_funds,1,22,0,0.434,60,0,0
txn_000525,2026-06-16T15:09:00,63.49,card,axis,gateway_error,2,19,1,0.685,30,0,1
txn_000526,2026-06-28T13:09:00,967.38,wallet,idfc,invalid_otp,2,19,0,0.533,180,0,1
txn_000527,2026-07-20T00:33:00,1049.11,card,hdfc,insufficient_funds,2,0,1,0.594,180,0,0
txn_000528,2026-07-11T21:58:00,210.94,netbanking,other,insufficient_funds,1,3,1,0.569,30,0,1
txn_000529,2026-07-23T16:06:00,1463.4,card,kotak,invalid_otp,1,1,0,0.842,30,0,0
txn_000530,2026-07-19T02:06:00,635.29,netbanking,hdfc,invalid_otp,3,18,0,1.0,5,0,0
txn_000531,2026-06-27T05:10:00,191.4,netbanking,icici,insufficient_funds,2,15,1,0.588,30,0,1
txn_000532,2026-06-27T16:55:00,524.68,wallet,yesbank,issuer_declined,1,18,0,0.412,180,0,0
txn_000533,2026-06-08T20:17:00,4549.64,wallet,idfc,issuer_declined,1,23,0,0.837,5,0,1
txn_000534,2026-06-02T15:36:00,157.84,card,sbi,invalid_otp,3,3,0,0.574,60,0,1
txn_000535,2026-07-15T06:28:00,996.81,netbanking,yesbank,bank_server_down,1,16,1,0.469,1,0,1
txn_000536,2026-06-05T14:08:00,6069.57,netbanking,yesbank,bank_server_down,1,17,1,0.632,180,0,1
txn_000537,2026-07-03T22:00:00,2867.62,wallet,other,gateway_error,1,3,0,0.942,720,0,1
txn_000538,2026-07-08T20:13:00,1782.06,netbanking,other,insufficient_funds,1,3,1,0.763,5,0,0
txn_000539,2026-06-23T08:11:00,2209.25,upi,axis,issuer_declined,1,9,0,0.487,15,0,0
txn_000540,2026-06-01T21:43:00,201.14,wallet,axis,insufficient_funds,3,13,0,0.419,1,0,0
txn_000541,2026-06-06T06:17:00,399.43,upi,icici,issuer_declined,1,5,0,1.0,5,0,0
txn_000542,2026-07-19T00:58:00,372.61,netbanking,idfc,gateway_error,2,17,0,0.648,720,0,1
txn_000543,2026-07-07T19:39:00,585.37,card,idfc,invalid_otp,2,17,0,0.548,720,0,0
txn_000544,2026-07-21T05:23:00,178.94,netbanking,icici,issuer_declined,2,23,0,0.473,5,0,1
txn_000545,2026-07-17T04:38:00,736.31,netbanking,sbi,bank_server_down,3,9,0,0.774,15,0,1
txn_000546,2026-07-28T03:19:00,530.46,upi,icici,bank_server_down,3,0,0,0.925,60,0,0
txn_000547,2026-07-24T00:12:00,213.23,card,yesbank,invalid_otp,1,22,0,0.485,1,0,1
txn_000548,2026-07-16T09:42:00,613.44,netbanking,other,insufficient_funds,1,11,0,0.396,720,0,1
txn_000549,2026-07-19T03:55:00,1408.01,wallet,other,invalid_otp,1,5,1,0.695,180,0,1
txn_000550,2026-06-27T08:37:00,545.48,card,other,insufficient_funds,3,17,0,0.555,1,0,0
txn_000551,2026-07-15T11:47:00,323.05,card,icici,insufficient_funds,1,4,1,1.0,15,0,1
txn_000552,2026-07-26T03:11:00,2208.78,netbanking,icici,insufficient_funds,1,18,0,0.618,720,0,0
txn_000553,2026-07-06T23:45:00,2933.33,card,other,insufficient_funds,1,4,0,0.811,30,0,0
txn_000554,2026-07-29T14:39:00,2338.56,upi,other,bank_server_down,1,5,0,0.81,60,0,1
txn_000555,2026-06-19T17:35:00,4041.62,card,hdfc,card_expired,1,15,0,0.586,1,0,0
txn_000556,2026-07-19T01:13:00,2902.15,wallet,icici,bank_server_down,1,12,0,0.887,5,0,1
txn_000557,2026-06-30T14:36:00,320.03,netbanking,icici,bank_server_down,1,8,0,1.0,1,0,1
txn_000558,2026-07-25T08:10:00,490.07,upi,kotak,insufficient_funds,1,13,0,1.0,1,0,1
txn_000559,2026-06-02T16:40:00,2122.76,wallet,idfc,invalid_otp,1,10,0,0.516,5,0,0
txn_000560,2026-06-13T23:00:00,2763.35,upi,axis,bank_server_down,1,4,0,0.966,5,0,1
txn_000561,2026-06-16T05:39:00,752.14,card,axis,network_timeout,1,17,0,0.353,15,0,1
txn_000562,2026-07-19T14:44:00,2101.89,wallet,kotak,insufficient_funds,2,12,0,0.809,15,0,1
txn_000563,2026-06-29T23:20:00,530.98,netbanking,icici,card_expired,3,4,0,0.819,60,0,0
txn_000564,2026-06-01T04:28:00,187.11,netbanking,kotak,risk_block,1,10,0,0.691,180,1,0
txn_000565,2026-07-20T00:41:00,1159.06,upi,hdfc,invalid_otp,2,22,0,0.378,180,0,0
txn_000566,2026-07-04T17:19:00,151.15,wallet,icici,insufficient_funds,1,19,0,0.755,1,0,1
txn_000567,2026-07-15T20:37:00,495.3,wallet,hdfc,gateway_error,2,19,0,0.821,15,0,1
txn_000568,2026-07-22T10:34:00,147.31,card,hdfc,gateway_error,1,18,0,0.833,180,0,1
txn_000569,2026-07-12T07:37:00,1206.21,card,icici,insufficient_funds,3,21,1,0.599,180,0,0
txn_000570,2026-06-21T10:31:00,1783.54,wallet,hdfc,insufficient_funds,2,13,1,0.535,720,0,1
txn_000571,2026-06-07T18:37:00,376.08,wallet,other,insufficient_funds,1,10,1,1.0,180,0,1
txn_000572,2026-06-23T19:01:00,471.6,card,sbi,gateway_error,1,20,1,0.816,180,0,0
txn_000573,2026-06-12T08:41:00,2353.41,wallet,axis,bank_server_down,2,7,0,0.472,180,0,1
txn_000574,2026-07-10T07:22:00,81.05,upi,hdfc,insufficient_funds,1,22,1,0.909,15,0,0
txn_000575,2026-07-05T22:41:00,355.78,upi,hdfc,insufficient_funds,1,3,0,0.952,60,0,1
txn_000576,2026-06-18T14:57:00,1768.69,wallet,icici,network_timeout,1,10,0,1.0,60,0,1
txn_000577,2026-07-17T16:56:00,393.0,card,kotak,gateway_error,1,19,0,0.741,15,0,1
txn_000578,2026-07-30T20:43:00,938.31,netbanking,kotak,gateway_error,1,4,1,0.614,1,0,1
txn_000579,2026-06-18T05:39:00,721.53,upi,axis,invalid_otp,1,1,0,0.854,720,0,1
txn_000580,2026-07-16T03:22:00,3074.55,wallet,yesbank,invalid_otp,1,10,0,0.835,720,0,0
txn_000581,2026-07-07T10:29:00,1317.51,upi,axis,insufficient_funds,2,6,1,0.892,180,0,1
txn_000582,2026-06-03T16:50:00,157.53,upi,yesbank,insufficient_funds,1,17,1,0.811,720,0,1
txn_000583,2026-06-10T05:03:00,324.19,netbanking,sbi,insufficient_funds,1,5,0,0.738,720,0,1
txn_000584,2026-07-18T23:05:00,8446.98,card,idfc,insufficient_funds,1,10,0,0.743,180,0,1
txn_000585,2026-07-27T01:44:00,281.53,wallet,icici,gateway_error,1,17,0,0.275,5,0,0
txn_000586,2026-07-13T20:11:00,471.79,netbanking,sbi,invalid_otp,2,8,0,1.0,5,0,0
txn_000587,2026-07-14T23:46:00,710.07,upi,sbi,issuer_declined,1,20,0,0.595,180,0,0
txn_000588,2026-06-28T20:27:00,320.61,wallet,other,issuer_declined,1,18,0,0.893,5,0,0
txn_000589,2026-07-13T08:21:00,2472.63,wallet,sbi,network_timeout,2,17,1,0.652,5,0,1
txn_000590,2026-06-07T21:46:00,565.42,netbanking,idfc,card_expired,1,11,0,0.627,5,0,0
txn_000591,2026-06-19T05:34:00,2507.36,upi,kotak,bank_server_down,1,20,1,0.734,15,0,1
txn_000592,2026-07-20T10:28:00,88.36,netbanking,kotak,bank_server_down,1,21,0,0.634,720,0,1
txn_000593,2026-06-14T14:06:00,354.22,upi,kotak,gateway_error,2,12,0,0.722,180,0,1
txn_000594,2026-06-08T19:35:00,1133.88,card,axis,risk_block,2,7,0,0.735,30,1,0
txn_000595,2026-06-01T21:08:00,3596.14,card,idfc,bank_server_down,2,6,0,0.827,720,0,1
txn_000596,2026-06-13T15:56:00,269.88,netbanking,yesbank,network_timeout,2,12,0,0.638,60,0,1
txn_000597,2026-06-10T11:52:00,426.95,netbanking,idfc,insufficient_funds,1,6,0,0.997,15,0,1
txn_000598,2026-07-18T17:33:00,3144.07,card,hdfc,invalid_otp,1,0,1,0.879,5,0,1
txn_000599,2026-06-19T19:03:00,693.83,upi,yesbank,insufficient_funds,3,13,0,0.863,180,0,1
txn_000600,2026-06-26T01:42:00,428.08,card,kotak,insufficient_funds,1,15,1,0.67,180,0,0
txn_000601,2026-06-09T07:01:00,169.08,card,other,insufficient_funds,3,7,0,0.881,60,0,1
txn_000602,2026-07-10T07:53:00,2467.46,wallet,yesbank,bank_server_down,2,9,0,0.842,5,0,0
txn_000603,2026-06-20T18:36:00,16.47,card,icici,network_timeout,1,7,0,0.904,180,0,0
txn_000604,2026-07-05T16:38:00,365.78,wallet,icici,gateway_error,1,8,1,1.0,180,0,1
txn_000605,2026-07-20T22:03:00,546.15,wallet,axis,bank_server_down,1,3,0,0.613,30,0,1
txn_000606,2026-06-16T07:59:00,616.17,wallet,sbi,invalid_otp,1,5,1,0.855,60,0,0
txn_000607,2026-07-18T14:14:00,240.17,upi,kotak,insufficient_funds,2,6,0,0.508,1,0,0
txn_000608,2026-06-19T04:52:00,1269.05,upi,idfc,invalid_otp,2,19,1,0.769,15,0,0
txn_000609,2026-06-16T06:44:00,2678.2,wallet,hdfc,insufficient_funds,1,6,0,0.807,720,0,0
txn_000610,2026-06-20T11:00:00,755.92,upi,idfc,issuer_declined,1,10,0,0.787,30,0,1
txn_000611,2026-07-16T11:20:00,141.99,netbanking,sbi,insufficient_funds,1,8,0,0.848,15,0,0
txn_000612,2026-06-16T23:00:00,396.59,upi,sbi,gateway_error,2,10,0,0.485,180,0,1
txn_000613,2026-06-12T07:00:00,2727.54,netbanking,other,invalid_otp,1,16,0,0.211,5,0,1
txn_000614,2026-07-25T10:30:00,845.91,wallet,axis,bank_server_down,1,11,0,0.516,5,0,0
txn_000615,2026-07-01T03:40:00,241.94,wallet,yesbank,gateway_error,3,1,0,0.621,1,0,1
txn_000616,2026-07-11T06:21:00,6572.38,card,hdfc,bank_server_down,2,7,0,0.79,60,0,1
txn_000617,2026-06-19T14:27:00,243.5,upi,other,invalid_otp,3,20,0,0.807,60,0,0
txn_000618,2026-07-28T20:29:00,1232.29,upi,idfc,bank_server_down,1,23,1,0.586,60,0,1
txn_000619,2026-07-14T20:56:00,2512.35,wallet,icici,insufficient_funds,1,12,1,0.394,720,0,1
txn_000620,2026-07-26T03:52:00,4745.74,wallet,idfc,insufficient_funds,1,4,0,0.595,15,0,0
txn_000621,2026-07-06T22:07:00,1101.17,netbanking,sbi,network_timeout,2,6,1,0.696,30,0,0
txn_000622,2026-07-10T17:06:00,629.59,netbanking,idfc,gateway_error,2,18,1,0.823,60,0,1
txn_000623,2026-07-03T21:31:00,995.4,netbanking,other,gateway_error,3,1,0,0.707,1,0,0
txn_000624,2026-06-09T09:38:00,290.87,upi,sbi,invalid_otp,1,21,1,0.46,5,0,1
txn_000625,2026-07-08T11:10:00,1557.14,wallet,idfc,invalid_otp,1,13,1,1.0,30,0,1
txn_000626,2026-06-16T07:52:00,2102.32,upi,icici,issuer_declined,1,11,0,0.804,180,0,1
txn_000627,2026-06-11T00:49:00,762.31,upi,icici,issuer_declined,1,23,0,0.762,30,0,1
txn_000628,2026-07-28T22:18:00,69.64,card,sbi,network_timeout,3,6,1,0.484,60,0,1
txn_000629,2026-06-01T15:47:00,483.46,netbanking,icici,insufficient_funds,1,10,1,0.383,1,0,1
txn_000630,2026-07-26T00:16:00,48.49,upi,icici,invalid_otp,3,12,0,0.753,30,0,0
txn_000631,2026-06-13T15:21:00,521.48,netbanking,yesbank,network_timeout,2,11,0,1.0,30,0,1
txn_000632,2026-06-30T07:49:00,279.83,upi,kotak,insufficient_funds,1,21,0,0.61,180,0,0
txn_000633,2026-06-10T03:26:00,1030.8,netbanking,hdfc,insufficient_funds,2,15,0,0.904,30,0,0
txn_000634,2026-07-20T22:45:00,14374.5,netbanking,axis,issuer_declined,2,18,0,0.95,1,0,1
txn_000635,2026-06-03T15:50:00,618.16,wallet,sbi,gateway_error,2,7,1,0.673,30,0,0
txn_000636,2026-07-15T18:42:00,1267.25,netbanking,idfc,insufficient_funds,3,8,0,0.578,60,0,0
txn_000637,2026-07-10T18:33:00,1134.17,netbanking,axis,insufficient_funds,2,12,0,0.674,720,0,0
txn_000638,2026-07-06T07:55:00,211.5,card,kotak,issuer_declined,1,10,0,0.791,60,0,1
txn_000639,2026-06-28T00:25:00,81.68,netbanking,yesbank,gateway_error,1,18,1,0.504,5,0,0
txn_000640,2026-06-12T05:42:00,262.84,wallet,other,issuer_declined,2,23,0,0.641,15,0,0
txn_000641,2026-06-21T11:40:00,644.37,wallet,axis,bank_server_down,2,12,1,0.902,720,0,1
txn_000642,2026-07-09T10:49:00,7861.79,upi,sbi,issuer_declined,2,9,0,1.0,60,0,0
txn_000643,2026-07-23T19:52:00,430.35,netbanking,idfc,invalid_otp,3,9,1,0.644,1,0,1
txn_000644,2026-07-30T06:39:00,604.36,upi,kotak,risk_block,1,4,0,0.83,720,1,0
txn_000645,2026-07-25T00:17:00,999.36,upi,sbi,insufficient_funds,3,1,1,0.748,60,0,0
txn_000646,2026-07-30T22:33:00,385.26,card,idfc,network_timeout,2,12,0,0.999,30,0,1
txn_000647,2026-07-24T09:59:00,195.76,wallet,idfc,insufficient_funds,1,11,1,0.926,60,0,1
txn_000648,2026-06-30T14:28:00,996.01,wallet,kotak,card_expired,1,18,1,0.589,60,0,0
txn_000649,2026-06-19T21:12:00,835.64,card,idfc,insufficient_funds,1,16,0,0.447,720,0,0
txn_000650,2026-06-08T23:50:00,6256.37,upi,sbi,gateway_error,2,0,0,0.795,5,0,1
txn_000651,2026-07-18T06:44:00,4162.53,upi,icici,card_expired,1,11,0,1.0,5,0,0
txn_000652,2026-06-05T01:43:00,175.26,netbanking,other,gateway_error,3,10,0,0.571,5,0,0
txn_000653,2026-07-21T01:09:00,69.53,card,sbi,bank_server_down,1,4,0,0.654,60,0,1
txn_000654,2026-07-28T15:04:00,541.46,wallet,sbi,bank_server_down,3,8,0,0.804,180,0,1
txn_000655,2026-07-25T22:36:00,935.39,card,yesbank,invalid_otp,1,16,0,1.0,30,0,1
txn_000656,2026-06-21T13:11:00,802.65,netbanking,icici,bank_server_down,2,13,1,0.603,15,0,1
txn_000657,2026-07-21T04:51:00,148.35,upi,idfc,bank_server_down,2,9,0,0.873,60,0,1
txn_000658,2026-06-12T14:41:00,483.83,upi,hdfc,bank_server_down,2,23,0,0.328,30,0,1
txn_000659,2026-07-09T01:40:00,139.87,card,sbi,bank_server_down,2,8,1,1.0,5,0,1
txn_000660,2026-06-28T19:43:00,669.02,card,other,issuer_declined,2,13,0,0.848,180,0,0
txn_000661,2026-06-01T23:21:00,875.9,netbanking,icici,network_timeout,1,7,0,1.0,60,0,1
txn_000662,2026-07-09T16:22:00,614.52,wallet,sbi,gateway_error,2,21,0,0.491,720,0,0
txn_000663,2026-06-13T03:14:00,138.88,netbanking,axis,issuer_declined,2,5,0,0.579,1,0,0
txn_000664,2026-06-28T05:33:00,658.38,upi,idfc,card_expired,2,3,0,0.912,720,0,0
txn_000665,2026-07-03T09:08:00,48.96,netbanking,axis,network_timeout,2,20,0,1.0,720,0,1
txn_000666,2026-07-19T03:49:00,434.33,wallet,yesbank,insufficient_funds,1,11,0,0.664,30,0,1
txn_000667,2026-06-17T13:58:00,166.53,card,idfc,card_expired,1,4,0,0.53,15,0,0
txn_000668,2026-06-13T04:01:00,582.28,netbanking,icici,card_expired,1,23,0,0.811,5,0,0
txn_000669,2026-06-12T14:23:00,298.79,netbanking,hdfc,network_timeout,3,15,0,0.89,30,0,0
txn_000670,2026-07-25T08:21:00,1251.5,wallet,idfc,bank_server_down,2,11,0,0.746,15,0,1
txn_000671,2026-06-24T23:41:00,307.1,wallet,other,issuer_declined,1,13,1,0.569,720,0,1
txn_000672,2026-06-14T12:53:00,95.7,card,idfc,gateway_error,1,3,0,0.982,60,0,1
txn_000673,2026-06-22T01:33:00,2728.34,card,idfc,bank_server_down,2,19,1,0.542,180,0,1
txn_000674,2026-06-05T07:53:00,156.84,wallet,other,bank_server_down,1,1,0,0.685,30,0,1
txn_000675,2026-06-28T16:52:00,1039.29,upi,hdfc,insufficient_funds,3,9,0,0.823,30,0,0
txn_000676,2026-07-05T22:58:00,194.19,upi,sbi,insufficient_funds,1,11,0,0.603,15,0,1
txn_000677,2026-06-09T23:28:00,1229.1,upi,sbi,insufficient_funds,3,1,0,0.646,180,0,0
txn_000678,2026-07-22T00:05:00,88.77,netbanking,kotak,insufficient_funds,1,1,1,0.619,720,0,0
txn_000679,2026-06-25T22:53:00,878.02,netbanking,other,gateway_error,1,13,1,0.935,1,0,1
txn_000680,2026-06-16T01:34:00,92.09,card,kotak,invalid_otp,2,22,1,0.473,60,0,0
txn_000681,2026-07-16T20:36:00,514.48,wallet,idfc,network_timeout,1,5,1,0.698,720,0,1
txn_000682,2026-06-26T06:46:00,1711.8,netbanking,kotak,issuer_declined,1,8,0,0.862,1,0,0
txn_000683,2026-07-20T23:54:00,951.32,netbanking,hdfc,gateway_error,1,6,0,0.563,15,0,1
txn_000684,2026-06-02T10:09:00,1931.54,card,idfc,bank_server_down,1,1,0,0.521,15,0,1
txn_000685,2026-07-28T07:49:00,2064.02,upi,idfc,card_expired,1,20,0,0.778,15,0,0
txn_000686,2026-06-17T00:43:00,456.34,wallet,sbi,issuer_declined,3,13,0,0.825,5,0,0
txn_000687,2026-06-23T07:45:00,884.0,wallet,sbi,insufficient_funds,2,5,0,0.671,5,0,1
txn_000688,2026-06-04T23:33:00,1086.42,wallet,icici,network_timeout,1,0,0,1.0,720,0,1
txn_000689,2026-06-08T17:36:00,108.87,upi,kotak,insufficient_funds,1,0,0,0.785,720,0,1
txn_000690,2026-06-05T01:16:00,1571.06,wallet,other,insufficient_funds,1,15,1,0.62,1,0,1
txn_000691,2026-06-21T13:27:00,759.91,netbanking,icici,insufficient_funds,1,4,1,0.749,15,0,0
txn_000692,2026-06-08T17:15:00,124.97,wallet,icici,gateway_error,3,7,1,0.547,1,0,1
txn_000693,2026-06-10T11:01:00,543.22,card,sbi,risk_block,1,5,0,0.636,720,1,0
txn_000694,2026-07-14T13:09:00,1024.26,wallet,yesbank,bank_server_down,3,0,0,0.74,5,0,1
txn_000695,2026-07-08T16:16:00,2212.78,upi,idfc,issuer_declined,1,2,0,0.741,30,0,0
txn_000696,2026-07-06T00:13:00,3455.27,netbanking,sbi,invalid_otp,1,7,0,0.494,60,0,0
txn_000697,2026-06-06T10:08:00,1097.85,wallet,axis,insufficient_funds,2,0,1,0.573,5,0,0
txn_000698,2026-06-11T16:06:00,422.98,netbanking,sbi,gateway_error,3,17,0,0.738,1,0,0
txn_000699,2026-06-15T09:32:00,2828.32,card,idfc,gateway_error,2,13,0,0.679,720,0,1
txn_000700,2026-07-01T16:55:00,1340.52,netbanking,sbi,insufficient_funds,1,4,0,0.876,15,0,0
txn_000701,2026-06-24T11:43:00,1311.78,upi,kotak,network_timeout,1,5,0,0.87,30,0,1
txn_000702,2026-07-06T16:58:00,560.69,netbanking,axis,gateway_error,3,2,0,0.818,60,0,1
txn_000703,2026-06-10T12:03:00,588.33,upi,other,insufficient_funds,1,12,0,0.815,5,0,1
txn_000704,2026-06-03T22:42:00,369.78,netbanking,hdfc,insufficient_funds,1,3,1,0.727,60,0,1
txn_000705,2026-07-07T05:44:00,1180.13,upi,hdfc,bank_server_down,1,1,1,0.518,720,0,1
txn_000706,2026-07-05T18:44:00,1016.06,netbanking,idfc,card_expired,1,13,0,0.375,1,0,0
txn_000707,2026-06-13T19:43:00,88.88,upi,kotak,network_timeout,1,2,0,0.638,720,0,0
txn_000708,2026-06-22T18:20:00,593.43,card,yesbank,issuer_declined,2,9,0,0.338,720,0,0
txn_000709,2026-07-04T01:42:00,1377.28,upi,sbi,insufficient_funds,1,2,0,0.801,1,0,1
txn_000710,2026-07-15T10:37:00,1390.15,upi,sbi,bank_server_down,2,15,0,0.296,1,0,0
txn_000711,2026-07-08T14:38:00,423.53,netbanking,idfc,insufficient_funds,1,21,1,0.997,15,0,1
txn_000712,2026-06-15T09:36:00,1260.3,netbanking,hdfc,card_expired,2,23,0,0.612,1,0,0
txn_000713,2026-06-10T20:41:00,449.32,upi,axis,card_expired,1,2,0,0.36,1,0,0
txn_000714,2026-06-04T11:37:00,285.76,wallet,idfc,gateway_error,2,10,0,0.797,1,0,1
txn_000715,2026-07-14T02:10:00,981.64,wallet,sbi,card_expired,2,1,0,1.0,720,0,0
txn_000716,2026-07-18T18:23:00,201.92,card,hdfc,insufficient_funds,1,2,1,1.0,30,0,0
txn_000717,2026-07-10T18:10:00,2104.65,netbanking,sbi,insufficient_funds,1,9,1,0.522,180,0,0
txn_000718,2026-06-29T19:26:00,1962.7,wallet,hdfc,bank_server_down,2,6,1,0.588,720,0,0
txn_000719,2026-07-28T17:38:00,664.12,wallet,sbi,insufficient_funds,1,21,0,0.939,720,0,0
txn_000720,2026-06-02T07:23:00,477.3,upi,hdfc,network_timeout,1,5,0,0.753,180,0,1
txn_000721,2026-07-09T18:16:00,387.89,netbanking,hdfc,network_timeout,2,3,0,0.522,15,0,0
txn_000722,2026-07-10T19:43:00,2941.51,netbanking,icici,card_expired,1,11,1,0.531,720,0,0
txn_000723,2026-06-10T01:48:00,1266.75,upi,icici,invalid_otp,3,20,1,0.985,60,0,0
txn_000724,2026-07-13T05:30:00,1543.98,upi,kotak,invalid_otp,1,14,0,1.0,15,0,0
txn_000725,2026-07-08T17:36:00,678.23,wallet,hdfc,network_timeout,2,21,1,0.778,5,0,1
txn_000726,2026-07-29T15:47:00,763.79,upi,sbi,insufficient_funds,3,10,0,0.869,30,0,1
txn_000727,2026-06-12T11:58:00,96.98,upi,idfc,network_timeout,3,23,1,0.507,1,0,0
txn_000728,2026-07-27T06:15:00,1417.97,wallet,kotak,card_expired,1,10,1,0.46,60,0,0
txn_000729,2026-07-05T09:59:00,1266.45,upi,idfc,issuer_declined,1,20,0,0.574,720,0,0
txn_000730,2026-06-02T23:57:00,266.18,upi,kotak,issuer_declined,1,5,1,0.474,30,0,1
txn_000731,2026-07-28T10:54:00,259.19,wallet,icici,network_timeout,1,10,0,0.809,5,0,1
txn_000732,2026-06-03T02:19:00,614.83,upi,icici,invalid_otp,1,17,1,0.717,60,0,1
txn_000733,2026-07-02T17:25:00,300.58,card,axis,card_expired,2,7,1,0.832,5,0,0
txn_000734,2026-06-26T14:02:00,1665.2,netbanking,other,issuer_declined,3,16,0,0.72,720,0,0
txn_000735,2026-06-10T18:57:00,300.53,upi,kotak,gateway_error,2,23,0,0.426,720,0,1
txn_000736,2026-06-27T17:06:00,814.35,wallet,axis,invalid_otp,1,20,0,1.0,15,0,1
txn_000737,2026-06-29T23:58:00,134.26,netbanking,idfc,invalid_otp,1,11,1,0.643,15,0,1
txn_000738,2026-07-26T07:59:00,483.43,netbanking,axis,invalid_otp,1,7,0,0.524,1,0,0
txn_000739,2026-06-12T07:05:00,1222.36,upi,idfc,gateway_error,1,10,1,0.658,15,0,1
txn_000740,2026-07-29T16:32:00,767.88,netbanking,idfc,network_timeout,2,14,1,0.372,60,0,1
txn_000741,2026-06-05T06:49:00,1927.86,wallet,icici,insufficient_funds,2,9,1,0.513,15,0,0
txn_000742,2026-07-10T15:45:00,212.49,wallet,other,network_timeout,1,19,1,0.77,15,0,0
txn_000743,2026-06-05T08:51:00,6329.01,upi,axis,bank_server_down,3,17,0,0.825,720,0,1
txn_000744,2026-06-14T11:18:00,289.55,upi,kotak,gateway_error,1,12,1,0.864,5,0,1
txn_000745,2026-06-09T08:32:00,1291.87,wallet,other,issuer_declined,2,7,0,0.894,180,0,0
txn_000746,2026-06-02T04:40:00,123.14,netbanking,icici,bank_server_down,2,7,0,0.742,30,0,1
txn_000747,2026-07-30T15:30:00,344.58,wallet,idfc,invalid_otp,2,6,0,0.547,15,0,0
txn_000748,2026-06-28T22:58:00,288.9,upi,sbi,insufficient_funds,1,14,0,0.744,15,0,1
txn_000749,2026-07-03T00:51:00,612.45,upi,sbi,gateway_error,2,3,1,0.739,180,0,1
txn_000750,2026-07-09T11:09:00,571.21,upi,yesbank,bank_server_down,1,16,0,0.541,1,0,1
txn_000751,2026-06-05T20:04:00,286.37,card,idfc,insufficient_funds,1,19,0,0.599,1,0,1
txn_000752,2026-06-19T17:22:00,170.86,netbanking,axis,risk_block,1,22,0,0.79,180,1,0
txn_000753,2026-06-22T17:16:00,1600.82,card,yesbank,insufficient_funds,1,9,0,0.41,30,0,0
txn_000754,2026-07-14T03:05:00,618.95,upi,sbi,insufficient_funds,2,5,0,0.881,1,0,1
txn_000755,2026-06-09T13:08:00,630.04,wallet,axis,invalid_otp,3,0,0,0.845,5,0,0
txn_000756,2026-07-01T09:03:00,647.33,netbanking,other,insufficient_funds,1,17,1,0.698,15,0,1
txn_000757,2026-06-03T19:30:00,269.57,wallet,icici,risk_block,3,20,1,0.902,5,1,0
txn_000758,2026-07-18T23:02:00,361.93,wallet,yesbank,bank_server_down,3,12,0,0.936,30,0,0
txn_000759,2026-07-12T10:01:00,467.36,netbanking,yesbank,insufficient_funds,1,8,0,0.538,60,0,1
txn_000760,2026-07-12T07:28:00,1361.08,netbanking,kotak,card_expired,2,9,0,0.665,720,0,0
txn_000761,2026-07-16T16:37:00,197.43,netbanking,icici,insufficient_funds,2,13,0,0.824,15,0,0
txn_000762,2026-06-23T15:21:00,1063.43,card,icici,invalid_otp,1,23,1,0.843,30,0,0
txn_000763,2026-06-13T16:02:00,91.24,wallet,idfc,issuer_declined,1,8,0,0.819,15,0,0
txn_000764,2026-07-10T18:24:00,142.25,card,kotak,invalid_otp,1,9,0,0.919,5,0,1
txn_000765,2026-06-03T09:43:00,680.53,wallet,yesbank,insufficient_funds,1,11,0,0.54,1,0,0
txn_000766,2026-06-05T20:57:00,2332.65,wallet,icici,gateway_error,1,9,0,0.525,60,0,0
txn_000767,2026-07-14T19:46:00,614.38,wallet,sbi,issuer_declined,3,1,1,0.93,720,0,0
txn_000768,2026-07-29T05:22:00,2680.52,upi,icici,invalid_otp,2,23,0,0.464,30,0,1
txn_000769,2026-06-10T10:19:00,3079.34,netbanking,kotak,risk_block,1,6,1,0.639,1,1,0
txn_000770,2026-07-30T20:15:00,1090.54,wallet,idfc,network_timeout,2,21,0,0.8,1,0,1
txn_000771,2026-07-13T05:32:00,631.52,card,other,bank_server_down,1,3,0,0.621,180,0,0
txn_000772,2026-06-04T21:07:00,128.94,wallet,sbi,network_timeout,1,18,0,1.0,180,0,1
txn_000773,2026-07-18T19:00:00,534.49,netbanking,sbi,gateway_error,1,8,1,0.323,5,0,1
txn_000774,2026-06-28T13:45:00,1047.3,upi,sbi,network_timeout,1,23,0,0.789,720,0,1
txn_000775,2026-06-30T11:57:00,427.9,upi,other,gateway_error,2,21,1,0.427,15,0,1
txn_000776,2026-06-22T12:53:00,1178.49,netbanking,idfc,invalid_otp,3,21,1,0.386,720,0,0
txn_000777,2026-07-26T04:59:00,1529.04,card,idfc,insufficient_funds,1,2,1,1.0,30,0,0
txn_000778,2026-06-27T00:58:00,216.98,upi,sbi,invalid_otp,2,12,1,0.596,30,0,1
txn_000779,2026-07-08T03:20:00,165.75,card,idfc,bank_server_down,1,20,0,0.828,1,0,1
txn_000780,2026-07-03T10:45:00,73.75,upi,yesbank,card_expired,1,23,0,0.849,30,0,0
txn_000781,2026-07-25T17:58:00,488.84,card,icici,invalid_otp,1,2,0,0.628,30,0,1
txn_000782,2026-07-23T08:53:00,1562.31,upi,axis,card_expired,1,8,0,0.802,15,0,1
txn_000783,2026-06-24T17:54:00,1089.08,netbanking,idfc,bank_server_down,3,3,0,1.0,1,0,1
txn_000784,2026-06-04T05:14:00,176.78,upi,sbi,insufficient_funds,1,1,1,1.0,180,0,0
txn_000785,2026-07-17T04:52:00,1072.65,upi,idfc,bank_server_down,1,2,0,0.94,1,0,1
txn_000786,2026-07-05T12:47:00,548.09,netbanking,idfc,bank_server_down,1,7,1,0.774,60,0,1
txn_000787,2026-07-02T05:34:00,1269.93,upi,other,invalid_otp,1,13,0,0.924,15,0,1
txn_000788,2026-06-02T08:32:00,194.57,upi,axis,network_timeout,2,7,0,0.808,1,0,0
txn_000789,2026-06-23T18:34:00,292.13,card,hdfc,risk_block,1,7,0,0.485,180,1,0
txn_000790,2026-07-18T22:54:00,5302.94,card,other,gateway_error,1,7,0,0.55,720,0,1
txn_000791,2026-06-20T04:25:00,1854.88,netbanking,icici,risk_block,3,8,1,0.852,15,1,0
txn_000792,2026-06-08T16:34:00,1116.42,card,hdfc,insufficient_funds,2,3,1,0.686,15,0,0
txn_000793,2026-06-03T20:23:00,152.84,wallet,other,insufficient_funds,1,14,1,0.805,1,0,0
txn_000794,2026-07-09T21:59:00,110.11,netbanking,hdfc,card_expired,1,8,0,0.728,720,0,0
txn_000795,2026-07-18T05:34:00,5519.79,upi,icici,issuer_declined,3,21,0,0.515,180,0,0
txn_000796,2026-07-30T10:34:00,234.45,wallet,other,bank_server_down,1,17,0,0.875,15,0,1
txn_000797,2026-07-14T17:01:00,227.19,upi,icici,issuer_declined,1,8,0,0.747,1,0,0
txn_000798,2026-06-12T13:55:00,225.29,card,idfc,invalid_otp,1,10,0,0.702,15,0,0
txn_000799,2026-07-21T08:56:00,5096.85,card,sbi,bank_server_down,1,7,1,0.561,60,0,1
txn_000800,2026-07-22T21:58:00,720.46,upi,kotak,issuer_declined,1,7,0,0.496,5,0,1
txn_000801,2026-06-27T18:23:00,5748.75,wallet,icici,network_timeout,2,4,1,0.373,180,0,1
txn_000802,2026-07-24T00:53:00,1942.78,card,yesbank,invalid_otp,2,16,0,0.786,5,0,1
txn_000803,2026-07-09T01:18:00,2731.85,card,idfc,insufficient_funds,3,2,0,0.078,180,0,0
txn_000804,2026-07-03T22:43:00,1203.56,upi,hdfc,card_expired,1,16,0,0.806,5,0,0
txn_000805,2026-06-21T23:12:00,1282.4,netbanking,icici,bank_server_down,1,13,0,0.277,180,0,1
txn_000806,2026-06-24T16:35:00,1415.79,wallet,axis,network_timeout,1,4,0,0.972,180,0,1
txn_000807,2026-06-02T09:53:00,196.6,netbanking,yesbank,issuer_declined,1,16,0,0.489,5,0,0
txn_000808,2026-06-07T15:30:00,3774.37,wallet,kotak,insufficient_funds,1,15,0,0.928,180,0,1
txn_000809,2026-07-27T03:02:00,419.97,wallet,idfc,insufficient_funds,1,17,1,0.526,15,0,0
txn_000810,2026-06-13T06:03:00,1337.37,upi,icici,insufficient_funds,2,14,0,0.708,720,0,0
txn_000811,2026-06-09T19:40:00,4174.36,upi,sbi,issuer_declined,1,11,0,0.667,180,0,0
txn_000812,2026-06-14T00:49:00,113.6,wallet,yesbank,bank_server_down,2,16,0,0.562,15,0,1
txn_000813,2026-06-16T09:53:00,724.14,card,idfc,insufficient_funds,1,19,0,0.803,30,0,1
txn_000814,2026-06-18T18:16:00,283.12,netbanking,icici,bank_server_down,1,16,0,1.0,60,0,1
txn_000815,2026-07-10T08:17:00,1098.02,upi,yesbank,insufficient_funds,1,16,1,0.996,720,0,1
txn_000816,2026-07-28T09:37:00,217.04,upi,sbi,network_timeout,1,2,0,0.824,15,0,1
txn_000817,2026-07-24T08:53:00,698.99,upi,yesbank,issuer_declined,2,17,0,0.997,1,0,1
txn_000818,2026-06-20T11:54:00,394.66,card,axis,network_timeout,1,5,0,0.85,60,0,1
txn_000819,2026-07-15T01:49:00,763.31,upi,other,insufficient_funds,2,5,1,0.506,5,0,0
txn_000820,2026-06-27T03:33:00,1238.69,card,kotak,card_expired,1,20,0,0.631,1,0,0
txn_000821,2026-07-15T00:44:00,290.38,wallet,yesbank,network_timeout,1,5,0,0.954,180,0,1
txn_000822,2026-06-29T21:50:00,957.04,wallet,idfc,risk_block,2,8,0,0.735,720,1,0
txn_000823,2026-07-23T02:39:00,75.05,wallet,idfc,network_timeout,1,8,0,0.68,30,0,1
txn_000824,2026-07-21T07:48:00,294.83,card,icici,risk_block,1,0,0,0.467,15,1,0
txn_000825,2026-07-01T04:10:00,480.75,upi,axis,insufficient_funds,1,5,0,0.687,5,0,0
txn_000826,2026-06-12T06:06:00,457.64,card,hdfc,network_timeout,1,5,1,0.513,1,0,1
txn_000827,2026-07-26T01:21:00,413.93,wallet,idfc,issuer_declined,2,2,0,0.716,180,0,0
txn_000828,2026-06-25T01:18:00,153.99,upi,idfc,gateway_error,1,9,0,0.713,30,0,1
txn_000829,2026-07-16T05:47:00,430.79,wallet,idfc,gateway_error,1,13,0,0.926,5,0,1
txn_000830,2026-06-14T02:04:00,537.34,netbanking,icici,issuer_declined,1,0,0,0.544,180,0,0
txn_000831,2026-07-22T13:50:00,768.94,upi,icici,issuer_declined,1,15,0,0.407,60,0,0
txn_000832,2026-06-20T01:03:00,337.1,upi,other,issuer_declined,1,10,0,0.619,720,0,1
txn_000833,2026-06-10T13:28:00,241.3,wallet,other,issuer_declined,1,10,0,0.411,180,0,1
txn_000834,2026-07-18T17:58:00,694.25,upi,idfc,network_timeout,3,6,0,0.924,5,0,1
txn_000835,2026-07-26T21:18:00,1780.05,wallet,idfc,network_timeout,1,10,0,0.655,60,0,1
txn_000836,2026-07-14T03:11:00,622.24,netbanking,kotak,gateway_error,2,10,0,0.785,60,0,1
txn_000837,2026-06-15T05:46:00,2460.13,wallet,sbi,insufficient_funds,1,6,1,0.634,60,0,0
txn_000838,2026-07-07T16:57:00,19355.0,card,yesbank,insufficient_funds,3,8,1,0.431,15,0,0
txn_000839,2026-07-05T20:33:00,808.26,card,icici,gateway_error,1,6,1,1.0,60,0,1
txn_000840,2026-07-11T00:30:00,348.68,netbanking,other,bank_server_down,1,19,1,0.845,1,0,1
txn_000841,2026-06-29T20:26:00,140.82,wallet,yesbank,network_timeout,1,7,0,0.549,15,0,0
txn_000842,2026-06-17T04:52:00,8028.55,card,sbi,card_expired,2,17,0,0.72,30,0,0
txn_000843,2026-06-01T23:18:00,1452.74,netbanking,other,insufficient_funds,1,13,1,1.0,30,0,1
txn_000844,2026-06-04T23:56:00,197.63,netbanking,axis,insufficient_funds,1,8,0,0.678,180,0,1
txn_000845,2026-06-14T22:39:00,1085.28,netbanking,kotak,gateway_error,2,15,0,0.63,15,0,1
txn_000846,2026-06-02T12:25:00,183.05,card,sbi,issuer_declined,1,22,1,0.169,5,0,0
txn_000847,2026-06-18T13:29:00,4243.54,netbanking,sbi,bank_server_down,3,11,0,0.407,180,0,1
txn_000848,2026-06-01T07:02:00,162.31,card,kotak,issuer_declined,2,8,0,0.481,720,0,0
txn_000849,2026-06-17T21:34:00,332.67,netbanking,icici,bank_server_down,3,22,1,1.0,5,0,1
txn_000850,2026-06-18T09:26:00,1334.54,upi,sbi,bank_server_down,2,11,0,0.881,180,0,1
txn_000851,2026-07-11T00:19:00,328.03,card,kotak,issuer_declined,2,10,0,0.701,15,0,1
txn_000852,2026-06-15T04:08:00,835.53,wallet,yesbank,bank_server_down,2,20,0,0.673,720,0,1
txn_000853,2026-07-17T17:15:00,144.36,card,idfc,card_expired,2,9,1,0.344,720,0,0
txn_000854,2026-07-05T09:33:00,624.56,netbanking,axis,issuer_declined,2,3,0,0.498,15,0,0
txn_000855,2026-06-28T21:04:00,1854.09,upi,yesbank,invalid_otp,1,0,1,0.496,5,0,0
txn_000856,2026-07-25T16:46:00,492.65,card,hdfc,insufficient_funds,1,18,0,0.414,15,0,0
txn_000857,2026-07-18T16:52:00,549.28,wallet,kotak,bank_server_down,1,18,0,0.269,60,0,0
txn_000858,2026-07-12T22:10:00,2859.64,card,sbi,insufficient_funds,1,1,0,0.756,30,0,0
txn_000859,2026-07-05T01:34:00,1871.09,card,axis,insufficient_funds,2,2,1,0.424,5,0,0
txn_000860,2026-06-09T17:19:00,124.32,card,yesbank,insufficient_funds,3,12,0,0.535,180,0,0
txn_000861,2026-07-24T09:04:00,502.32,netbanking,sbi,network_timeout,2,9,0,0.542,1,0,1
txn_000862,2026-06-05T00:39:00,457.56,card,axis,insufficient_funds,2,0,0,0.968,5,0,0
txn_000863,2026-07-09T09:17:00,277.27,wallet,icici,insufficient_funds,1,13,1,0.616,15,0,0
txn_000864,2026-07-23T07:24:00,618.84,wallet,icici,insufficient_funds,2,21,0,0.421,5,0,1
txn_000865,2026-07-11T23:37:00,346.33,wallet,hdfc,card_expired,1,12,0,0.427,1,0,0
txn_000866,2026-07-24T17:12:00,272.49,wallet,yesbank,card_expired,1,13,0,0.668,15,0,0
txn_000867,2026-07-01T17:11:00,203.15,wallet,idfc,bank_server_down,1,3,0,0.977,15,0,1
txn_000868,2026-07-07T01:32:00,259.12,upi,kotak,invalid_otp,1,0,0,0.815,180,0,1
txn_000869,2026-07-18T15:43:00,291.49,upi,icici,bank_server_down,1,15,0,1.0,5,0,1
txn_000870,2026-07-28T22:58:00,473.3,upi,icici,card_expired,2,19,0,0.865,180,0,1
txn_000871,2026-07-27T00:45:00,177.35,wallet,idfc,issuer_declined,1,2,0,0.817,15,0,0
txn_000872,2026-06-17T11:58:00,424.0,card,hdfc,card_expired,2,13,1,0.813,1,0,0
txn_000873,2026-06-21T03:29:00,556.41,netbanking,hdfc,invalid_otp,1,13,0,0.376,180,0,1
txn_000874,2026-07-21T18:13:00,209.34,netbanking,axis,bank_server_down,1,22,0,0.484,60,0,1
txn_000875,2026-06-03T22:29:00,394.73,netbanking,yesbank,insufficient_funds,1,14,0,0.6,30,0,1
txn_000876,2026-06-03T16:35:00,793.75,upi,other,invalid_otp,1,6,0,0.609,30,0,1
txn_000877,2026-06-12T23:41:00,820.14,card,yesbank,insufficient_funds,1,0,0,0.697,30,0,0
txn_000878,2026-07-21T01:38:00,518.31,upi,icici,network_timeout,1,3,0,0.907,180,0,0
txn_000879,2026-07-19T18:05:00,1896.85,card,idfc,network_timeout,2,11,0,0.611,180,0,1
txn_000880,2026-07-13T05:40:00,653.15,card,idfc,card_expired,2,14,1,0.707,720,0,0
txn_000881,2026-06-08T07:52:00,862.6,upi,idfc,invalid_otp,2,13,0,0.64,60,0,1
txn_000882,2026-07-30T12:56:00,428.28,wallet,hdfc,invalid_otp,2,18,0,0.761,60,0,0
txn_000883,2026-06-03T19:28:00,498.82,card,sbi,network_timeout,3,7,1,0.875,15,0,1
txn_000884,2026-06-15T11:55:00,197.82,wallet,other,insufficient_funds,3,7,0,0.623,60,0,0
txn_000885,2026-07-19T21:50:00,2908.54,upi,hdfc,bank_server_down,3,13,0,0.769,30,0,0
txn_000886,2026-07-17T13:31:00,582.78,upi,other,insufficient_funds,2,9,0,0.711,30,0,0
txn_000887,2026-07-01T22:22:00,1218.16,wallet,idfc,invalid_otp,1,8,0,0.803,15,0,1
txn_000888,2026-06-27T21:04:00,362.87,card,other,insufficient_funds,1,20,0,0.635,720,0,1
txn_000889,2026-06-27T12:10:00,1591.13,netbanking,other,invalid_otp,1,19,1,0.675,15,0,1
txn_000890,2026-07-28T23:01:00,612.0,card,kotak,bank_server_down,2,9,1,0.909,720,0,1
txn_000891,2026-07-16T14:39:00,394.79,card,kotak,bank_server_down,2,16,0,0.808,5,0,1
txn_000892,2026-07-02T03:54:00,2539.14,netbanking,idfc,bank_server_down,1,5,0,0.525,180,0,1
txn_000893,2026-07-18T16:57:00,123.07,card,axis,bank_server_down,2,23,0,0.582,180,0,1
txn_000894,2026-06-08T05:33:00,1113.51,card,yesbank,risk_block,1,3,0,0.651,720,1,0
txn_000895,2026-07-12T12:17:00,786.33,upi,other,gateway_error,1,8,0,1.0,5,0,1
txn_000896,2026-07-23T21:48:00,256.71,netbanking,kotak,insufficient_funds,1,2,0,0.676,5,0,0
txn_000897,2026-07-15T08:22:00,261.46,upi,hdfc,network_timeout,1,6,0,0.629,60,0,1
txn_000898,2026-07-17T19:17:00,989.38,upi,idfc,bank_server_down,1,0,1,0.683,15,0,1
txn_000899,2026-07-15T09:08:00,1673.82,netbanking,kotak,bank_server_down,1,8,0,0.652,720,0,1
txn_000900,2026-06-20T09:46:00,553.08,wallet,other,insufficient_funds,2,14,0,0.778,1,0,0
txn_000901,2026-07-07T01:35:00,1723.25,netbanking,yesbank,bank_server_down,2,21,0,0.615,5,0,1
txn_000902,2026-06-28T15:15:00,336.87,card,sbi,issuer_declined,2,15,0,0.749,15,0,0
txn_000903,2026-06-06T00:49:00,8145.79,netbanking,yesbank,network_timeout,1,10,0,0.557,720,0,0
txn_000904,2026-06-19T03:42:00,95.51,netbanking,sbi,gateway_error,1,9,0,0.544,60,0,1
txn_000905,2026-07-06T12:06:00,249.57,wallet,kotak,issuer_declined,3,10,0,0.309,1,0,0
txn_000906,2026-06-11T02:33:00,231.62,wallet,axis,invalid_otp,1,12,1,0.583,30,0,0
txn_000907,2026-06-27T12:36:00,990.21,upi,yesbank,network_timeout,1,17,1,0.416,15,0,1
txn_000908,2026-07-13T15:04:00,6810.06,card,icici,invalid_otp,2,23,0,0.9,5,0,1
txn_000909,2026-07-19T02:18:00,211.2,netbanking,yesbank,bank_server_down,2,0,1,0.395,720,0,1
txn_000910,2026-07-19T09:39:00,327.8,netbanking,hdfc,insufficient_funds,2,9,0,0.695,60,0,0
txn_000911,2026-06-07T15:31:00,5121.6,upi,other,insufficient_funds,1,13,0,1.0,5,0,0
txn_000912,2026-06-21T12:01:00,788.49,netbanking,other,insufficient_funds,1,13,0,0.644,30,0,1
txn_000913,2026-07-23T12:09:00,3342.38,card,kotak,bank_server_down,2,10,0,0.834,15,0,1
txn_000914,2026-06-29T16:51:00,444.98,card,axis,insufficient_funds,2,17,0,0.766,1,0,1
txn_000915,2026-07-05T03:26:00,348.64,card,axis,gateway_error,3,8,1,0.727,30,0,1
txn_000916,2026-07-23T15:19:00,146.19,card,idfc,insufficient_funds,1,6,1,0.755,5,0,0
txn_000917,2026-07-17T03:21:00,1153.43,upi,sbi,issuer_declined,1,15,0,0.927,5,0,0
txn_000918,2026-06-21T21:02:00,450.18,netbanking,icici,bank_server_down,3,3,0,0.83,720,0,1
txn_000919,2026-06-20T02:22:00,1475.78,upi,idfc,gateway_error,1,0,1,0.605,1,0,1
txn_000920,2026-07-04T05:30:00,2333.41,netbanking,yesbank,risk_block,3,13,1,1.0,720,1,0
txn_000921,2026-06-14T03:19:00,497.67,upi,sbi,risk_block,1,8,0,0.767,30,1,1
txn_000922,2026-07-14T07:09:00,3964.91,upi,idfc,gateway_error,1,5,1,0.79,1,0,1
txn_000923,2026-07-04T06:37:00,116.86,wallet,other,network_timeout,1,20,1,0.844,15,0,1
txn_000924,2026-06-09T15:04:00,613.75,upi,other,gateway_error,1,18,1,1.0,5,0,1
txn_000925,2026-06-25T06:40:00,354.2,netbanking,icici,issuer_declined,1,23,0,1.0,60,0,0
txn_000926,2026-06-19T00:18:00,430.81,card,yesbank,issuer_declined,2,18,0,0.715,180,0,1
txn_000927,2026-07-23T12:54:00,3112.86,upi,sbi,gateway_error,1,7,1,0.513,15,0,1
txn_000928,2026-07-15T08:38:00,1101.15,card,other,network_timeout,2,3,0,0.539,5,0,1
txn_000929,2026-06-21T16:09:00,1077.2,wallet,icici,issuer_declined,2,16,1,0.679,60,0,1
txn_000930,2026-06-17T14:55:00,761.44,upi,icici,gateway_error,1,11,0,0.803,720,0,0
txn_000931,2026-07-18T18:58:00,1517.12,card,sbi,network_timeout,2,0,1,0.376,60,0,0
txn_000932,2026-07-20T05:26:00,314.97,netbanking,axis,insufficient_funds,2,21,1,0.436,720,0,0
txn_000933,2026-06-23T21:02:00,2217.48,wallet,axis,gateway_error,2,16,0,0.614,15,0,1
txn_000934,2026-06-23T01:40:00,5236.99,netbanking,axis,issuer_declined,1,2,1,0.95,720,0,0
txn_000935,2026-07-24T07:58:00,515.43,card,idfc,network_timeout,3,11,1,0.651,1,0,0
txn_000936,2026-06-22T03:12:00,480.11,card,axis,gateway_error,1,10,1,0.685,180,0,1
txn_000937,2026-06-04T17:30:00,812.13,netbanking,icici,invalid_otp,3,4,1,0.875,15,0,0
txn_000938,2026-06-09T01:29:00,1009.41,netbanking,icici,network_timeout,2,5,0,0.813,5,0,1
txn_000939,2026-06-26T02:38:00,5324.56,netbanking,axis,gateway_error,1,22,0,0.461,15,0,0
txn_000940,2026-07-10T11:34:00,1013.17,netbanking,idfc,gateway_error,1,11,1,0.771,30,0,1
txn_000941,2026-07-29T11:57:00,1345.04,upi,other,invalid_otp,2,12,0,0.691,1,0,1
txn_000942,2026-07-12T22:30:00,1118.92,upi,icici,gateway_error,1,19,0,0.713,720,0,1
txn_000943,2026-07-08T12:20:00,3258.77,upi,idfc,card_expired,1,13,0,0.68,15,0,1
txn_000944,2026-07-28T18:45:00,286.62,wallet,kotak,issuer_declined,1,11,0,0.661,30,0,0
txn_000945,2026-06-09T02:08:00,1492.7,card,axis,bank_server_down,1,20,0,0.507,720,0,1
txn_000946,2026-06-25T02:12:00,1326.32,card,yesbank,bank_server_down,1,23,1,0.514,720,0,1
txn_000947,2026-07-17T01:38:00,384.87,wallet,yesbank,risk_block,3,11,0,0.677,60,1,0
txn_000948,2026-07-01T23:05:00,353.33,netbanking,sbi,issuer_declined,2,6,1,0.974,720,0,1
txn_000949,2026-06-25T22:05:00,1873.37,wallet,sbi,card_expired,1,18,0,0.779,5,0,0
txn_000950,2026-07-10T22:54:00,357.55,card,axis,insufficient_funds,1,20,0,0.57,720,0,0
txn_000951,2026-07-04T03:06:00,194.3,card,idfc,network_timeout,2,12,0,1.0,180,0,1
txn_000952,2026-06-23T11:21:00,57.39,netbanking,idfc,issuer_declined,1,7,0,0.824,720,0,0
txn_000953,2026-07-21T10:23:00,683.23,card,icici,issuer_declined,2,10,1,0.746,180,0,0
txn_000954,2026-07-11T19:41:00,46.23,card,other,issuer_declined,1,14,0,0.264,5,0,1
txn_000955,2026-07-25T09:46:00,572.39,upi,yesbank,card_expired,1,2,0,0.67,180,0,0
txn_000956,2026-06-14T03:04:00,249.41,card,idfc,network_timeout,1,17,0,0.759,60,0,1
txn_000957,2026-06-17T07:46:00,2130.2,netbanking,hdfc,issuer_declined,1,2,0,0.68,5,0,0
txn_000958,2026-07-14T04:21:00,1268.73,upi,other,issuer_declined,1,3,0,0.908,30,0,0
txn_000959,2026-07-29T21:53:00,203.84,netbanking,sbi,insufficient_funds,1,22,0,0.851,5,0,1
txn_000960,2026-07-19T03:52:00,1804.49,netbanking,other,invalid_otp,1,0,0,0.436,1,0,1
txn_000961,2026-07-19T17:11:00,106.88,netbanking,idfc,insufficient_funds,2,18,0,0.844,60,0,0
txn_000962,2026-07-27T14:57:00,1034.54,netbanking,icici,insufficient_funds,2,14,0,0.77,720,0,1
txn_000963,2026-07-30T22:29:00,1544.8,upi,kotak,insufficient_funds,1,5,0,0.172,15,0,0
txn_000964,2026-07-14T17:30:00,224.11,wallet,other,card_expired,2,4,1,0.797,15,0,0
txn_000965,2026-06-30T03:44:00,1047.47,upi,icici,issuer_declined,2,16,0,0.387,180,0,1
txn_000966,2026-06-28T20:14:00,2867.85,card,kotak,insufficient_funds,1,13,0,0.544,30,0,0
txn_000967,2026-06-05T08:45:00,702.22,netbanking,hdfc,network_timeout,1,2,0,0.923,180,0,1
txn_000968,2026-07-17T07:22:00,475.77,upi,kotak,card_expired,2,17,1,0.95,60,0,0
txn_000969,2026-06-27T10:28:00,241.8,upi,axis,network_timeout,2,6,0,0.908,180,0,1
txn_000970,2026-07-27T23:56:00,1773.98,card,yesbank,insufficient_funds,1,12,1,0.727,30,0,0
txn_000971,2026-07-28T00:41:00,1229.96,netbanking,idfc,bank_server_down,2,13,0,0.849,15,0,1
txn_000972,2026-06-16T05:37:00,69.72,upi,other,invalid_otp,1,2,0,0.909,5,0,0
txn_000973,2026-07-21T11:52:00,376.49,netbanking,idfc,gateway_error,2,18,1,0.391,5,0,0
txn_000974,2026-06-07T03:14:00,689.29,card,sbi,risk_block,1,15,1,0.784,720,1,0
txn_000975,2026-07-22T18:33:00,1489.34,netbanking,other,bank_server_down,1,1,0,1.0,180,0,1
txn_000976,2026-07-17T00:29:00,1644.97,card,yesbank,insufficient_funds,1,5,0,0.597,5,0,0
txn_000977,2026-07-20T19:12:00,219.04,card,axis,insufficient_funds,1,0,0,0.727,60,0,1
txn_000978,2026-06-10T10:44:00,1200.96,upi,icici,gateway_error,2,17,1,0.691,1,0,1
txn_000979,2026-07-23T00:26:00,407.43,upi,idfc,invalid_otp,1,7,0,0.682,720,0,0
txn_000980,2026-06-14T22:32:00,456.24,netbanking,idfc,invalid_otp,1,21,0,1.0,30,0,0
txn_000981,2026-06-28T07:02:00,104.68,netbanking,axis,network_timeout,1,5,0,0.715,180,0,1
txn_000982,2026-07-09T00:32:00,1583.09,wallet,idfc,insufficient_funds,1,7,0,0.624,30,0,0
txn_000983,2026-07-22T17:39:00,3265.69,wallet,other,network_timeout,1,10,0,0.697,5,0,1
txn_000984,2026-06-28T08:03:00,977.91,netbanking,other,insufficient_funds,1,13,0,0.544,60,0,0
txn_000985,2026-07-06T03:09:00,282.47,wallet,hdfc,gateway_error,3,5,0,0.284,1,0,0
txn_000986,2026-07-15T07:10:00,2741.33,card,kotak,card_expired,1,18,0,0.529,720,0,0
txn_000987,2026-06-14T16:59:00,1202.68,upi,icici,bank_server_down,2,0,0,0.677,15,0,1
txn_000988,2026-07-22T03:27:00,38.48,netbanking,icici,gateway_error,1,18,0,0.654,15,0,1
txn_000989,2026-06-23T16:48:00,472.38,card,sbi,insufficient_funds,1,19,0,0.506,15,0,0
txn_000990,2026-06-17T13:13:00,2594.24,card,other,gateway_error,1,15,1,0.58,30,0,1
txn_000991,2026-06-14T14:33:00,4653.59,upi,other,network_timeout,2,10,0,0.818,15,0,1
txn_000992,2026-06-16T09:19:00,100.38,card,yesbank,insufficient_funds,3,2,0,0.441,60,0,0
txn_000993,2026-07-10T09:47:00,2724.57,netbanking,axis,bank_server_down,3,0,0,0.86,15,0,1
txn_000994,2026-06-19T04:07:00,1044.14,netbanking,other,bank_server_down,3,1,1,0.488,1,0,1
txn_000995,2026-07-21T06:41:00,1163.46,wallet,idfc,gateway_error,2,16,0,0.567,15,0,1
txn_000996,2026-06-12T16:46:00,159.27,netbanking,kotak,insufficient_funds,2,21,1,0.62,1,0,1
txn_000997,2026-07-02T01:13:00,184.62,upi,axis,issuer_declined,1,4,0,0.788,180,0,1
txn_000998,2026-06-09T08:04:00,256.63,upi,sbi,risk_block,2,19,1,0.823,1,1,1
txn_000999,2026-07-24T20:49:00,323.74,card,axis,insufficient_funds,2,15,0,0.407,30,0,1
txn_001000,2026-06-18T00:36:00,310.3,upi,other,risk_block,1,4,0,0.758,720,1,0
txn_001001,2026-06-22T21:58:00,197.89,card,sbi,risk_block,1,9,0,0.673,720,1,0
txn_001002,2026-07-11T14:09:00,1111.04,netbanking,kotak,card_expired,3,2,0,1.0,30,0,0
txn_001003,2026-07-12T00:45:00,4855.88,upi,yesbank,insufficient_funds,2,11,0,0.971,180,0,0
txn_001004,2026-07-13T07:41:00,663.53,wallet,yesbank,bank_server_down,2,10,0,0.737,180,0,1
txn_001005,2026-06-29T19:53:00,336.89,netbanking,idfc,risk_block,2,14,1,0.352,720,1,0
txn_001006,2026-06-14T15:27:00,424.95,card,idfc,network_timeout,1,21,0,0.852,1,0,1
txn_001007,2026-06-15T13:08:00,661.16,card,hdfc,bank_server_down,1,17,1,0.536,30,0,0
txn_001008,2026-06-29T00:51:00,351.68,upi,yesbank,network_timeout,1,9,1,0.58,30,0,1
txn_001009,2026-07-04T15:19:00,1222.05,netbanking,kotak,invalid_otp,1,3,0,0.615,180,0,0
txn_001010,2026-07-14T08:14:00,156.86,wallet,icici,card_expired,1,7,1,0.762,15,0,0
txn_001011,2026-06-29T12:45:00,3099.65,netbanking,yesbank,issuer_declined,1,22,0,0.818,30,0,0
txn_001012,2026-07-11T21:54:00,2331.72,upi,idfc,card_expired,1,2,0,1.0,180,0,0
txn_001013,2026-06-14T07:12:00,1247.05,card,kotak,network_timeout,1,1,0,0.908,60,0,1
txn_001014,2026-06-18T17:51:00,982.03,netbanking,other,issuer_declined,3,20,1,0.588,1,0,0
txn_001015,2026-06-08T03:56:00,1721.16,netbanking,axis,card_expired,1,0,0,0.706,180,0,0
txn_001016,2026-07-12T06:19:00,1134.75,card,other,bank_server_down,1,19,0,0.924,5,0,1
txn_001017,2026-07-07T00:03:00,3136.89,card,yesbank,bank_server_down,2,11,1,0.688,30,0,1
txn_001018,2026-06-13T17:38:00,170.07,upi,kotak,insufficient_funds,1,1,0,0.698,1,0,0
txn_001019,2026-07-08T21:32:00,199.53,card,axis,insufficient_funds,1,11,0,0.721,60,0,1
txn_001020,2026-07-21T18:16:00,734.86,wallet,sbi,invalid_otp,1,6,0,0.852,5,0,1
txn_001021,2026-06-27T08:43:00,366.74,card,other,insufficient_funds,1,4,0,0.731,1,0,0
txn_001022,2026-06-20T08:49:00,178.25,wallet,icici,network_timeout,1,0,0,0.896,720,0,1
txn_001023,2026-07-06T17:43:00,328.06,upi,kotak,insufficient_funds,1,12,1,0.579,15,0,0
txn_001024,2026-07-22T21:38:00,1194.23,netbanking,other,insufficient_funds,1,12,1,0.648,720,0,1
txn_001025,2026-06-20T16:47:00,503.96,netbanking,axis,issuer_declined,2,20,1,0.798,1,0,0
txn_001026,2026-07-25T07:35:00,663.32,netbanking,axis,issuer_declined,3,23,0,0.624,30,0,0
txn_001027,2026-07-22T17:03:00,4446.44,card,icici,bank_server_down,2,0,0,1.0,15,0,1
txn_001028,2026-06-11T22:18:00,329.33,upi,hdfc,gateway_error,1,13,0,0.665,15,0,1
txn_001029,2026-06-11T05:56:00,1357.13,netbanking,other,bank_server_down,2,20,0,1.0,30,0,1
txn_001030,2026-06-06T22:20:00,3500.32,card,other,insufficient_funds,1,17,1,0.653,180,0,1
txn_001031,2026-06-26T13:28:00,142.73,wallet,hdfc,network_timeout,3,14,0,0.667,1,0,0
txn_001032,2026-07-15T11:12:00,268.66,wallet,axis,issuer_declined,1,0,0,0.356,60,0,0
txn_001033,2026-06-14T06:16:00,351.31,upi,kotak,issuer_declined,1,14,0,0.419,180,0,0
txn_001034,2026-07-08T02:54:00,237.82,netbanking,idfc,bank_server_down,2,14,0,0.899,30,0,1
txn_001035,2026-06-04T21:24:00,3543.74,wallet,icici,bank_server_down,2,10,0,0.483,180,0,1
txn_001036,2026-06-08T10:34:00,1044.94,card,yesbank,bank_server_down,1,5,0,1.0,720,0,1
txn_001037,2026-07-15T12:37:00,725.59,upi,hdfc,issuer_declined,2,8,0,0.793,180,0,0
txn_001038,2026-07-12T07:01:00,846.86,netbanking,idfc,insufficient_funds,2,7,0,0.494,5,0,0
txn_001039,2026-06-09T18:59:00,2041.1,card,hdfc,insufficient_funds,1,2,0,0.726,5,0,0
txn_001040,2026-07-03T13:00:00,181.93,card,hdfc,gateway_error,2,6,1,0.858,1,0,1
txn_001041,2026-06-03T20:51:00,414.28,upi,kotak,invalid_otp,1,9,0,0.446,1,0,0
txn_001042,2026-07-15T15:05:00,277.14,netbanking,hdfc,network_timeout,2,12,0,0.485,15,0,0
txn_001043,2026-07-01T17:01:00,234.49,wallet,hdfc,gateway_error,2,2,1,0.623,30,0,1
txn_001044,2026-06-03T13:40:00,315.09,wallet,hdfc,bank_server_down,1,22,0,0.696,5,0,1
txn_001045,2026-07-18T00:49:00,670.01,wallet,icici,gateway_error,2,22,0,0.407,15,0,1
txn_001046,2026-07-30T12:24:00,927.85,wallet,kotak,network_timeout,2,21,1,0.793,1,0,1
txn_001047,2026-06-13T16:05:00,411.39,wallet,hdfc,gateway_error,1,21,0,0.638,1,0,1
txn_001048,2026-06-04T01:15:00,642.03,upi,other,insufficient_funds,1,13,1,0.622,1,0,0
txn_001049,2026-06-15T17:53:00,218.54,wallet,icici,bank_server_down,1,21,0,1.0,5,0,1
txn_001050,2026-06-14T09:58:00,480.88,card,axis,insufficient_funds,2,2,0,0.634,1,0,0
txn_001051,2026-06-23T04:19:00,405.98,wallet,hdfc,bank_server_down,2,0,1,0.697,720,0,1
txn_001052,2026-06-12T13:20:00,1203.9,card,axis,risk_block,1,6,1,0.553,720,1,0
txn_001053,2026-06-24T21:22:00,10.43,card,icici,risk_block,1,2,0,0.728,15,1,0
txn_001054,2026-07-08T00:04:00,2525.89,wallet,hdfc,network_timeout,1,19,0,0.911,720,0,1
txn_001055,2026-07-29T09:09:00,864.54,card,axis,invalid_otp,1,2,0,0.797,720,0,1
txn_001056,2026-07-06T03:26:00,203.93,netbanking,idfc,insufficient_funds,1,10,0,0.64,30,0,0
txn_001057,2026-07-25T02:33:00,245.58,card,other,issuer_declined,2,10,0,0.98,15,0,0
txn_001058,2026-07-09T13:54:00,3907.64,netbanking,yesbank,card_expired,1,11,0,0.567,15,0,0
txn_001059,2026-07-18T08:12:00,4146.52,card,sbi,invalid_otp,1,6,0,0.55,720,0,1
txn_001060,2026-07-22T17:13:00,47.29,netbanking,axis,insufficient_funds,2,10,1,0.57,30,0,0
txn_001061,2026-06-24T04:38:00,403.92,netbanking,sbi,network_timeout,2,3,0,0.736,5,0,0
txn_001062,2026-06-29T12:04:00,689.66,wallet,kotak,gateway_error,1,8,1,0.987,30,0,1
txn_001063,2026-07-09T12:38:00,178.23,card,icici,insufficient_funds,1,1,1,0.913,5,0,0
txn_001064,2026-06-22T12:20:00,1186.61,upi,hdfc,insufficient_funds,2,7,1,0.578,60,0,1
txn_001065,2026-06-12T08:06:00,411.31,netbanking,axis,insufficient_funds,1,0,0,0.687,15,0,0
txn_001066,2026-07-25T14:06:00,191.14,wallet,axis,insufficient_funds,1,5,0,1.0,30,0,0
txn_001067,2026-06-19T16:06:00,487.6,wallet,axis,risk_block,1,4,0,0.573,60,1,0
txn_001068,2026-06-08T00:59:00,2096.24,wallet,idfc,risk_block,1,10,1,0.555,5,1,0
txn_001069,2026-07-13T18:06:00,1320.31,wallet,sbi,invalid_otp,1,10,0,0.627,30,0,0
txn_001070,2026-06-09T03:25:00,423.77,card,icici,gateway_error,1,12,0,0.932,30,0,0
txn_001071,2026-07-05T17:16:00,388.28,netbanking,axis,network_timeout,2,7,0,0.424,720,0,1
txn_001072,2026-06-13T21:24:00,1058.47,card,icici,bank_server_down,1,19,0,1.0,30,0,1
txn_001073,2026-06-17T00:21:00,316.51,netbanking,sbi,risk_block,2,16,1,0.531,720,1,0
txn_001074,2026-06-12T07:10:00,1764.76,wallet,idfc,bank_server_down,1,6,0,0.743,720,0,1
txn_001075,2026-07-26T10:18:00,682.34,netbanking,sbi,issuer_declined,1,16,0,0.832,720,0,1
txn_001076,2026-06-27T03:24:00,371.82,netbanking,other,issuer_declined,1,3,0,0.674,30,0,0
txn_001077,2026-07-07T21:10:00,940.89,wallet,idfc,network_timeout,2,16,0,0.371,60,0,1
txn_001078,2026-07-05T19:44:00,673.1,wallet,sbi,issuer_declined,1,1,1,0.607,60,0,0
txn_001079,2026-06-13T17:29:00,429.77,netbanking,hdfc,network_timeout,2,0,1,0.72,60,0,1
txn_001080,2026-06-05T16:10:00,265.57,netbanking,idfc,invalid_otp,2,15,0,0.626,5,0,1
txn_001081,2026-07-17T15:42:00,442.43,card,icici,bank_server_down,2,14,0,0.776,15,0,1
txn_001082,2026-06-06T10:49:00,196.35,upi,other,card_expired,1,9,0,0.832,180,0,0
txn_001083,2026-07-10T21:41:00,147.64,card,yesbank,insufficient_funds,2,19,0,0.706,60,0,0
txn_001084,2026-07-11T00:53:00,1331.9,wallet,hdfc,issuer_declined,1,23,0,1.0,30,0,0
txn_001085,2026-07-09T00:14:00,191.33,netbanking,sbi,issuer_declined,1,12,1,0.827,30,0,0
txn_001086,2026-06-20T22:37:00,749.36,card,idfc,issuer_declined,1,6,1,0.819,30,0,0
txn_001087,2026-07-20T20:57:00,73.55,card,other,network_timeout,3,10,0,1.0,15,0,0
txn_001088,2026-06-03T00:33:00,774.1,netbanking,yesbank,risk_block,2,22,0,0.84,5,1,0
txn_001089,2026-06-14T11:14:00,2179.76,netbanking,yesbank,network_timeout,1,23,0,0.418,15,0,1
txn_001090,2026-06-08T09:13:00,614.34,card,axis,card_expired,1,3,0,0.548,60,0,0
txn_001091,2026-07-15T06:49:00,162.8,wallet,icici,bank_server_down,1,13,1,1.0,1,0,1
txn_001092,2026-06-08T13:03:00,880.59,wallet,idfc,risk_block,2,7,0,0.78,15,1,0
txn_001093,2026-06-17T03:54:00,209.43,upi,hdfc,insufficient_funds,2,2,0,0.683,1,0,1
txn_001094,2026-06-04T14:19:00,2059.25,netbanking,yesbank,insufficient_funds,2,2,1,0.693,60,0,1
txn_001095,2026-06-24T15:56:00,648.83,card,sbi,invalid_otp,1,9,0,0.8,1,0,1
txn_001096,2026-07-17T07:39:00,1269.26,upi,other,insufficient_funds,1,1,0,0.838,30,0,1
txn_001097,2026-07-24T11:48:00,1418.48,wallet,idfc,bank_server_down,1,9,0,0.417,1,0,1
txn_001098,2026-07-21T06:07:00,1194.98,card,icici,risk_block,1,10,0,0.678,1,1,0
txn_001099,2026-07-06T11:00:00,5832.68,netbanking,axis,issuer_declined,1,11,1,0.766,720,0,0
txn_001100,2026-06-29T15:39:00,1092.14,wallet,other,insufficient_funds,1,22,0,0.853,180,0,0
txn_001101,2026-07-25T23:17:00,1530.74,card,hdfc,gateway_error,1,8,0,0.833,5,0,1
txn_001102,2026-07-16T14:37:00,1360.64,netbanking,axis,network_timeout,2,0,0,0.78,1,0,1
txn_001103,2026-06-18T21:36:00,7280.78,card,yesbank,insufficient_funds,1,23,0,1.0,60,0,0
txn_001104,2026-07-26T09:51:00,592.95,upi,other,network_timeout,2,0,0,0.779,30,0,0
txn_001105,2026-07-19T07:25:00,580.09,netbanking,axis,card_expired,2,20,0,0.591,30,0,0
txn_001106,2026-06-28T20:54:00,2278.97,card,other,bank_server_down,1,17,0,0.94,720,0,1
txn_001107,2026-06-19T05:28:00,1019.65,upi,other,issuer_declined,3,3,0,0.473,5,0,0
txn_001108,2026-06-24T09:37:00,433.41,wallet,icici,insufficient_funds,1,15,1,0.719,180,0,1
txn_001109,2026-06-01T07:16:00,1309.25,wallet,axis,network_timeout,1,9,0,0.648,5,0,0
txn_001110,2026-06-09T09:02:00,599.07,upi,kotak,gateway_error,1,17,0,0.64,1,0,1
txn_001111,2026-07-02T03:19:00,745.48,wallet,axis,bank_server_down,2,0,0,1.0,1,0,1
txn_001112,2026-06-18T07:22:00,434.83,card,other,insufficient_funds,1,12,0,0.842,30,0,1
txn_001113,2026-07-22T23:14:00,2202.25,wallet,icici,invalid_otp,2,14,0,0.738,30,0,1
txn_001114,2026-07-24T23:10:00,249.38,netbanking,yesbank,bank_server_down,1,10,0,0.868,60,0,1
txn_001115,2026-06-13T11:06:00,2957.18,wallet,yesbank,insufficient_funds,2,7,0,0.613,1,0,0
txn_001116,2026-06-26T22:55:00,42.33,wallet,sbi,invalid_otp,1,2,0,0.392,30,0,1
txn_001117,2026-06-20T07:47:00,5167.59,upi,sbi,bank_server_down,1,3,0,0.704,1,0,1
txn_001118,2026-07-20T16:53:00,193.27,upi,axis,invalid_otp,3,17,0,0.997,60,0,0
txn_001119,2026-07-14T09:58:00,428.23,netbanking,icici,bank_server_down,1,8,0,1.0,1,0,1
txn_001120,2026-07-22T19:01:00,740.73,netbanking,idfc,insufficient_funds,2,18,0,0.723,5,0,0
txn_001121,2026-07-18T14:27:00,541.04,upi,hdfc,issuer_declined,3,4,1,0.877,30,0,1
txn_001122,2026-07-24T18:33:00,731.74,card,other,risk_block,1,6,0,0.796,5,1,0
txn_001123,2026-06-12T16:02:00,196.03,netbanking,kotak,network_timeout,1,20,0,0.921,180,0,1
txn_001124,2026-06-02T06:03:00,2647.27,upi,axis,card_expired,1,4,0,0.731,5,0,0
txn_001125,2026-06-26T00:53:00,591.65,netbanking,axis,network_timeout,2,20,0,0.626,180,0,1
txn_001126,2026-06-01T06:40:00,282.74,card,sbi,network_timeout,2,21,0,0.233,30,0,1
txn_001127,2026-07-14T01:47:00,1781.22,card,hdfc,network_timeout,2,6,0,0.823,30,0,1
txn_001128,2026-06-21T01:49:00,296.75,upi,other,issuer_declined,2,14,1,0.994,15,0,1
txn_001129,2026-07-04T18:05:00,2965.16,card,hdfc,network_timeout,3,12,1,0.255,1,0,1
txn_001130,2026-06-23T22:43:00,2732.09,upi,kotak,card_expired,1,9,0,0.341,5,0,0
txn_001131,2026-06-28T21:12:00,2408.33,card,other,issuer_declined,1,22,0,0.596,5,0,1
txn_001132,2026-07-13T22:46:00,1105.54,wallet,kotak,issuer_declined,2,6,0,0.97,15,0,1
txn_001133,2026-06-07T22:36:00,182.89,card,yesbank,invalid_otp,1,15,0,0.508,60,0,1
txn_001134,2026-06-13T08:29:00,557.7,card,axis,insufficient_funds,3,14,0,0.991,60,0,0
txn_001135,2026-06-09T12:12:00,516.5,card,axis,bank_server_down,1,0,0,1.0,30,0,1
txn_001136,2026-06-16T04:53:00,239.08,card,icici,bank_server_down,2,19,0,0.724,180,0,1
txn_001137,2026-07-09T21:01:00,1427.28,upi,other,invalid_otp,1,13,0,0.576,60,0,1
txn_001138,2026-06-22T07:39:00,755.29,netbanking,other,invalid_otp,2,23,1,0.879,5,0,0
txn_001139,2026-06-19T14:00:00,1436.17,card,axis,issuer_declined,2,9,0,0.736,1,0,0
txn_001140,2026-06-15T08:08:00,2803.02,netbanking,idfc,bank_server_down,1,0,1,0.894,30,0,1
txn_001141,2026-07-24T07:18:00,255.01,card,idfc,insufficient_funds,1,5,1,0.437,60,0,0
txn_001142,2026-06-29T17:43:00,3069.16,wallet,sbi,gateway_error,3,21,0,0.475,720,0,1
txn_001143,2026-06-21T21:52:00,294.83,card,hdfc,bank_server_down,1,17,0,0.409,5,0,0
txn_001144,2026-06-22T21:20:00,377.03,upi,other,issuer_declined,1,22,0,0.473,5,0,0
txn_001145,2026-07-15T15:31:00,720.77,upi,axis,gateway_error,1,16,0,0.667,5,0,1
txn_001146,2026-06-30T07:04:00,1384.68,card,sbi,risk_block,1,20,1,0.524,180,1,0
txn_001147,2026-07-28T23:38:00,6987.98,netbanking,yesbank,network_timeout,2,22,1,0.893,720,0,1
txn_001148,2026-06-03T08:27:00,552.05,upi,axis,invalid_otp,1,14,0,0.477,180,0,0
txn_001149,2026-07-23T11:07:00,513.91,netbanking,yesbank,issuer_declined,2,16,0,0.714,720,0,1
txn_001150,2026-06-04T16:13:00,796.91,netbanking,other,card_expired,2,4,1,0.368,15,0,0
txn_001151,2026-07-05T09:08:00,9675.85,wallet,hdfc,card_expired,1,12,0,0.565,60,0,0
txn_001152,2026-07-05T03:54:00,268.83,card,idfc,card_expired,1,7,0,0.884,5,0,0
txn_001153,2026-07-18T20:40:00,204.95,upi,other,issuer_declined,1,17,0,1.0,720,0,0
txn_001154,2026-06-24T19:29:00,419.99,upi,hdfc,insufficient_funds,1,3,0,0.306,60,0,0
txn_001155,2026-06-23T01:09:00,788.57,netbanking,sbi,invalid_otp,1,7,0,0.741,1,0,1
txn_001156,2026-06-15T10:27:00,1761.93,upi,sbi,insufficient_funds,1,9,0,0.538,15,0,0
txn_001157,2026-07-06T12:22:00,269.13,wallet,sbi,insufficient_funds,1,16,0,0.868,30,0,0
txn_001158,2026-07-20T11:13:00,221.8,wallet,sbi,bank_server_down,1,9,0,0.602,180,0,1
txn_001159,2026-06-10T22:02:00,448.84,netbanking,axis,invalid_otp,1,8,0,0.958,1,0,0
txn_001160,2026-06-19T15:02:00,452.64,card,kotak,bank_server_down,1,1,0,0.65,720,0,1
txn_001161,2026-06-09T04:44:00,196.87,card,yesbank,gateway_error,2,18,0,0.608,5,0,0
txn_001162,2026-06-20T17:34:00,4739.21,wallet,other,insufficient_funds,3,17,1,0.725,180,0,1
txn_001163,2026-06-30T19:18:00,153.63,netbanking,axis,insufficient_funds,3,1,0,0.96,60,0,0
txn_001164,2026-06-10T17:11:00,4366.34,upi,other,gateway_error,1,16,0,0.868,720,0,1
txn_001165,2026-06-26T19:38:00,1185.56,wallet,icici,bank_server_down,1,16,0,0.558,180,0,1
txn_001166,2026-07-18T20:58:00,1163.08,upi,idfc,issuer_declined,1,19,0,0.881,1,0,0
txn_001167,2026-06-15T08:27:00,731.89,netbanking,icici,invalid_otp,1,12,0,0.828,30,0,1
txn_001168,2026-06-12T20:06:00,338.19,card,icici,gateway_error,1,10,0,1.0,720,0,1
txn_001169,2026-06-09T17:40:00,3580.01,wallet,hdfc,card_expired,3,10,1,0.251,180,0,0
txn_001170,2026-06-20T08:59:00,265.31,card,idfc,insufficient_funds,2,19,1,0.834,30,0,1
txn_001171,2026-07-15T04:05:00,329.03,card,axis,insufficient_funds,1,1,0,0.826,30,0,0
txn_001172,2026-07-21T02:07:00,234.72,card,axis,network_timeout,1,17,1,0.596,15,0,1
txn_001173,2026-07-26T03:07:00,217.5,card,idfc,issuer_declined,1,11,0,0.874,180,0,0
txn_001174,2026-07-25T10:01:00,1482.24,netbanking,icici,issuer_declined,2,5,0,0.573,720,0,1
txn_001175,2026-07-12T12:35:00,5074.38,wallet,idfc,issuer_declined,2,17,0,0.712,720,0,0
txn_001176,2026-07-16T13:13:00,738.78,netbanking,sbi,insufficient_funds,1,12,0,0.876,15,0,1
txn_001177,2026-07-21T18:46:00,61.47,card,sbi,risk_block,1,13,0,0.909,180,1,1
txn_001178,2026-07-26T05:25:00,578.96,wallet,icici,network_timeout,1,0,0,0.775,180,0,1
txn_001179,2026-07-02T08:58:00,3188.92,netbanking,axis,bank_server_down,2,21,0,1.0,720,0,1
txn_001180,2026-07-20T13:28:00,3828.01,upi,sbi,gateway_error,1,13,0,0.786,60,0,1
txn_001181,2026-07-09T18:30:00,120.66,wallet,kotak,invalid_otp,1,18,0,1.0,1,0,1
txn_001182,2026-06-14T13:23:00,1548.08,card,axis,insufficient_funds,2,10,0,0.718,15,0,1
txn_001183,2026-07-10T12:37:00,852.27,netbanking,kotak,bank_server_down,1,0,0,0.72,180,0,1
txn_001184,2026-06-05T08:40:00,2913.25,wallet,icici,invalid_otp,2,6,1,0.791,720,0,0
txn_001185,2026-07-28T07:14:00,891.96,wallet,hdfc,gateway_error,1,9,0,0.715,30,0,0
txn_001186,2026-07-06T13:34:00,856.03,wallet,idfc,card_expired,1,11,1,0.953,30,0,0
txn_001187,2026-07-15T18:59:00,4021.49,wallet,sbi,insufficient_funds,1,13,0,0.577,1,0,0
txn_001188,2026-06-18T18:34:00,4140.48,wallet,idfc,issuer_declined,1,2,0,0.525,60,0,0
txn_001189,2026-06-19T15:38:00,2363.19,wallet,axis,insufficient_funds,3,5,1,0.537,1,0,0
txn_001190,2026-07-02T09:35:00,497.55,card,icici,risk_block,1,13,1,0.668,30,1,0
txn_001191,2026-06-05T08:23:00,267.08,card,axis,network_timeout,1,17,0,1.0,720,0,1
txn_001192,2026-06-10T05:58:00,1366.2,wallet,kotak,insufficient_funds,1,3,0,0.927,180,0,1
txn_001193,2026-06-17T14:26:00,664.26,upi,sbi,network_timeout,2,5,1,0.457,720,0,1
txn_001194,2026-06-22T06:53:00,2677.41,card,kotak,insufficient_funds,1,5,0,0.888,180,0,0
txn_001195,2026-07-24T13:50:00,98.23,card,axis,issuer_declined,1,10,0,0.524,180,0,1
txn_001196,2026-06-02T09:46:00,496.64,wallet,idfc,card_expired,1,12,0,0.916,720,0,0
txn_001197,2026-07-04T07:37:00,723.22,upi,idfc,bank_server_down,2,5,1,0.665,30,0,1
txn_001198,2026-07-07T05:17:00,538.54,netbanking,other,insufficient_funds,2,2,0,0.979,5,0,1
txn_001199,2026-06-04T02:04:00,176.46,upi,kotak,gateway_error,1,17,0,0.837,1,0,0
txn_001200,2026-07-28T07:11:00,1384.64,card,idfc,gateway_error,1,9,0,0.415,60,0,1
txn_001201,2026-06-17T07:07:00,306.97,upi,kotak,insufficient_funds,2,16,0,0.983,30,0,1
txn_001202,2026-06-06T18:40:00,514.39,wallet,other,bank_server_down,3,21,1,0.533,1,0,0
txn_001203,2026-06-12T18:52:00,1002.85,wallet,other,issuer_declined,2,17,1,0.925,180,0,0
txn_001204,2026-06-25T12:21:00,988.98,card,other,bank_server_down,2,16,1,0.574,15,0,1
txn_001205,2026-07-02T04:29:00,368.51,netbanking,idfc,risk_block,1,21,0,0.664,60,1,0
txn_001206,2026-06-23T10:45:00,189.16,netbanking,kotak,risk_block,1,14,0,0.498,15,1,0
txn_001207,2026-06-17T23:38:00,1611.51,card,kotak,invalid_otp,1,18,0,0.762,180,0,0
txn_001208,2026-07-06T14:37:00,119.11,netbanking,other,card_expired,2,10,0,0.623,60,0,0
txn_001209,2026-06-21T09:47:00,1505.52,upi,other,bank_server_down,2,17,0,0.733,15,0,0
txn_001210,2026-07-04T03:39:00,831.88,netbanking,icici,insufficient_funds,2,6,0,0.582,1,0,1
txn_001211,2026-07-09T04:22:00,363.72,netbanking,icici,insufficient_funds,1,10,0,0.746,60,0,0
txn_001212,2026-06-10T22:20:00,1845.03,upi,axis,network_timeout,3,10,1,0.682,180,0,0
txn_001213,2026-07-26T01:47:00,1253.71,upi,hdfc,bank_server_down,3,12,0,0.913,30,0,1
txn_001214,2026-07-01T02:50:00,154.98,card,other,issuer_declined,1,7,0,0.835,5,0,0
txn_001215,2026-06-13T13:56:00,193.71,wallet,idfc,card_expired,2,18,0,0.515,15,0,0
txn_001216,2026-06-27T05:13:00,214.72,netbanking,yesbank,network_timeout,3,23,0,0.77,180,0,0
txn_001217,2026-06-21T21:30:00,542.84,card,kotak,insufficient_funds,1,4,0,0.833,15,0,0
txn_001218,2026-06-28T14:29:00,161.82,card,icici,invalid_otp,2,1,0,0.428,180,0,1
txn_001219,2026-06-27T15:20:00,642.05,wallet,idfc,bank_server_down,1,22,0,0.45,30,0,1
txn_001220,2026-06-13T04:07:00,2020.34,card,hdfc,invalid_otp,2,2,0,0.837,720,0,1
txn_001221,2026-07-18T07:03:00,343.66,upi,sbi,insufficient_funds,1,20,1,0.883,1,0,0
txn_001222,2026-07-12T12:12:00,68.68,netbanking,other,bank_server_down,1,14,0,0.742,180,0,1
txn_001223,2026-06-03T23:25:00,629.33,card,yesbank,insufficient_funds,1,23,0,0.709,5,0,0
txn_001224,2026-07-29T17:56:00,347.86,upi,other,bank_server_down,1,7,0,0.599,30,0,0
txn_001225,2026-06-30T15:46:00,1034.13,upi,other,network_timeout,3,22,0,0.428,720,0,0
txn_001226,2026-07-04T02:29:00,3457.88,card,axis,insufficient_funds,1,18,1,0.615,5,0,1
txn_001227,2026-06-23T11:52:00,402.88,card,axis,issuer_declined,2,23,0,0.824,720,0,0
txn_001228,2026-07-23T23:58:00,3403.69,netbanking,kotak,gateway_error,2,15,0,0.812,720,0,0
txn_001229,2026-06-20T12:00:00,581.26,card,sbi,network_timeout,3,10,1,0.48,30,0,0
txn_001230,2026-07-04T03:50:00,934.48,netbanking,sbi,network_timeout,1,16,1,0.848,1,0,1
txn_001231,2026-07-02T19:05:00,246.3,upi,axis,network_timeout,2,19,0,0.489,720,0,1
txn_001232,2026-06-19T09:15:00,128.86,netbanking,yesbank,invalid_otp,2,12,0,1.0,720,0,0
txn_001233,2026-06-09T12:24:00,777.82,netbanking,axis,insufficient_funds,2,2,0,1.0,60,0,0
txn_001234,2026-07-17T13:07:00,4674.33,card,sbi,insufficient_funds,2,18,0,0.831,15,0,0
txn_001235,2026-07-12T21:38:00,664.71,card,hdfc,insufficient_funds,1,3,1,0.787,5,0,1
txn_001236,2026-06-13T09:04:00,963.15,card,hdfc,network_timeout,1,12,0,0.763,180,0,1
txn_001237,2026-06-17T06:40:00,146.67,wallet,axis,issuer_declined,1,23,1,0.789,5,0,0
txn_001238,2026-07-23T11:13:00,339.79,netbanking,icici,network_timeout,2,0,0,0.642,15,0,0
txn_001239,2026-06-07T00:13:00,889.89,card,sbi,invalid_otp,1,0,0,0.662,15,0,0
txn_001240,2026-07-12T07:11:00,1709.6,upi,axis,issuer_declined,2,11,1,0.683,1,0,1
txn_001241,2026-06-07T19:43:00,531.58,netbanking,axis,insufficient_funds,1,10,0,0.728,720,0,1
txn_001242,2026-06-16T03:24:00,179.82,card,hdfc,risk_block,1,1,0,0.796,30,1,0
txn_001243,2026-06-24T18:17:00,259.75,upi,other,invalid_otp,1,0,0,0.877,1,0,1
txn_001244,2026-07-22T09:00:00,108.62,card,hdfc,gateway_error,1,9,1,0.909,30,0,0
txn_001245,2026-06-16T16:47:00,336.97,wallet,yesbank,gateway_error,1,19,1,0.408,15,0,1
txn_001246,2026-07-17T19:14:00,1403.59,netbanking,other,gateway_error,1,8,0,0.787,1,0,0
txn_001247,2026-07-09T13:49:00,5965.01,card,hdfc,insufficient_funds,1,13,0,0.447,1,0,0
txn_001248,2026-07-13T04:26:00,3972.39,upi,icici,card_expired,1,14,1,0.785,15,0,0
txn_001249,2026-07-19T07:19:00,591.23,upi,idfc,insufficient_funds,1,14,0,1.0,15,0,1
txn_001250,2026-07-03T08:14:00,258.24,wallet,kotak,gateway_error,1,3,0,0.604,60,0,0
txn_001251,2026-06-15T06:03:00,659.13,wallet,kotak,network_timeout,1,17,1,0.527,5,0,1
txn_001252,2026-06-06T05:47:00,578.18,wallet,kotak,issuer_declined,1,11,0,0.871,30,0,1
txn_001253,2026-07-13T12:57:00,542.53,wallet,idfc,gateway_error,1,10,0,0.811,30,0,1
txn_001254,2026-07-23T06:17:00,947.66,netbanking,hdfc,insufficient_funds,2,17,1,0.738,180,0,0
txn_001255,2026-07-16T05:30:00,437.95,card,icici,insufficient_funds,1,8,0,0.78,720,0,0
txn_001256,2026-06-27T15:13:00,1400.53,wallet,other,gateway_error,1,6,0,0.871,60,0,1
txn_001257,2026-06-17T15:48:00,183.44,wallet,icici,insufficient_funds,1,1,0,0.724,720,0,1
txn_001258,2026-06-13T16:53:00,3599.68,netbanking,icici,insufficient_funds,2,0,1,0.683,720,0,0
txn_001259,2026-06-03T11:55:00,782.96,wallet,hdfc,insufficient_funds,1,17,0,0.395,180,0,0
txn_001260,2026-07-24T05:19:00,16747.52,netbanking,icici,invalid_otp,2,2,1,0.722,60,0,0
txn_001261,2026-06-07T10:14:00,161.62,card,icici,network_timeout,1,0,0,0.357,180,0,1
txn_001262,2026-07-11T01:58:00,433.13,wallet,kotak,gateway_error,2,3,0,0.572,5,0,1
txn_001263,2026-06-17T08:50:00,3908.19,netbanking,other,gateway_error,1,1,0,0.937,30,0,1
txn_001264,2026-06-16T01:12:00,352.89,wallet,icici,risk_block,3,20,0,0.485,720,1,0
txn_001265,2026-07-24T14:20:00,503.21,wallet,sbi,invalid_otp,2,18,0,0.891,1,0,1
txn_001266,2026-07-21T08:30:00,790.11,upi,kotak,bank_server_down,2,13,1,0.642,15,0,1
txn_001267,2026-06-05T02:40:00,191.24,netbanking,idfc,card_expired,2,14,0,0.564,5,0,0
txn_001268,2026-06-14T19:22:00,1833.29,wallet,kotak,risk_block,1,17,1,0.685,30,1,0
txn_001269,2026-07-20T09:22:00,755.87,upi,sbi,insufficient_funds,3,4,1,0.589,180,0,0
txn_001270,2026-06-14T18:36:00,318.5,upi,axis,card_expired,2,22,0,0.799,15,0,0
txn_001271,2026-06-23T14:23:00,456.65,wallet,icici,gateway_error,1,2,1,0.818,720,0,0
txn_001272,2026-06-24T03:59:00,1047.61,card,axis,bank_server_down,1,6,0,0.849,5,0,1
txn_001273,2026-06-12T08:07:00,103.49,upi,idfc,bank_server_down,1,0,0,1.0,30,0,1
txn_001274,2026-07-15T01:50:00,6209.39,wallet,yesbank,invalid_otp,1,22,0,0.535,1,0,1
txn_001275,2026-07-07T11:21:00,1688.77,upi,sbi,risk_block,2,18,0,0.241,180,1,1
txn_001276,2026-07-06T21:50:00,306.76,card,icici,network_timeout,3,13,0,0.809,60,0,1
txn_001277,2026-07-05T16:39:00,1070.78,netbanking,idfc,invalid_otp,1,7,0,0.637,15,0,0
txn_001278,2026-06-06T07:59:00,442.32,upi,yesbank,card_expired,1,10,0,0.797,60,0,0
txn_001279,2026-07-06T22:38:00,165.96,wallet,yesbank,risk_block,1,13,0,0.843,720,1,0
txn_001280,2026-06-05T11:22:00,372.7,netbanking,axis,insufficient_funds,1,4,1,0.593,30,0,0
txn_001281,2026-06-24T20:38:00,1068.61,netbanking,sbi,insufficient_funds,2,23,0,0.533,15,0,0
txn_001282,2026-06-21T02:11:00,530.18,netbanking,yesbank,insufficient_funds,2,14,0,0.405,15,0,0
txn_001283,2026-06-10T20:48:00,195.49,upi,idfc,insufficient_funds,2,12,0,0.804,180,0,1
txn_001284,2026-07-09T23:22:00,2063.12,netbanking,yesbank,network_timeout,1,5,0,0.793,720,0,1
txn_001285,2026-06-09T09:37:00,440.17,wallet,other,gateway_error,1,10,0,0.819,180,0,0
txn_001286,2026-06-08T04:52:00,3455.98,netbanking,idfc,network_timeout,1,3,0,0.47,60,0,1
txn_001287,2026-06-14T09:43:00,2036.56,netbanking,other,insufficient_funds,1,4,0,0.71,720,0,0
txn_001288,2026-07-19T10:48:00,315.37,card,hdfc,issuer_declined,1,23,0,0.745,60,0,0
txn_001289,2026-06-24T01:09:00,474.61,netbanking,sbi,insufficient_funds,1,16,1,0.575,5,0,0
txn_001290,2026-06-18T14:48:00,175.11,netbanking,hdfc,bank_server_down,1,9,0,0.801,1,0,1
txn_001291,2026-07-07T05:45:00,2493.44,wallet,kotak,insufficient_funds,1,23,0,1.0,1,0,1
txn_001292,2026-06-07T14:58:00,1558.57,card,kotak,issuer_declined,1,5,0,0.891,30,0,0
txn_001293,2026-06-18T16:35:00,908.26,netbanking,hdfc,risk_block,1,2,0,0.721,15,1,0
txn_001294,2026-07-28T17:48:00,1528.91,card,yesbank,insufficient_funds,2,4,1,0.65,15,0,1
txn_001295,2026-07-03T17:15:00,530.2,upi,idfc,issuer_declined,2,16,0,0.651,15,0,1
txn_001296,2026-07-21T06:53:00,1449.0,wallet,hdfc,bank_server_down,2,17,0,0.445,30,0,1
txn_001297,2026-07-27T14:59:00,906.16,netbanking,axis,insufficient_funds,1,17,0,0.504,180,0,0
txn_001298,2026-06-13T12:26:00,870.28,wallet,sbi,card_expired,2,10,0,0.769,720,0,0
txn_001299,2026-06-10T09:27:00,328.1,card,hdfc,bank_server_down,2,6,0,0.62,5,0,1
txn_001300,2026-06-11T15:31:00,343.42,upi,other,insufficient_funds,2,16,0,0.591,5,0,1
txn_001301,2026-07-21T19:12:00,1198.72,card,sbi,insufficient_funds,1,13,0,1.0,60,0,0
txn_001302,2026-07-21T08:07:00,137.21,wallet,idfc,gateway_error,1,9,1,0.78,180,0,1
txn_001303,2026-07-29T09:24:00,889.92,netbanking,axis,bank_server_down,2,16,0,0.662,720,0,1
txn_001304,2026-06-17T14:24:00,228.08,netbanking,kotak,insufficient_funds,1,3,1,0.725,720,0,0
txn_001305,2026-06-09T09:02:00,585.6,netbanking,yesbank,insufficient_funds,1,0,0,0.331,30,0,0
txn_001306,2026-07-20T07:15:00,439.2,wallet,yesbank,insufficient_funds,2,2,0,1.0,1,0,0
txn_001307,2026-06-27T18:41:00,1752.76,wallet,kotak,bank_server_down,1,16,0,0.598,30,0,1
txn_001308,2026-07-14T00:08:00,129.59,wallet,idfc,card_expired,1,0,0,0.494,180,0,0
txn_001309,2026-07-25T03:08:00,442.41,wallet,icici,card_expired,1,18,0,0.864,30,0,1
txn_001310,2026-07-21T08:41:00,1446.08,upi,icici,bank_server_down,1,20,0,0.856,15,0,0
txn_001311,2026-07-06T01:15:00,389.53,netbanking,sbi,risk_block,1,3,0,0.639,5,1,0
txn_001312,2026-06-17T02:43:00,981.54,upi,icici,invalid_otp,1,20,0,0.512,5,0,1
txn_001313,2026-06-13T00:07:00,681.93,wallet,yesbank,insufficient_funds,2,1,0,0.854,180,0,0
txn_001314,2026-07-04T10:05:00,157.5,netbanking,kotak,insufficient_funds,2,1,0,0.991,5,0,1
txn_001315,2026-06-26T08:16:00,915.49,upi,hdfc,network_timeout,1,22,0,0.931,5,0,1
txn_001316,2026-07-30T08:12:00,715.28,wallet,sbi,risk_block,2,19,0,0.725,1,1,0
txn_001317,2026-07-04T23:08:00,2343.97,card,sbi,gateway_error,3,7,1,1.0,60,0,0
txn_001318,2026-06-10T22:34:00,1960.91,upi,hdfc,insufficient_funds,1,1,1,0.991,720,0,0
txn_001319,2026-07-25T00:50:00,40.05,upi,yesbank,gateway_error,1,14,1,0.736,1,0,1
txn_001320,2026-06-30T18:50:00,2121.23,upi,hdfc,bank_server_down,2,22,0,0.907,15,0,1
txn_001321,2026-06-26T09:32:00,2151.78,card,sbi,invalid_otp,1,13,0,0.857,5,0,1
txn_001322,2026-06-07T10:29:00,1542.71,upi,idfc,gateway_error,1,4,0,0.627,5,0,0
txn_001323,2026-07-03T18:18:00,1117.22,netbanking,hdfc,insufficient_funds,1,21,1,0.566,720,0,0
txn_001324,2026-06-18T15:16:00,1518.98,card,yesbank,network_timeout,2,16,1,0.932,180,0,1
txn_001325,2026-06-28T02:48:00,674.58,card,kotak,invalid_otp,1,5,0,1.0,180,0,0
txn_001326,2026-07-04T03:39:00,474.81,card,hdfc,network_timeout,2,14,0,0.549,15,0,1
txn_001327,2026-07-28T05:56:00,1043.09,card,axis,gateway_error,1,0,0,0.55,1,0,1
txn_001328,2026-06-03T03:58:00,172.17,upi,icici,invalid_otp,1,9,0,0.486,5,0,1
txn_001329,2026-06-01T23:06:00,6160.98,netbanking,axis,network_timeout,1,5,0,0.79,720,0,0
txn_001330,2026-07-28T16:22:00,97.53,wallet,hdfc,insufficient_funds,1,5,0,0.81,60,0,1
txn_001331,2026-07-03T05:01:00,588.61,netbanking,hdfc,risk_block,1,15,1,0.758,60,1,0
txn_001332,2026-06-11T18:54:00,2389.2,netbanking,hdfc,issuer_declined,3,21,0,0.724,180,0,0
txn_001333,2026-06-21T03:36:00,505.86,netbanking,sbi,insufficient_funds,1,22,0,0.872,60,0,0
txn_001334,2026-06-06T09:35:00,2576.36,netbanking,sbi,gateway_error,2,7,0,0.687,30,0,1
txn_001335,2026-07-14T11:06:00,1044.85,wallet,hdfc,network_timeout,3,13,0,0.645,30,0,0
txn_001336,2026-07-05T03:07:00,669.07,card,other,bank_server_down,3,4,0,0.584,15,0,1
txn_001337,2026-06-20T08:14:00,457.53,upi,hdfc,risk_block,1,5,0,0.818,1,1,1
txn_001338,2026-07-23T03:02:00,211.29,netbanking,kotak,gateway_error,1,9,1,0.749,5,0,1
txn_001339,2026-06-05T05:21:00,1463.42,card,axis,issuer_declined,2,3,1,0.776,30,0,0
txn_001340,2026-06-01T14:11:00,682.67,upi,idfc,bank_server_down,1,4,0,0.558,720,0,1
txn_001341,2026-06-16T13:32:00,52.76,netbanking,other,bank_server_down,3,18,0,0.344,720,0,1
txn_001342,2026-07-18T09:24:00,2050.47,wallet,kotak,invalid_otp,1,21,0,1.0,30,0,1
txn_001343,2026-06-17T11:15:00,1013.19,netbanking,other,insufficient_funds,2,14,1,0.798,720,0,0
txn_001344,2026-07-15T11:52:00,1349.94,card,icici,insufficient_funds,1,21,1,1.0,60,0,0
txn_001345,2026-06-29T11:38:00,383.6,netbanking,icici,issuer_declined,1,16,0,0.595,180,0,0
txn_001346,2026-07-14T13:50:00,87.45,wallet,other,card_expired,1,12,0,1.0,15,0,0
txn_001347,2026-06-29T07:22:00,767.77,card,icici,card_expired,1,4,0,1.0,15,0,0
txn_001348,2026-06-21T19:28:00,52.15,upi,sbi,risk_block,1,5,1,0.758,5,1,0
txn_001349,2026-06-10T23:39:00,348.01,card,hdfc,insufficient_funds,2,15,0,0.666,720,0,0
txn_001350,2026-06-14T14:04:00,2123.83,netbanking,axis,insufficient_funds,1,23,0,0.853,1,0,1
txn_001351,2026-07-16T19:33:00,1503.49,card,sbi,insufficient_funds,1,4,0,0.628,720,0,0
txn_001352,2026-07-11T01:07:00,497.7,netbanking,hdfc,insufficient_funds,2,0,0,0.522,5,0,0
txn_001353,2026-06-07T17:42:00,721.28,netbanking,idfc,network_timeout,2,2,0,0.807,180,0,0
txn_001354,2026-07-20T06:17:00,1494.06,wallet,hdfc,network_timeout,1,23,0,0.766,5,0,0
txn_001355,2026-07-07T22:37:00,523.08,upi,idfc,issuer_declined,1,2,0,0.89,60,0,1
txn_001356,2026-07-03T22:54:00,491.8,netbanking,idfc,card_expired,2,1,0,0.796,60,0,0
txn_001357,2026-06-18T03:55:00,7532.8,netbanking,kotak,bank_server_down,1,9,0,0.213,180,0,1
txn_001358,2026-06-14T08:48:00,434.82,wallet,yesbank,issuer_declined,1,4,0,0.373,1,0,0
txn_001359,2026-06-04T13:49:00,4309.66,wallet,sbi,bank_server_down,1,10,1,0.552,180,0,0
txn_001360,2026-06-19T07:07:00,277.18,wallet,icici,card_expired,2,9,0,0.578,30,0,0
txn_001361,2026-06-19T09:56:00,309.8,card,sbi,card_expired,2,5,0,0.623,5,0,0
txn_001362,2026-07-06T12:51:00,309.95,upi,axis,gateway_error,1,15,0,0.683,30,0,0
txn_001363,2026-06-19T03:31:00,370.85,netbanking,other,gateway_error,2,18,0,1.0,180,0,1
txn_001364,2026-06-19T23:44:00,418.96,card,idfc,bank_server_down,3,8,0,0.524,720,0,1
txn_001365,2026-06-28T21:13:00,283.46,card,icici,gateway_error,3,0,0,0.311,60,0,0
txn_001366,2026-06-22T19:15:00,2244.51,netbanking,sbi,card_expired,1,10,0,0.595,30,0,0
txn_001367,2026-06-25T02:24:00,73.49,netbanking,sbi,insufficient_funds,1,18,0,0.371,15,0,1
txn_001368,2026-07-12T05:10:00,1281.01,card,axis,invalid_otp,1,13,0,0.65,180,0,0
txn_001369,2026-07-20T23:16:00,816.85,card,other,card_expired,1,3,0,0.645,1,0,0
txn_001370,2026-06-25T07:23:00,240.46,netbanking,yesbank,network_timeout,2,21,1,0.323,720,0,1
txn_001371,2026-06-14T10:24:00,268.43,wallet,hdfc,risk_block,3,5,0,0.584,30,1,0
txn_001372,2026-07-29T18:33:00,539.17,wallet,other,bank_server_down,1,12,0,0.726,15,0,0
txn_001373,2026-06-12T15:40:00,326.17,netbanking,sbi,issuer_declined,1,21,0,0.922,180,0,1
txn_001374,2026-06-20T19:23:00,422.42,card,yesbank,insufficient_funds,1,6,1,0.555,180,0,0
txn_001375,2026-07-29T16:45:00,327.14,upi,other,issuer_declined,2,19,0,0.522,180,0,1
txn_001376,2026-06-14T17:22:00,233.14,wallet,axis,insufficient_funds,2,19,0,0.645,5,0,1
txn_001377,2026-06-21T05:05:00,1058.28,wallet,axis,invalid_otp,1,16,0,0.629,180,0,1
txn_001378,2026-06-05T03:31:00,270.43,card,sbi,issuer_declined,1,16,0,0.372,60,0,0
txn_001379,2026-06-15T04:43:00,1233.93,wallet,other,card_expired,2,16,0,0.737,1,0,0
txn_001380,2026-07-28T08:50:00,3564.24,netbanking,axis,network_timeout,1,17,0,1.0,180,0,1
txn_001381,2026-06-14T21:43:00,1827.68,netbanking,kotak,network_timeout,1,10,0,1.0,5,0,0
txn_001382,2026-07-28T11:10:00,1872.83,card,hdfc,insufficient_funds,1,9,1,0.443,180,0,0
txn_001383,2026-07-28T20:07:00,498.85,card,yesbank,risk_block,1,19,0,0.676,30,1,0
txn_001384,2026-07-21T20:54:00,721.83,wallet,axis,issuer_declined,1,21,0,0.731,180,0,0
txn_001385,2026-07-06T03:29:00,108.59,upi,yesbank,gateway_error,2,16,0,0.769,30,0,1
txn_001386,2026-06-25T08:43:00,188.73,netbanking,other,insufficient_funds,1,18,1,0.668,1,0,0
txn_001387,2026-07-16T04:57:00,579.58,netbanking,yesbank,insufficient_funds,2,21,1,0.605,15,0,0
txn_001388,2026-07-30T08:22:00,637.07,card,hdfc,bank_server_down,1,4,1,1.0,1,0,1
txn_001389,2026-06-04T07:22:00,316.07,card,icici,network_timeout,3,22,0,0.517,180,0,1
txn_001390,2026-06-03T13:51:00,163.9,wallet,axis,card_expired,2,15,1,0.848,30,0,0
txn_001391,2026-06-19T11:29:00,1079.51,netbanking,other,network_timeout,3,7,0,1.0,180,0,1
txn_001392,2026-06-15T10:20:00,446.74,upi,idfc,insufficient_funds,2,16,0,0.637,1,0,1
txn_001393,2026-06-13T18:26:00,638.04,upi,yesbank,insufficient_funds,1,9,0,0.922,180,0,1
txn_001394,2026-06-09T02:28:00,297.83,wallet,idfc,network_timeout,1,13,0,0.513,15,0,0
txn_001395,2026-07-13T19:17:00,2405.0,card,idfc,network_timeout,1,1,1,0.868,15,0,0
txn_001396,2026-07-05T14:27:00,916.02,wallet,kotak,insufficient_funds,1,14,0,0.528,5,0,0
txn_001397,2026-06-19T18:49:00,1642.69,card,hdfc,bank_server_down,1,23,1,0.909,30,0,1
txn_001398,2026-06-26T15:22:00,3743.23,card,icici,network_timeout,1,16,0,0.556,30,0,1
txn_001399,2026-06-07T15:27:00,376.99,wallet,axis,network_timeout,3,8,0,0.683,180,0,1
txn_001400,2026-07-12T00:59:00,43.02,netbanking,icici,issuer_declined,2,18,1,0.962,15,0,0
txn_001401,2026-07-09T05:47:00,259.82,netbanking,idfc,bank_server_down,2,21,0,0.788,60,0,1
txn_001402,2026-07-22T23:23:00,873.81,wallet,axis,insufficient_funds,3,16,0,0.815,1,0,0
txn_001403,2026-07-08T13:46:00,165.13,upi,sbi,network_timeout,1,1,0,0.83,15,0,1
txn_001404,2026-06-14T12:08:00,1443.95,wallet,sbi,network_timeout,1,7,1,0.365,30,0,0
txn_001405,2026-07-06T19:34:00,1352.69,card,hdfc,issuer_declined,1,23,0,0.744,720,0,0
txn_001406,2026-07-23T05:11:00,410.77,wallet,axis,risk_block,3,21,0,0.521,720,1,0
txn_001407,2026-07-21T03:05:00,1584.48,upi,kotak,invalid_otp,1,6,1,0.656,5,0,0
txn_001408,2026-06-27T15:31:00,1651.98,card,kotak,network_timeout,2,13,1,0.98,5,0,1
txn_001409,2026-07-07T01:36:00,897.89,wallet,axis,insufficient_funds,2,7,0,0.436,180,0,0
txn_001410,2026-06-05T13:29:00,1809.03,upi,hdfc,issuer_declined,2,20,0,0.971,30,0,0
txn_001411,2026-07-19T20:08:00,564.83,upi,other,insufficient_funds,3,14,1,0.597,1,0,1
txn_001412,2026-06-19T07:10:00,886.37,netbanking,hdfc,issuer_declined,1,12,0,0.51,720,0,1
txn_001413,2026-07-11T03:19:00,313.7,card,axis,insufficient_funds,2,3,1,0.738,15,0,0
txn_001414,2026-06-29T16:32:00,1544.12,upi,idfc,insufficient_funds,1,0,0,0.764,15,0,0
txn_001415,2026-07-15T09:15:00,342.0,upi,sbi,bank_server_down,3,1,1,0.995,60,0,0
txn_001416,2026-06-15T20:58:00,765.11,upi,axis,insufficient_funds,2,18,0,0.752,30,0,0
txn_001417,2026-06-10T05:55:00,172.67,card,kotak,invalid_otp,2,14,0,0.854,60,0,1
txn_001418,2026-07-03T17:54:00,421.38,wallet,other,issuer_declined,2,3,0,0.837,15,0,1
txn_001419,2026-07-24T05:48:00,87.8,card,other,invalid_otp,1,20,1,0.834,15,0,1
txn_001420,2026-06-18T01:52:00,433.45,netbanking,idfc,issuer_declined,1,22,1,0.688,30,0,0
txn_001421,2026-06-07T17:30:00,564.9,upi,sbi,network_timeout,3,7,0,0.377,180,0,0
txn_001422,2026-07-03T07:25:00,442.1,upi,other,network_timeout,1,20,0,0.56,60,0,1
txn_001423,2026-06-15T21:16:00,656.09,netbanking,icici,insufficient_funds,3,4,0,0.719,60,0,0
txn_001424,2026-06-18T12:12:00,227.01,netbanking,sbi,insufficient_funds,2,12,0,0.692,30,0,0
txn_001425,2026-07-25T13:01:00,301.58,upi,axis,gateway_error,3,9,0,0.955,60,0,1
txn_001426,2026-07-16T05:21:00,939.31,netbanking,hdfc,invalid_otp,1,16,0,0.737,720,0,0
txn_001427,2026-07-16T07:54:00,444.99,card,idfc,bank_server_down,1,5,0,0.661,5,0,1
txn_001428,2026-06-03T12:40:00,4010.86,card,sbi,network_timeout,2,0,0,0.671,720,0,1
txn_001429,2026-06-29T17:53:00,810.58,card,sbi,invalid_otp,3,10,0,0.736,5,0,0
txn_001430,2026-06-17T08:57:00,530.91,wallet,axis,issuer_declined,2,23,0,0.851,15,0,0
txn_001431,2026-07-30T14:13:00,437.14,wallet,icici,insufficient_funds,2,16,1,0.65,180,0,1
txn_001432,2026-06-16T17:41:00,264.63,upi,hdfc,card_expired,1,7,0,0.755,720,0,0
txn_001433,2026-07-07T13:00:00,847.94,netbanking,kotak,issuer_declined,1,3,0,0.891,60,0,0
txn_001434,2026-06-01T02:05:00,1162.93,upi,icici,bank_server_down,1,10,1,0.259,720,0,1
txn_001435,2026-07-06T06:58:00,867.46,wallet,sbi,insufficient_funds,1,15,0,0.726,15,0,0
txn_001436,2026-07-10T16:42:00,5369.42,netbanking,idfc,invalid_otp,2,3,0,0.779,1,0,0
txn_001437,2026-07-17T12:28:00,968.72,card,icici,issuer_declined,1,5,0,0.748,180,0,0
txn_001438,2026-07-18T22:54:00,577.18,upi,icici,gateway_error,1,4,0,0.296,15,0,0
txn_001439,2026-06-01T04:39:00,130.31,card,axis,insufficient_funds,1,1,1,0.444,180,0,1
txn_001440,2026-06-17T08:02:00,1836.63,netbanking,axis,insufficient_funds,1,6,0,0.865,1,0,1
txn_001441,2026-06-06T16:25:00,4181.32,card,hdfc,bank_server_down,2,5,0,0.501,60,0,1
txn_001442,2026-07-16T15:45:00,206.75,wallet,idfc,insufficient_funds,2,13,0,0.832,5,0,0
txn_001443,2026-07-07T15:15:00,234.29,wallet,axis,invalid_otp,1,23,1,0.933,60,0,0
txn_001444,2026-06-21T12:51:00,229.86,wallet,icici,insufficient_funds,1,3,1,0.853,5,0,1
txn_001445,2026-07-19T02:12:00,5793.47,card,icici,issuer_declined,1,23,0,0.846,180,0,0
txn_001446,2026-06-01T13:42:00,3463.24,upi,idfc,network_timeout,1,12,1,0.731,720,0,1
txn_001447,2026-07-03T01:42:00,397.25,upi,kotak,invalid_otp,1,4,0,0.533,60,0,0
txn_001448,2026-07-06T13:41:00,742.78,wallet,axis,gateway_error,2,21,0,1.0,180,0,1
txn_001449,2026-07-22T11:21:00,2395.68,wallet,idfc,network_timeout,1,11,0,0.66,60,0,1
txn_001450,2026-07-26T07:49:00,291.49,card,yesbank,risk_block,2,21,0,0.749,5,1,0
txn_001451,2026-06-02T23:10:00,114.21,netbanking,other,insufficient_funds,3,13,0,0.918,60,0,0
txn_001452,2026-06-18T14:47:00,1338.42,wallet,kotak,card_expired,2,17,0,0.536,1,0,0
txn_001453,2026-06-10T17:20:00,532.81,netbanking,icici,issuer_declined,2,14,0,0.808,60,0,0
txn_001454,2026-06-11T18:21:00,348.01,netbanking,hdfc,gateway_error,2,19,1,0.861,15,0,0
txn_001455,2026-07-03T15:18:00,156.0,upi,sbi,issuer_declined,1,17,0,0.787,60,0,0
txn_001456,2026-07-21T03:49:00,837.73,card,hdfc,card_expired,2,17,1,0.942,180,0,0
txn_001457,2026-06-02T03:47:00,7731.17,wallet,kotak,bank_server_down,1,3,0,0.743,30,0,1
txn_001458,2026-07-03T12:49:00,2234.32,card,hdfc,insufficient_funds,1,21,0,0.904,180,0,1
txn_001459,2026-07-16T18:03:00,1241.22,upi,kotak,network_timeout,2,14,0,0.853,30,0,1
txn_001460,2026-06-12T04:25:00,712.94,upi,icici,issuer_declined,1,20,0,0.628,15,0,0
txn_001461,2026-07-05T01:30:00,119.32,netbanking,kotak,insufficient_funds,1,1,0,0.605,30,0,0
txn_001462,2026-07-26T10:21:00,965.32,upi,idfc,insufficient_funds,3,15,1,0.734,720,0,1
txn_001463,2026-07-04T21:26:00,102.42,card,axis,insufficient_funds,1,8,0,0.529,180,0,0
txn_001464,2026-06-10T06:00:00,2411.27,wallet,yesbank,invalid_otp,2,10,1,0.882,180,0,1
txn_001465,2026-07-29T06:18:00,1409.54,upi,hdfc,insufficient_funds,1,21,1,1.0,720,0,0
txn_001466,2026-07-24T04:45:00,772.63,wallet,other,insufficient_funds,1,7,0,0.679,15,0,1
txn_001467,2026-07-04T01:34:00,670.96,card,yesbank,invalid_otp,1,19,1,0.686,720,0,0
txn_001468,2026-07-19T03:27:00,577.66,upi,kotak,bank_server_down,1,15,1,0.795,15,0,1
txn_001469,2026-07-01T08:15:00,119.84,netbanking,icici,issuer_declined,1,22,0,0.772,60,0,1
txn_001470,2026-07-25T16:37:00,195.73,upi,axis,bank_server_down,2,13,1,0.664,180,0,1
txn_001471,2026-06-01T21:03:00,698.95,wallet,hdfc,gateway_error,1,5,0,0.646,60,0,1
txn_001472,2026-06-21T14:38:00,459.22,wallet,sbi,bank_server_down,2,5,1,0.403,5,0,0
txn_001473,2026-07-14T14:48:00,783.89,upi,icici,network_timeout,1,11,0,0.613,30,0,1
txn_001474,2026-07-05T05:32:00,888.63,wallet,sbi,network_timeout,1,2,0,0.762,60,0,1
txn_001475,2026-07-21T10:27:00,2569.79,wallet,kotak,invalid_otp,1,19,0,0.774,1,0,1
txn_001476,2026-06-27T10:37:00,718.44,card,hdfc,bank_server_down,1,21,0,0.649,30,0,1
txn_001477,2026-07-12T16:07:00,302.59,card,kotak,gateway_error,1,16,0,0.723,180,0,1
txn_001478,2026-07-24T21:58:00,1694.73,wallet,sbi,invalid_otp,2,15,0,0.579,60,0,0
txn_001479,2026-06-28T05:41:00,509.27,card,icici,insufficient_funds,2,23,0,0.573,1,0,0
txn_001480,2026-06-25T04:48:00,2694.15,card,other,card_expired,1,10,0,0.855,15,0,0
txn_001481,2026-06-20T02:34:00,629.7,card,idfc,issuer_declined,3,16,0,0.82,5,0,0
txn_001482,2026-07-01T15:13:00,1398.6,netbanking,idfc,card_expired,2,2,0,1.0,1,0,0
txn_001483,2026-06-21T02:48:00,2067.7,upi,sbi,card_expired,1,18,1,0.524,30,0,0
txn_001484,2026-06-29T23:35:00,1345.1,netbanking,icici,issuer_declined,2,23,0,0.726,180,0,1
txn_001485,2026-07-23T04:50:00,1128.59,wallet,hdfc,insufficient_funds,1,18,1,1.0,60,0,1
txn_001486,2026-06-10T04:46:00,995.43,netbanking,sbi,gateway_error,1,3,1,0.446,15,0,0
txn_001487,2026-07-19T07:50:00,430.4,upi,hdfc,risk_block,2,4,0,0.74,15,1,0
txn_001488,2026-07-27T07:31:00,197.69,wallet,idfc,network_timeout,1,6,0,0.51,5,0,1
txn_001489,2026-07-06T02:52:00,20363.92,upi,yesbank,insufficient_funds,2,13,1,0.643,1,0,0
txn_001490,2026-07-17T05:52:00,812.31,card,other,issuer_declined,1,3,1,0.484,1,0,0
txn_001491,2026-06-24T04:48:00,135.68,wallet,other,gateway_error,1,20,0,0.863,60,0,1
txn_001492,2026-07-21T23:48:00,200.48,wallet,icici,bank_server_down,1,20,0,0.667,1,0,1
txn_001493,2026-07-12T06:13:00,208.12,card,other,card_expired,2,13,1,0.829,15,0,0
txn_001494,2026-07-28T01:02:00,929.5,card,yesbank,insufficient_funds,1,1,0,0.586,180,0,0
txn_001495,2026-06-11T04:25:00,175.73,upi,sbi,gateway_error,1,8,0,0.759,720,0,0
txn_001496,2026-07-21T07:36:00,1289.85,card,yesbank,risk_block,1,4,0,0.707,180,1,0
txn_001497,2026-07-03T16:33:00,417.96,upi,icici,gateway_error,3,16,0,0.584,30,0,1
txn_001498,2026-06-11T06:14:00,313.39,card,axis,gateway_error,2,15,0,0.984,60,0,1
txn_001499,2026-06-04T14:19:00,710.35,netbanking,axis,gateway_error,1,13,0,0.794,15,0,1
txn_001500,2026-06-26T10:34:00,1621.5,upi,sbi,gateway_error,2,2,0,0.582,1,0,1
txn_001501,2026-07-29T13:11:00,6117.39,upi,other,insufficient_funds,1,8,1,0.629,5,0,0
txn_001502,2026-07-14T04:55:00,83.91,wallet,kotak,insufficient_funds,1,4,1,0.766,180,0,0
txn_001503,2026-06-27T08:40:00,3362.97,wallet,kotak,insufficient_funds,1,6,1,1.0,720,0,1
txn_001504,2026-06-05T13:47:00,560.66,card,sbi,insufficient_funds,1,19,1,0.563,180,0,1
txn_001505,2026-07-06T13:59:00,503.16,card,idfc,network_timeout,1,1,0,0.982,720,0,1
txn_001506,2026-06-06T10:55:00,187.09,wallet,sbi,risk_block,1,13,0,0.943,60,1,0
txn_001507,2026-07-30T13:26:00,140.52,card,sbi,insufficient_funds,1,0,1,0.655,720,0,0
txn_001508,2026-06-17T21:31:00,133.59,card,icici,network_timeout,2,12,0,0.642,30,0,1
txn_001509,2026-06-07T05:25:00,7391.62,netbanking,yesbank,insufficient_funds,2,8,0,0.817,5,0,0
txn_001510,2026-06-12T23:48:00,362.25,upi,other,network_timeout,1,1,0,0.746,720,0,1
txn_001511,2026-07-24T02:19:00,455.37,card,icici,insufficient_funds,1,18,1,1.0,180,0,0
txn_001512,2026-06-12T21:11:00,2119.32,wallet,other,bank_server_down,1,0,1,0.602,1,0,1
txn_001513,2026-07-24T04:31:00,877.3,upi,other,network_timeout,3,17,1,1.0,720,0,1
txn_001514,2026-06-26T23:45:00,779.81,upi,idfc,card_expired,2,17,0,0.821,30,0,0
txn_001515,2026-06-25T12:09:00,620.56,wallet,kotak,issuer_declined,1,16,0,0.0,1,0,0
txn_001516,2026-07-22T15:11:00,683.62,netbanking,hdfc,bank_server_down,1,21,0,0.481,30,0,1
txn_001517,2026-07-27T22:02:00,156.93,wallet,kotak,insufficient_funds,1,23,0,0.91,5,0,0
txn_001518,2026-07-23T06:06:00,2332.5,card,yesbank,insufficient_funds,1,8,0,0.773,5,0,1
txn_001519,2026-06-14T12:09:00,393.8,wallet,yesbank,gateway_error,1,22,0,0.853,180,0,1
txn_001520,2026-07-23T00:58:00,340.49,netbanking,yesbank,risk_block,1,22,0,0.491,1,1,0
txn_001521,2026-06-14T20:38:00,302.55,upi,icici,issuer_declined,3,0,1,0.836,720,0,0
txn_001522,2026-07-06T08:02:00,235.86,card,other,issuer_declined,3,18,0,0.524,180,0,0
txn_001523,2026-06-04T16:45:00,1118.33,netbanking,kotak,insufficient_funds,2,2,0,0.501,15,0,0
txn_001524,2026-06-29T23:25:00,388.62,netbanking,axis,insufficient_funds,1,3,0,0.286,60,0,0
txn_001525,2026-06-02T02:17:00,457.47,netbanking,kotak,insufficient_funds,1,18,0,0.848,15,0,0
txn_001526,2026-06-25T21:06:00,1321.08,card,yesbank,insufficient_funds,1,13,1,0.976,15,0,1
txn_001527,2026-07-25T06:59:00,4879.56,wallet,other,risk_block,2,17,0,0.783,5,1,0
txn_001528,2026-07-03T15:10:00,156.78,netbanking,hdfc,gateway_error,1,16,0,0.557,30,0,1
txn_001529,2026-07-20T23:12:00,182.88,card,idfc,invalid_otp,3,5,0,0.618,180,0,1
txn_001530,2026-06-06T12:53:00,2065.92,wallet,icici,insufficient_funds,1,10,0,0.506,1,0,0
txn_001531,2026-06-16T23:59:00,154.02,card,axis,network_timeout,1,0,1,0.725,1,0,1
txn_001532,2026-06-14T03:17:00,554.95,card,idfc,insufficient_funds,2,23,0,0.598,15,0,0
txn_001533,2026-07-27T23:20:00,1718.27,wallet,axis,gateway_error,1,0,1,0.736,180,0,1
txn_001534,2026-06-29T22:21:00,1603.65,netbanking,other,gateway_error,1,11,0,0.515,5,0,1
txn_001535,2026-07-07T10:13:00,981.01,card,other,issuer_declined,1,14,0,0.899,30,0,0
txn_001536,2026-07-13T12:21:00,1002.76,card,kotak,gateway_error,1,13,0,0.818,60,0,1
txn_001537,2026-06-28T10:16:00,1003.46,card,hdfc,issuer_declined,3,1,0,0.779,60,0,0
txn_001538,2026-06-11T01:18:00,409.89,card,axis,gateway_error,1,6,0,0.433,30,0,1
txn_001539,2026-06-26T03:49:00,3426.44,netbanking,idfc,insufficient_funds,1,11,1,0.728,30,0,0
txn_001540,2026-06-21T12:16:00,654.4,upi,icici,issuer_declined,1,17,1,0.722,30,0,1
txn_001541,2026-06-02T15:56:00,1629.57,netbanking,sbi,bank_server_down,1,8,0,0.922,15,0,1
txn_001542,2026-06-29T07:17:00,235.49,upi,icici,bank_server_down,2,8,1,0.721,180,0,1
txn_001543,2026-06-06T16:29:00,1485.77,wallet,hdfc,invalid_otp,2,4,1,0.857,1,0,1
txn_001544,2026-06-02T04:50:00,989.98,card,icici,gateway_error,3,18,0,0.802,15,0,1
txn_001545,2026-06-10T13:17:00,93.79,wallet,icici,insufficient_funds,1,15,0,0.436,30,0,1
txn_001546,2026-07-18T16:26:00,1644.09,wallet,sbi,risk_block,1,1,0,0.577,180,1,0
txn_001547,2026-07-21T19:12:00,865.33,netbanking,hdfc,bank_server_down,1,14,0,0.771,30,0,1
txn_001548,2026-07-21T07:00:00,522.02,wallet,hdfc,card_expired,2,19,0,0.247,1,0,0
txn_001549,2026-07-01T20:13:00,6630.09,upi,other,invalid_otp,1,18,0,0.377,60,0,1
txn_001550,2026-07-20T23:23:00,3365.16,upi,other,issuer_declined,1,3,0,0.795,180,0,0
txn_001551,2026-07-06T23:27:00,2662.46,netbanking,other,bank_server_down,1,0,1,0.809,720,0,1
txn_001552,2026-07-13T23:26:00,536.78,card,icici,gateway_error,2,12,0,0.353,15,0,1
txn_001553,2026-06-13T22:17:00,77.3,wallet,yesbank,insufficient_funds,2,3,1,0.884,180,0,0
txn_001554,2026-06-24T11:40:00,1804.42,upi,icici,insufficient_funds,1,0,0,0.74,720,0,0
txn_001555,2026-07-16T19:40:00,6082.39,card,kotak,risk_block,1,22,1,0.739,60,1,0
txn_001556,2026-06-10T04:29:00,437.17,upi,hdfc,insufficient_funds,2,13,0,0.788,5,0,1
txn_001557,2026-07-26T22:19:00,619.87,upi,idfc,bank_server_down,1,22,0,0.64,5,0,1
txn_001558,2026-06-15T03:37:00,738.03,card,kotak,risk_block,1,10,1,0.751,30,1,0
txn_001559,2026-07-11T20:56:00,423.77,wallet,icici,network_timeout,2,10,0,0.791,720,0,1
txn_001560,2026-06-05T03:38:00,122.24,netbanking,icici,gateway_error,1,18,0,0.645,720,0,0
txn_001561,2026-07-09T11:43:00,288.53,wallet,sbi,issuer_declined,1,4,0,0.74,15,0,0
txn_001562,2026-07-19T09:12:00,165.09,wallet,sbi,issuer_declined,1,1,0,0.486,720,0,0
txn_001563,2026-06-27T23:43:00,925.95,card,other,gateway_error,1,3,0,0.725,5,0,0
txn_001564,2026-07-07T15:59:00,2169.63,netbanking,yesbank,issuer_declined,1,12,1,0.55,30,0,0
txn_001565,2026-06-14T02:10:00,1242.51,wallet,sbi,gateway_error,1,1,0,0.862,30,0,1
txn_001566,2026-07-19T03:38:00,1912.26,upi,axis,network_timeout,1,17,0,0.625,60,0,1
txn_001567,2026-06-17T01:16:00,388.38,wallet,hdfc,network_timeout,1,0,0,1.0,60,0,1
txn_001568,2026-07-23T14:01:00,1349.07,netbanking,yesbank,insufficient_funds,2,11,0,0.975,5,0,0
txn_001569,2026-07-14T02:47:00,924.85,upi,yesbank,network_timeout,1,8,0,0.584,30,0,1
txn_001570,2026-06-24T15:15:00,1219.62,wallet,other,card_expired,1,5,0,0.707,720,0,0
txn_001571,2026-06-10T09:38:00,266.23,card,other,insufficient_funds,1,4,0,0.836,180,0,1
txn_001572,2026-06-15T08:18:00,3969.26,upi,other,insufficient_funds,1,15,0,0.511,1,0,0
txn_001573,2026-07-23T15:56:00,57.65,netbanking,icici,invalid_otp,1,12,0,0.385,720,0,1
txn_001574,2026-06-06T12:16:00,886.76,card,sbi,insufficient_funds,2,3,0,0.801,30,0,0
txn_001575,2026-06-04T13:56:00,298.62,upi,icici,network_timeout,2,0,0,1.0,30,0,1
txn_001576,2026-06-11T07:08:00,406.89,upi,hdfc,risk_block,1,5,0,0.716,60,1,0
txn_001577,2026-07-07T04:47:00,1151.02,wallet,sbi,risk_block,3,13,0,0.862,60,1,0
txn_001578,2026-06-15T09:09:00,1169.35,netbanking,kotak,issuer_declined,2,17,0,0.773,5,0,0
txn_001579,2026-07-10T01:41:00,723.84,wallet,sbi,gateway_error,1,18,1,0.684,720,0,1
txn_001580,2026-06-25T02:24:00,516.57,wallet,idfc,insufficient_funds,1,5,0,0.605,5,0,0
txn_001581,2026-06-05T01:25:00,2206.74,netbanking,hdfc,invalid_otp,1,0,0,0.585,720,0,1
txn_001582,2026-06-26T10:33:00,824.67,upi,sbi,card_expired,2,2,0,1.0,5,0,0
txn_001583,2026-07-05T01:32:00,320.18,upi,axis,bank_server_down,1,6,1,0.864,1,0,1
txn_001584,2026-07-16T21:38:00,1516.54,netbanking,yesbank,gateway_error,2,10,1,0.699,720,0,1
txn_001585,2026-06-13T00:55:00,1726.1,netbanking,axis,issuer_declined,1,7,1,0.837,5,0,0
txn_001586,2026-07-23T18:33:00,1061.74,upi,yesbank,insufficient_funds,1,20,1,0.875,15,0,1
txn_001587,2026-06-07T20:23:00,39.95,netbanking,idfc,insufficient_funds,3,19,0,0.83,30,0,0
txn_001588,2026-07-11T18:58:00,424.7,netbanking,yesbank,network_timeout,1,0,0,0.912,60,0,1
txn_001589,2026-06-25T22:42:00,224.1,upi,sbi,bank_server_down,1,22,1,0.743,30,0,1
txn_001590,2026-06-01T09:51:00,394.68,card,idfc,network_timeout,2,4,0,0.525,720,0,1
txn_001591,2026-06-01T21:41:00,444.15,card,kotak,card_expired,2,1,1,1.0,720,0,0
txn_001592,2026-07-24T19:40:00,1077.13,netbanking,axis,bank_server_down,1,18,0,0.688,720,0,1
txn_001593,2026-06-24T03:41:00,57.9,card,kotak,network_timeout,1,11,0,1.0,60,0,1
txn_001594,2026-07-23T07:11:00,1271.84,netbanking,icici,invalid_otp,1,0,0,0.508,180,0,1
txn_001595,2026-07-20T09:59:00,2169.58,card,axis,insufficient_funds,1,17,0,1.0,5,0,1
txn_001596,2026-06-16T15:17:00,116.81,wallet,kotak,invalid_otp,2,20,0,0.697,720,0,0
txn_001597,2026-06-16T07:37:00,1423.81,netbanking,idfc,gateway_error,1,12,0,0.519,5,0,1
txn_001598,2026-07-19T12:58:00,1081.87,card,yesbank,bank_server_down,1,18,0,0.909,1,0,1
txn_001599,2026-06-15T19:02:00,532.43,wallet,sbi,insufficient_funds,1,6,0,0.734,720,0,0
txn_001600,2026-07-11T08:35:00,259.79,netbanking,icici,bank_server_down,1,19,1,0.658,5,0,1
txn_001601,2026-07-26T22:26:00,88.81,wallet,idfc,insufficient_funds,1,13,1,0.868,1,0,0
txn_001602,2026-06-21T05:23:00,87.74,upi,axis,insufficient_funds,1,17,0,0.654,1,0,0
txn_001603,2026-07-09T01:06:00,569.93,upi,hdfc,network_timeout,1,16,1,0.917,30,0,1
txn_001604,2026-06-25T16:49:00,511.14,upi,other,issuer_declined,1,16,0,0.897,30,0,1
txn_001605,2026-07-27T04:20:00,5455.7,wallet,idfc,network_timeout,3,21,1,0.985,1,0,1
txn_001606,2026-07-30T22:29:00,1293.9,upi,idfc,bank_server_down,1,8,0,0.834,5,0,1
txn_001607,2026-07-10T00:13:00,1514.58,netbanking,other,risk_block,1,22,1,0.647,1,1,0
txn_001608,2026-06-04T17:57:00,733.02,wallet,yesbank,issuer_declined,1,2,0,0.623,15,0,0
txn_001609,2026-06-18T20:58:00,577.81,netbanking,axis,risk_block,1,8,1,0.756,720,1,0
txn_001610,2026-06-13T10:52:00,443.49,wallet,kotak,card_expired,2,0,1,0.747,5,0,0
txn_001611,2026-06-21T16:11:00,1021.93,upi,kotak,network_timeout,2,16,0,0.749,1,0,1
txn_001612,2026-06-03T23:00:00,360.66,netbanking,yesbank,card_expired,2,5,1,0.754,60,0,1
txn_001613,2026-07-12T11:17:00,724.86,card,other,invalid_otp,1,13,1,0.597,1,0,1
txn_001614,2026-06-12T22:59:00,1062.45,netbanking,kotak,card_expired,3,14,0,0.597,30,0,0
txn_001615,2026-07-26T10:13:00,60.35,wallet,axis,invalid_otp,1,2,0,0.637,720,0,0
txn_001616,2026-07-30T03:32:00,204.49,upi,sbi,card_expired,1,5,0,0.749,1,0,0
txn_001617,2026-06-25T07:17:00,395.96,wallet,hdfc,risk_block,1,13,0,0.692,180,1,0
txn_001618,2026-06-13T08:18:00,118.34,card,axis,gateway_error,1,14,0,0.464,1,0,1
txn_001619,2026-07-17T03:42:00,202.61,card,idfc,insufficient_funds,2,18,0,0.461,30,0,0
txn_001620,2026-07-17T21:06:00,3772.02,card,yesbank,network_timeout,2,1,0,0.599,180,0,0
txn_001621,2026-06-06T08:11:00,3153.77,wallet,idfc,invalid_otp,2,0,0,0.621,1,0,0
txn_001622,2026-06-15T19:46:00,766.69,wallet,icici,bank_server_down,1,23,0,0.824,720,0,1
txn_001623,2026-07-22T03:23:00,1284.54,upi,other,card_expired,1,16,0,1.0,5,0,0
txn_001624,2026-06-24T21:15:00,1301.22,netbanking,axis,insufficient_funds,3,2,0,0.93,720,0,0
txn_001625,2026-07-29T05:31:00,1153.71,netbanking,sbi,insufficient_funds,2,21,1,0.653,15,0,1
txn_001626,2026-07-20T00:36:00,107.04,upi,icici,invalid_otp,1,19,0,0.99,1,0,1
txn_001627,2026-06-23T07:59:00,208.4,upi,yesbank,network_timeout,1,5,0,0.498,720,0,1
txn_001628,2026-06-21T04:30:00,578.54,card,icici,issuer_declined,2,13,0,1.0,180,0,1
txn_001629,2026-06-09T11:29:00,77.97,netbanking,hdfc,invalid_otp,1,8,0,0.701,720,0,0
txn_001630,2026-06-19T12:44:00,1194.39,card,other,bank_server_down,3,1,0,0.577,30,0,0
txn_001631,2026-06-28T05:29:00,575.73,upi,icici,insufficient_funds,3,16,1,0.444,720,0,0
txn_001632,2026-06-07T20:24:00,172.12,netbanking,hdfc,risk_block,3,18,0,0.837,180,1,0
txn_001633,2026-07-27T21:06:00,521.06,upi,idfc,network_timeout,1,15,0,0.49,720,0,1
txn_001634,2026-07-30T06:02:00,3333.21,upi,sbi,insufficient_funds,1,21,0,0.698,60,0,1
txn_001635,2026-06-09T04:39:00,7735.49,netbanking,yesbank,insufficient_funds,1,21,1,0.82,60,0,1
txn_001636,2026-07-26T12:39:00,599.35,card,axis,gateway_error,1,5,0,0.365,180,0,1
txn_001637,2026-06-08T04:55:00,325.92,wallet,hdfc,network_timeout,1,22,0,0.779,15,0,1
txn_001638,2026-06-11T19:38:00,1379.26,wallet,yesbank,invalid_otp,2,0,0,0.794,60,0,1
txn_001639,2026-07-07T16:52:00,313.61,wallet,other,bank_server_down,1,22,0,0.754,30,0,1
txn_001640,2026-06-13T06:40:00,800.23,wallet,kotak,issuer_declined,2,18,0,1.0,180,0,0
txn_001641,2026-07-12T07:08:00,918.46,netbanking,sbi,issuer_declined,1,5,0,0.856,30,0,1
txn_001642,2026-07-25T21:42:00,271.71,wallet,sbi,gateway_error,3,19,0,0.997,5,0,1
txn_001643,2026-07-04T21:00:00,311.99,card,axis,issuer_declined,1,15,0,0.407,30,0,0
txn_001644,2026-06-09T16:56:00,404.04,wallet,hdfc,gateway_error,1,16,1,0.822,60,0,0
txn_001645,2026-07-07T07:24:00,315.62,card,icici,bank_server_down,2,0,1,0.704,180,0,1
txn_001646,2026-07-18T00:29:00,2550.25,upi,kotak,insufficient_funds,2,1,0,0.591,1,0,1
txn_001647,2026-07-05T22:18:00,109.9,wallet,yesbank,issuer_declined,1,17,0,0.558,15,0,0
txn_001648,2026-07-15T02:21:00,2100.57,card,kotak,bank_server_down,1,22,0,0.794,5,0,1
txn_001649,2026-06-04T02:10:00,909.16,wallet,icici,gateway_error,3,19,0,0.221,720,0,0
txn_001650,2026-06-10T03:33:00,1131.12,netbanking,idfc,invalid_otp,1,2,0,0.71,60,0,1
txn_001651,2026-06-21T12:41:00,2145.3,wallet,yesbank,gateway_error,2,0,0,0.666,180,0,1
txn_001652,2026-07-02T19:44:00,1035.43,card,other,gateway_error,1,12,1,0.588,5,0,1
txn_001653,2026-06-07T11:03:00,5117.84,wallet,icici,insufficient_funds,1,5,0,0.58,720,0,0
txn_001654,2026-06-25T15:51:00,417.2,wallet,axis,invalid_otp,1,9,0,0.814,60,0,1
txn_001655,2026-07-13T19:40:00,1831.2,upi,other,network_timeout,1,4,0,1.0,1,0,1
txn_001656,2026-06-16T03:38:00,2865.07,upi,icici,network_timeout,2,22,0,0.577,5,0,0
txn_001657,2026-07-20T13:42:00,326.94,netbanking,icici,risk_block,2,8,1,0.545,1,1,0
txn_001658,2026-07-07T06:15:00,2593.14,upi,yesbank,issuer_declined,2,8,0,0.646,180,0,1
txn_001659,2026-06-23T15:10:00,3097.66,wallet,other,insufficient_funds,1,0,0,0.626,1,0,0
txn_001660,2026-06-22T17:06:00,119.62,card,sbi,invalid_otp,1,21,1,0.761,180,0,0
txn_001661,2026-07-01T18:15:00,1465.36,wallet,kotak,card_expired,1,0,0,0.919,5,0,0
txn_001662,2026-06-18T06:47:00,2313.84,wallet,kotak,insufficient_funds,2,6,0,0.606,5,0,1
txn_001663,2026-07-25T13:35:00,633.87,wallet,kotak,invalid_otp,3,19,0,0.837,180,0,0
txn_001664,2026-07-07T08:22:00,222.06,upi,kotak,invalid_otp,1,3,1,0.478,15,0,1
txn_001665,2026-07-25T16:04:00,895.4,upi,icici,bank_server_down,2,9,0,0.665,1,0,1
txn_001666,2026-06-13T12:33:00,627.27,upi,other,gateway_error,1,22,1,0.607,720,0,1
txn_001667,2026-07-15T05:30:00,593.92,card,icici,gateway_error,2,12,0,0.43,60,0,1
txn_001668,2026-07-05T23:39:00,1568.19,wallet,sbi,issuer_declined,1,10,0,0.888,1,0,1
txn_001669,2026-06-05T17:13:00,170.75,netbanking,hdfc,insufficient_funds,1,17,0,0.921,1,0,1
txn_001670,2026-06-25T05:02:00,469.96,upi,idfc,network_timeout,1,0,0,0.439,180,0,1
txn_001671,2026-06-13T07:28:00,3434.32,upi,hdfc,issuer_declined,1,18,1,0.77,1,0,1
txn_001672,2026-07-30T02:20:00,296.91,netbanking,yesbank,insufficient_funds,1,14,0,0.657,720,0,1
txn_001673,2026-06-25T21:09:00,571.62,wallet,hdfc,issuer_declined,2,14,0,0.553,15,0,0
txn_001674,2026-07-28T09:36:00,172.3,card,hdfc,gateway_error,1,19,1,0.605,1,0,1
txn_001675,2026-06-16T06:43:00,1116.86,wallet,yesbank,card_expired,2,9,0,0.735,30,0,0
txn_001676,2026-07-09T05:30:00,104.22,netbanking,sbi,invalid_otp,1,1,0,1.0,30,0,1
txn_001677,2026-07-04T05:43:00,508.74,netbanking,idfc,risk_block,1,13,0,0.847,1,1,0
txn_001678,2026-06-05T21:53:00,959.31,netbanking,axis,insufficient_funds,2,7,0,0.918,1,0,1
txn_001679,2026-07-05T04:01:00,497.19,wallet,hdfc,bank_server_down,1,9,1,0.62,15,0,1
txn_001680,2026-07-19T09:07:00,623.42,netbanking,axis,gateway_error,1,23,0,0.689,60,0,0
txn_001681,2026-07-28T02:08:00,868.83,netbanking,idfc,network_timeout,1,12,0,0.78,60,0,1
txn_001682,2026-07-14T03:34:00,727.19,wallet,idfc,invalid_otp,2,21,0,1.0,180,0,1
txn_001683,2026-07-25T22:48:00,1231.28,upi,kotak,issuer_declined,1,5,1,0.58,720,0,0
txn_001684,2026-07-12T21:17:00,522.03,card,sbi,invalid_otp,3,5,0,0.571,720,0,1
txn_001685,2026-06-05T06:05:00,200.48,card,kotak,network_timeout,2,7,0,0.761,15,0,1
txn_001686,2026-06-13T14:07:00,804.03,card,hdfc,insufficient_funds,2,0,1,0.769,60,0,1
txn_001687,2026-06-08T15:43:00,1426.47,netbanking,other,insufficient_funds,2,16,1,0.791,720,0,1
txn_001688,2026-06-12T07:34:00,210.08,netbanking,yesbank,bank_server_down,1,14,0,0.661,60,0,1
txn_001689,2026-07-17T01:52:00,473.39,wallet,kotak,insufficient_funds,1,4,0,0.583,1,0,0
txn_001690,2026-06-04T03:28:00,510.69,upi,idfc,invalid_otp,2,15,1,0.976,1,0,1
txn_001691,2026-06-05T21:11:00,2094.37,netbanking,sbi,bank_server_down,1,4,0,0.848,720,0,1
txn_001692,2026-07-10T02:41:00,377.22,wallet,kotak,insufficient_funds,1,11,0,0.551,1,0,0
txn_001693,2026-06-24T21:09:00,296.43,upi,hdfc,issuer_declined,1,16,0,0.928,30,0,0
txn_001694,2026-07-22T22:47:00,804.12,upi,kotak,gateway_error,1,19,0,1.0,60,0,1
txn_001695,2026-06-19T21:22:00,673.1,netbanking,icici,invalid_otp,1,23,0,0.564,60,0,0
txn_001696,2026-07-20T21:14:00,428.39,wallet,idfc,insufficient_funds,1,23,1,0.792,1,0,1
txn_001697,2026-06-15T20:50:00,423.28,upi,icici,invalid_otp,1,10,1,0.681,30,0,1
txn_001698,2026-07-17T17:31:00,2173.05,card,kotak,insufficient_funds,1,20,1,0.49,30,0,1
txn_001699,2026-07-18T12:40:00,205.62,card,sbi,issuer_declined,1,17,0,0.425,15,0,0
txn_001700,2026-06-25T16:02:00,1098.37,upi,axis,insufficient_funds,1,20,0,0.716,60,0,0
txn_001701,2026-07-11T11:37:00,1695.69,netbanking,idfc,network_timeout,1,18,0,0.906,1,0,0
txn_001702,2026-07-03T10:24:00,104.03,wallet,icici,insufficient_funds,1,18,0,0.64,1,0,0
txn_001703,2026-07-03T01:05:00,2372.09,wallet,idfc,gateway_error,3,21,0,0.573,15,0,0
txn_001704,2026-06-13T02:05:00,615.62,card,kotak,insufficient_funds,1,0,1,0.536,30,0,0
txn_001705,2026-07-17T15:07:00,179.4,upi,yesbank,bank_server_down,1,8,0,1.0,15,0,1
txn_001706,2026-07-13T18:37:00,1461.92,wallet,kotak,invalid_otp,3,13,0,1.0,720,0,1
txn_001707,2026-07-19T16:00:00,290.31,upi,other,risk_block,1,20,0,0.773,1,1,0
txn_001708,2026-07-23T09:58:00,129.87,netbanking,icici,bank_server_down,1,0,0,0.97,60,0,1
txn_001709,2026-06-04T20:16:00,462.24,card,kotak,risk_block,1,8,1,0.531,15,1,0
txn_001710,2026-06-02T17:09:00,1695.28,netbanking,idfc,network_timeout,1,16,0,0.595,5,0,1
txn_001711,2026-06-22T05:34:00,1124.0,upi,sbi,risk_block,1,5,0,0.964,720,1,1
txn_001712,2026-07-12T20:31:00,428.28,netbanking,sbi,gateway_error,2,0,0,0.802,60,0,1
txn_001713,2026-06-15T11:16:00,442.04,wallet,other,network_timeout,1,3,0,0.984,180,0,1
txn_001714,2026-06-21T00:07:00,2053.23,card,yesbank,insufficient_funds,2,12,0,0.677,5,0,1
txn_001715,2026-07-17T23:59:00,1338.03,wallet,hdfc,insufficient_funds,2,17,0,0.679,720,0,0
txn_001716,2026-07-19T04:59:00,1226.61,wallet,axis,insufficient_funds,1,5,0,1.0,1,0,1
txn_001717,2026-07-25T01:00:00,728.3,upi,other,gateway_error,2,4,0,0.832,30,0,0
txn_001718,2026-06-14T18:57:00,263.91,wallet,sbi,issuer_declined,1,4,1,0.495,60,0,1
txn_001719,2026-07-20T08:21:00,1469.72,card,other,risk_block,2,1,0,0.893,15,1,0
txn_001720,2026-07-16T04:24:00,1367.87,wallet,hdfc,invalid_otp,1,14,0,0.698,720,0,1
txn_001721,2026-07-15T23:24:00,832.36,card,icici,bank_server_down,2,1,0,0.648,60,0,1
txn_001722,2026-07-11T08:23:00,697.75,netbanking,yesbank,invalid_otp,1,22,0,0.784,15,0,1
txn_001723,2026-07-28T12:42:00,530.92,upi,sbi,network_timeout,1,18,0,0.933,180,0,1
txn_001724,2026-06-03T10:00:00,147.65,upi,icici,risk_block,1,17,0,0.531,60,1,0
txn_001725,2026-07-24T15:44:00,2394.54,wallet,hdfc,invalid_otp,1,19,1,0.618,30,0,0
txn_001726,2026-07-09T07:05:00,902.79,wallet,axis,card_expired,2,13,0,0.661,180,0,0
txn_001727,2026-07-30T21:51:00,269.6,wallet,idfc,network_timeout,1,14,1,0.728,5,0,0
txn_001728,2026-06-09T12:30:00,400.79,card,icici,risk_block,2,1,0,0.316,15,1,0
txn_001729,2026-06-29T02:04:00,1156.21,card,kotak,card_expired,3,1,0,0.629,1,0,0
txn_001730,2026-06-07T19:04:00,1519.23,upi,icici,risk_block,1,17,0,0.581,720,1,0
txn_001731,2026-06-27T13:42:00,1076.35,wallet,other,issuer_declined,3,4,1,0.814,15,0,0
txn_001732,2026-07-26T19:27:00,72.21,wallet,kotak,bank_server_down,3,23,0,0.749,5,0,0
txn_001733,2026-06-14T09:47:00,674.77,card,other,bank_server_down,3,3,0,0.511,5,0,0
txn_001734,2026-06-28T16:45:00,1038.96,card,icici,invalid_otp,1,23,1,0.641,60,0,1
txn_001735,2026-07-06T09:55:00,338.93,card,axis,invalid_otp,1,23,0,0.613,5,0,0
txn_001736,2026-07-20T14:04:00,105.69,wallet,axis,insufficient_funds,1,15,0,0.694,180,0,0
txn_001737,2026-06-28T07:02:00,181.73,upi,other,bank_server_down,1,3,0,0.428,1,0,1
txn_001738,2026-06-12T16:37:00,991.28,wallet,idfc,issuer_declined,1,18,1,0.594,15,0,1
txn_001739,2026-06-03T16:35:00,221.7,card,idfc,invalid_otp,2,7,0,0.833,720,0,1
txn_001740,2026-06-29T12:44:00,497.3,wallet,sbi,card_expired,1,3,0,0.536,1,0,1
txn_001741,2026-07-09T12:52:00,1389.7,card,kotak,issuer_declined,1,22,0,0.672,5,0,0
txn_001742,2026-07-07T17:41:00,237.11,wallet,other,card_expired,1,3,0,0.822,15,0,0
txn_001743,2026-07-05T07:20:00,879.55,netbanking,hdfc,insufficient_funds,1,11,1,0.57,15,0,1
txn_001744,2026-07-26T17:40:00,96.82,upi,idfc,issuer_declined,1,12,1,0.758,180,0,0
txn_001745,2026-07-20T20:11:00,1109.43,netbanking,sbi,invalid_otp,2,14,0,0.784,1,0,1
txn_001746,2026-07-21T00:01:00,223.69,card,yesbank,bank_server_down,2,6,0,0.698,180,0,1
txn_001747,2026-06-26T02:54:00,762.04,card,sbi,network_timeout,1,18,1,0.728,15,0,0
txn_001748,2026-07-13T11:12:00,1094.17,upi,yesbank,network_timeout,1,6,1,0.697,30,0,1
txn_001749,2026-07-16T16:44:00,426.81,netbanking,axis,invalid_otp,1,15,0,0.655,60,0,0
txn_001750,2026-06-02T08:17:00,362.99,upi,other,insufficient_funds,1,2,0,0.494,5,0,0
txn_001751,2026-07-08T00:06:00,92.35,upi,other,network_timeout,1,12,0,0.663,30,0,1
txn_001752,2026-06-05T19:19:00,983.35,upi,sbi,invalid_otp,3,23,1,0.862,1,0,1
txn_001753,2026-06-13T13:41:00,3053.47,upi,sbi,insufficient_funds,2,10,0,0.563,180,0,1
txn_001754,2026-06-13T21:28:00,415.84,upi,icici,insufficient_funds,1,12,0,0.659,180,0,0
txn_001755,2026-06-22T03:02:00,1691.58,wallet,idfc,insufficient_funds,1,23,0,0.817,1,0,0
txn_001756,2026-06-07T20:59:00,921.93,card,sbi,risk_block,1,12,1,1.0,720,1,1
txn_001757,2026-06-11T15:01:00,721.67,card,kotak,insufficient_funds,1,18,1,0.778,30,0,0
txn_001758,2026-06-28T02:52:00,1199.15,card,axis,issuer_declined,1,13,0,0.747,30,0,1
txn_001759,2026-06-23T12:42:00,151.27,wallet,hdfc,invalid_otp,1,13,0,0.711,60,0,0
txn_001760,2026-06-22T02:55:00,3923.03,wallet,other,network_timeout,1,7,1,0.597,60,0,1
txn_001761,2026-06-23T10:01:00,3060.52,upi,yesbank,bank_server_down,1,10,0,0.295,5,0,1
txn_001762,2026-06-27T06:19:00,557.73,upi,idfc,risk_block,1,15,0,0.722,180,1,0
txn_001763,2026-07-28T16:32:00,554.61,netbanking,idfc,risk_block,1,7,0,0.622,30,1,0
txn_001764,2026-06-08T10:41:00,293.38,netbanking,axis,risk_block,1,22,0,0.821,1,1,0
txn_001765,2026-07-23T14:06:00,745.84,wallet,idfc,insufficient_funds,2,8,1,0.569,180,0,0
txn_001766,2026-07-30T19:50:00,1108.22,upi,idfc,insufficient_funds,2,18,0,0.471,720,0,0
txn_001767,2026-06-03T15:50:00,5352.15,upi,yesbank,insufficient_funds,1,16,1,0.778,180,0,0
txn_001768,2026-07-09T13:23:00,614.54,wallet,axis,bank_server_down,2,15,0,0.79,15,0,1
txn_001769,2026-06-28T02:39:00,495.11,upi,sbi,issuer_declined,3,6,1,0.92,5,0,0
txn_001770,2026-07-07T21:44:00,125.45,wallet,idfc,issuer_declined,3,4,0,0.587,180,0,0
txn_001771,2026-06-24T20:55:00,492.98,card,icici,insufficient_funds,1,18,0,0.744,30,0,0
txn_001772,2026-07-21T03:01:00,238.67,upi,icici,card_expired,1,12,0,0.895,180,0,1
txn_001773,2026-06-23T11:21:00,808.58,netbanking,axis,bank_server_down,1,12,1,0.727,30,0,1
txn_001774,2026-07-30T18:46:00,1137.94,netbanking,hdfc,card_expired,3,7,1,0.816,30,0,0
txn_001775,2026-07-25T15:48:00,62.56,netbanking,icici,issuer_declined,1,17,0,0.653,720,0,0
txn_001776,2026-06-04T12:26:00,1108.15,upi,kotak,insufficient_funds,2,21,0,0.885,5,0,0
txn_001777,2026-06-14T03:24:00,2562.47,wallet,idfc,insufficient_funds,2,17,0,0.97,1,0,1
txn_001778,2026-07-09T17:26:00,674.69,card,kotak,insufficient_funds,1,10,0,0.759,15,0,1
txn_001779,2026-06-08T20:45:00,426.22,wallet,icici,insufficient_funds,3,18,1,0.66,720,0,0
txn_001780,2026-07-19T13:42:00,398.04,upi,axis,issuer_declined,1,5,0,0.748,1,0,1
txn_001781,2026-07-15T16:17:00,175.9,netbanking,yesbank,network_timeout,3,22,1,0.769,720,0,1
txn_001782,2026-06-12T02:45:00,863.34,wallet,axis,network_timeout,2,2,1,0.551,180,0,0
txn_001783,2026-06-05T16:16:00,380.97,netbanking,sbi,issuer_declined,1,11,1,0.699,15,0,1
txn_001784,2026-06-29T09:19:00,466.65,wallet,sbi,network_timeout,1,8,0,0.844,180,0,1
txn_001785,2026-07-18T09:15:00,943.91,upi,sbi,risk_block,3,23,0,0.475,180,1,0
txn_001786,2026-07-28T05:20:00,498.64,netbanking,idfc,card_expired,1,18,0,0.77,1,0,0
txn_001787,2026-07-11T19:13:00,147.69,netbanking,idfc,issuer_declined,1,12,1,0.303,720,0,0
txn_001788,2026-06-04T21:34:00,223.77,upi,other,invalid_otp,1,20,0,0.697,30,0,1
txn_001789,2026-06-01T11:14:00,2262.83,netbanking,icici,insufficient_funds,1,13,0,0.776,720,0,0
txn_001790,2026-07-08T02:30:00,722.86,wallet,idfc,insufficient_funds,2,8,0,0.807,5,0,1
txn_001791,2026-07-19T19:01:00,171.56,upi,icici,insufficient_funds,1,5,1,0.794,5,0,1
txn_001792,2026-06-25T09:24:00,717.98,netbanking,sbi,bank_server_down,1,19,0,0.808,180,0,1
txn_001793,2026-06-30T00:10:00,221.87,upi,axis,network_timeout,1,22,1,0.534,720,0,1
txn_001794,2026-07-03T17:05:00,112.97,wallet,sbi,gateway_error,2,18,1,0.775,1,0,1
txn_001795,2026-06-30T23:38:00,697.17,upi,other,gateway_error,1,17,1,0.793,15,0,0
txn_001796,2026-07-12T08:04:00,1484.05,upi,yesbank,bank_server_down,1,16,0,0.628,60,0,1
txn_001797,2026-07-21T21:41:00,120.36,card,hdfc,bank_server_down,2,21,0,0.86,15,0,1
txn_001798,2026-06-22T19:18:00,566.36,upi,axis,invalid_otp,1,3,0,0.845,180,0,1
txn_001799,2026-06-02T21:33:00,398.84,wallet,hdfc,issuer_declined,3,10,0,0.777,15,0,0
txn_001800,2026-07-18T07:34:00,1145.73,netbanking,sbi,card_expired,1,13,0,0.522,15,0,0
txn_001801,2026-06-04T22:26:00,283.96,wallet,hdfc,invalid_otp,1,12,0,0.755,15,0,1
txn_001802,2026-06-21T00:29:00,592.17,netbanking,sbi,insufficient_funds,1,7,0,0.591,1,0,1
txn_001803,2026-07-16T09:51:00,622.56,netbanking,axis,invalid_otp,2,19,1,0.593,30,0,0
txn_001804,2026-06-25T22:21:00,798.79,card,yesbank,risk_block,3,7,0,0.798,1,1,0
txn_001805,2026-07-24T05:51:00,221.77,card,kotak,insufficient_funds,1,7,0,0.913,15,0,1
txn_001806,2026-07-30T19:35:00,2815.92,wallet,sbi,gateway_error,1,12,1,0.672,720,0,1
txn_001807,2026-06-13T17:26:00,1754.11,netbanking,kotak,insufficient_funds,1,17,0,0.673,1,0,0
txn_001808,2026-07-08T01:41:00,933.45,wallet,sbi,invalid_otp,3,3,0,0.416,1,0,0
txn_001809,2026-06-21T03:25:00,468.72,card,icici,network_timeout,1,5,0,0.819,720,0,1
txn_001810,2026-06-09T16:00:00,363.97,netbanking,hdfc,gateway_error,2,1,0,0.731,5,0,1
txn_001811,2026-07-29T19:29:00,996.37,upi,icici,invalid_otp,1,6,0,0.653,1,0,1
txn_001812,2026-06-29T03:14:00,1871.07,netbanking,idfc,insufficient_funds,2,22,0,1.0,15,0,0
txn_001813,2026-07-13T15:56:00,323.3,wallet,sbi,insufficient_funds,3,11,0,0.815,30,0,0
txn_001814,2026-07-03T02:34:00,425.12,upi,kotak,network_timeout,1,23,0,1.0,60,0,1
txn_001815,2026-06-12T09:06:00,525.92,upi,icici,insufficient_funds,1,13,0,0.563,720,0,0
txn_001816,2026-06-23T09:11:00,3725.18,card,icici,insufficient_funds,1,15,0,1.0,1,0,1
txn_001817,2026-06-14T18:13:00,608.05,upi,idfc,insufficient_funds,2,14,1,0.511,15,0,1
txn_001818,2026-07-08T16:34:00,795.01,wallet,icici,insufficient_funds,1,2,0,0.51,180,0,0
txn_001819,2026-07-19T23:00:00,852.67,wallet,icici,bank_server_down,2,1,1,0.546,5,0,1
txn_001820,2026-06-19T23:53:00,1005.65,card,axis,card_expired,1,4,1,0.592,30,0,0
txn_001821,2026-07-18T16:14:00,73.98,wallet,kotak,insufficient_funds,1,6,0,0.678,15,0,0
txn_001822,2026-07-11T12:22:00,3236.24,upi,icici,insufficient_funds,2,0,0,0.829,15,0,1
txn_001823,2026-06-29T13:58:00,289.97,card,yesbank,risk_block,2,11,1,0.723,15,1,0
txn_001824,2026-06-02T23:21:00,568.6,wallet,other,gateway_error,1,13,1,0.773,15,0,0
txn_001825,2026-06-05T22:28:00,135.71,card,yesbank,bank_server_down,1,4,0,0.379,720,0,1
txn_001826,2026-06-12T22:09:00,3037.07,card,other,risk_block,2,19,0,0.701,720,1,1
txn_001827,2026-06-01T13:39:00,5048.4,netbanking,idfc,card_expired,2,0,1,0.658,60,0,0
txn_001828,2026-06-21T22:49:00,1457.86,netbanking,other,bank_server_down,2,4,0,0.645,30,0,1
txn_001829,2026-07-22T15:28:00,275.76,card,icici,invalid_otp,1,4,0,0.467,180,0,1
txn_001830,2026-07-18T08:26:00,604.96,netbanking,yesbank,invalid_otp,1,14,1,0.516,720,0,0
txn_001831,2026-06-24T00:57:00,1278.44,upi,icici,network_timeout,2,1,0,0.485,15,0,1
txn_001832,2026-07-16T09:34:00,5071.79,card,axis,issuer_declined,2,12,1,0.996,60,0,0
txn_001833,2026-07-22T04:20:00,146.49,upi,axis,issuer_declined,2,20,0,0.672,60,0,1
txn_001834,2026-06-20T14:00:00,1444.77,wallet,kotak,gateway_error,1,3,0,0.475,1,0,0
txn_001835,2026-07-20T05:35:00,220.02,upi,icici,network_timeout,1,12,1,0.976,180,0,1
txn_001836,2026-06-20T10:33:00,217.77,card,hdfc,risk_block,1,1,1,0.908,60,1,0
txn_001837,2026-06-10T09:14:00,200.04,card,icici,issuer_declined,1,15,0,0.588,60,0,0
txn_001838,2026-07-30T19:21:00,418.81,netbanking,idfc,gateway_error,1,14,0,0.986,5,0,0
txn_001839,2026-07-22T18:27:00,1306.19,card,other,insufficient_funds,3,3,0,0.402,30,0,0
txn_001840,2026-06-03T13:21:00,238.19,wallet,other,card_expired,1,16,1,0.525,1,0,0
txn_001841,2026-07-04T04:47:00,267.65,card,yesbank,bank_server_down,1,17,1,0.574,60,0,1
txn_001842,2026-07-01T01:26:00,339.95,card,sbi,gateway_error,1,21,1,0.758,60,0,1
txn_001843,2026-06-15T08:15:00,510.48,netbanking,idfc,card_expired,2,6,1,0.754,60,0,0
txn_001844,2026-06-06T13:45:00,623.66,wallet,sbi,gateway_error,2,18,0,0.718,15,0,0
txn_001845,2026-07-22T08:44:00,2860.85,card,yesbank,insufficient_funds,1,7,1,0.918,1,0,0
txn_001846,2026-06-11T13:18:00,2034.4,card,hdfc,gateway_error,2,7,0,0.835,30,0,1
txn_001847,2026-06-08T13:11:00,218.46,netbanking,sbi,insufficient_funds,3,15,0,0.831,1,0,1
txn_001848,2026-07-30T22:50:00,1171.37,upi,sbi,insufficient_funds,1,6,0,0.783,1,0,1
txn_001849,2026-07-04T04:50:00,88.99,wallet,other,network_timeout,3,22,0,0.604,30,0,1
txn_001850,2026-06-18T17:29:00,1570.07,wallet,yesbank,issuer_declined,1,14,0,0.486,60,0,0
txn_001851,2026-06-09T00:46:00,2922.39,netbanking,hdfc,bank_server_down,2,22,0,0.363,5,0,1
txn_001852,2026-07-24T09:45:00,588.59,netbanking,axis,card_expired,1,9,0,0.814,30,0,0
txn_001853,2026-07-07T12:42:00,1109.87,netbanking,hdfc,insufficient_funds,2,2,0,0.736,60,0,1
txn_001854,2026-07-25T14:59:00,2574.07,card,kotak,bank_server_down,1,6,1,0.584,30,0,1
txn_001855,2026-06-26T19:36:00,627.56,netbanking,idfc,insufficient_funds,3,8,0,0.609,180,0,0
txn_001856,2026-07-24T21:46:00,4865.62,card,sbi,invalid_otp,1,13,0,0.549,60,0,1
txn_001857,2026-06-08T20:39:00,440.39,wallet,sbi,gateway_error,2,1,0,0.698,30,0,0
txn_001858,2026-07-30T07:39:00,290.44,wallet,hdfc,bank_server_down,1,17,0,0.825,1,0,1
txn_001859,2026-06-02T04:06:00,2580.58,upi,axis,insufficient_funds,3,13,0,0.488,720,0,0
txn_001860,2026-06-29T04:35:00,1848.04,upi,hdfc,insufficient_funds,1,16,0,0.918,1,0,0
txn_001861,2026-07-27T21:19:00,11675.7,upi,sbi,risk_block,3,7,0,0.95,60,1,0
txn_001862,2026-06-08T11:53:00,1024.31,card,hdfc,invalid_otp,1,2,1,0.934,1,0,1
txn_001863,2026-07-02T15:05:00,704.65,card,idfc,insufficient_funds,1,18,0,0.67,30,0,0
txn_001864,2026-06-13T16:45:00,2377.07,card,icici,gateway_error,1,0,0,0.966,60,0,1
txn_001865,2026-07-07T21:54:00,205.21,upi,kotak,insufficient_funds,1,7,0,0.909,720,0,0
txn_001866,2026-07-08T05:50:00,990.09,wallet,other,issuer_declined,2,15,0,0.894,720,0,0
txn_001867,2026-07-11T09:36:00,278.22,wallet,yesbank,gateway_error,3,20,1,0.775,30,0,1
txn_001868,2026-07-19T22:47:00,564.43,upi,axis,card_expired,1,12,0,0.891,60,0,0
txn_001869,2026-07-10T11:43:00,258.4,upi,other,gateway_error,1,10,0,0.596,30,0,1
txn_001870,2026-06-27T11:29:00,283.71,wallet,idfc,bank_server_down,1,6,0,0.718,1,0,0
txn_001871,2026-07-07T02:07:00,324.86,wallet,icici,insufficient_funds,3,6,0,1.0,720,0,1
txn_001872,2026-06-25T13:19:00,4435.23,upi,other,bank_server_down,2,1,1,0.723,60,0,1
txn_001873,2026-06-18T20:33:00,1881.85,card,other,invalid_otp,3,11,0,0.519,720,0,1
txn_001874,2026-07-25T16:18:00,1038.71,upi,sbi,insufficient_funds,1,20,1,0.245,30,0,0
txn_001875,2026-07-16T08:56:00,352.44,card,sbi,bank_server_down,1,19,1,0.537,1,0,1
txn_001876,2026-07-28T19:18:00,5940.54,upi,sbi,invalid_otp,2,13,1,0.55,30,0,0
txn_001877,2026-07-08T03:18:00,635.98,upi,yesbank,bank_server_down,2,2,0,0.556,60,0,1
txn_001878,2026-06-06T23:16:00,168.76,wallet,kotak,invalid_otp,1,15,0,0.562,5,0,1
txn_001879,2026-06-21T19:28:00,74.62,wallet,idfc,bank_server_down,2,6,0,0.369,60,0,1
txn_001880,2026-07-12T22:27:00,3596.97,netbanking,idfc,invalid_otp,3,15,1,0.836,5,0,1
txn_001881,2026-06-23T04:42:00,415.88,wallet,hdfc,network_timeout,2,20,0,0.449,180,0,1
txn_001882,2026-06-01T17:53:00,106.53,wallet,yesbank,risk_block,1,11,0,0.792,30,1,0
txn_001883,2026-07-24T17:30:00,848.09,card,kotak,insufficient_funds,1,1,0,0.92,5,0,0
txn_001884,2026-06-17T20:07:00,789.87,netbanking,hdfc,bank_server_down,1,11,1,0.714,15,0,1
txn_001885,2026-06-21T08:53:00,327.46,upi,kotak,gateway_error,1,2,1,0.692,180,0,1
txn_001886,2026-06-14T13:28:00,310.83,netbanking,axis,issuer_declined,2,0,1,0.616,30,0,0
txn_001887,2026-07-02T17:26:00,1604.45,wallet,sbi,card_expired,1,22,1,0.742,180,0,0
txn_001888,2026-07-14T09:13:00,1030.51,upi,kotak,bank_server_down,2,1,0,0.533,15,0,1
txn_001889,2026-07-20T11:59:00,1640.43,netbanking,yesbank,invalid_otp,1,21,1,1.0,5,0,1
txn_001890,2026-07-09T12:26:00,240.87,wallet,other,risk_block,2,12,1,0.888,720,1,0
txn_001891,2026-06-15T13:03:00,399.54,card,idfc,issuer_declined,1,13,1,1.0,180,0,1
txn_001892,2026-07-10T16:04:00,769.92,upi,idfc,insufficient_funds,2,13,1,0.746,15,0,0
txn_001893,2026-07-09T02:49:00,226.26,upi,kotak,issuer_declined,1,23,0,0.951,180,0,0
txn_001894,2026-06-14T05:18:00,758.88,upi,sbi,network_timeout,1,1,0,0.989,180,0,1
txn_001895,2026-07-03T22:23:00,445.82,card,idfc,bank_server_down,1,21,1,0.704,15,0,1
txn_001896,2026-06-08T17:51:00,566.61,wallet,idfc,issuer_declined,1,2,1,0.44,180,0,0
txn_001897,2026-06-11T19:18:00,38.78,card,kotak,card_expired,2,2,0,0.902,60,0,0
txn_001898,2026-06-20T10:40:00,14935.58,upi,yesbank,invalid_otp,1,14,0,0.757,1,0,0
txn_001899,2026-07-21T01:22:00,114.94,upi,idfc,risk_block,1,23,1,0.757,5,1,1
txn_001900,2026-07-15T08:34:00,474.59,upi,yesbank,bank_server_down,1,13,0,0.827,60,0,1
txn_001901,2026-06-17T03:55:00,8503.8,netbanking,yesbank,insufficient_funds,2,23,1,0.87,1,0,1
txn_001902,2026-06-29T18:46:00,859.51,wallet,axis,insufficient_funds,2,1,0,0.652,1,0,1
txn_001903,2026-06-14T07:22:00,8169.46,wallet,idfc,card_expired,2,8,0,0.648,1,0,0
txn_001904,2026-06-06T11:18:00,4271.31,wallet,icici,bank_server_down,1,14,1,0.72,5,0,1
txn_001905,2026-07-06T04:50:00,770.86,netbanking,sbi,insufficient_funds,1,11,0,0.763,180,0,0
txn_001906,2026-07-05T14:56:00,566.1,wallet,axis,card_expired,2,17,0,1.0,30,0,0
txn_001907,2026-06-05T14:00:00,1084.28,wallet,kotak,invalid_otp,1,5,1,0.826,180,0,1
txn_001908,2026-06-10T11:37:00,254.7,upi,other,gateway_error,2,17,0,0.802,720,0,1
txn_001909,2026-06-24T14:58:00,706.07,wallet,hdfc,insufficient_funds,1,3,0,0.857,180,0,1
txn_001910,2026-07-11T14:37:00,217.42,wallet,other,gateway_error,1,10,0,0.803,1,0,1
txn_001911,2026-06-03T07:10:00,311.55,upi,idfc,issuer_declined,1,3,1,0.937,30,0,0
txn_001912,2026-07-30T15:28:00,603.82,wallet,axis,network_timeout,1,16,0,0.84,5,0,1
txn_001913,2026-06-11T01:16:00,2315.38,netbanking,idfc,gateway_error,1,12,0,0.433,1,0,1
txn_001914,2026-07-19T09:52:00,3526.2,wallet,idfc,insufficient_funds,1,5,0,0.814,1,0,0
txn_001915,2026-07-21T04:07:00,334.89,card,idfc,issuer_declined,1,17,0,0.491,1,0,0
txn_001916,2026-07-02T08:36:00,95.54,card,hdfc,card_expired,3,15,0,0.765,180,0,0
txn_001917,2026-06-26T12:01:00,4022.17,card,sbi,card_expired,2,19,1,0.651,15,0,0
txn_001918,2026-07-24T02:25:00,733.84,netbanking,hdfc,insufficient_funds,1,16,1,0.68,60,0,1
txn_001919,2026-07-23T11:29:00,2354.17,wallet,hdfc,issuer_declined,2,21,0,0.8,180,0,0
txn_001920,2026-07-01T13:27:00,852.93,netbanking,other,network_timeout,1,5,0,0.623,60,0,1
txn_001921,2026-06-29T12:35:00,824.22,netbanking,icici,gateway_error,2,3,0,0.8,5,0,0
txn_001922,2026-07-25T07:28:00,99.72,card,icici,network_timeout,1,11,0,0.895,30,0,1
txn_001923,2026-07-23T20:41:00,631.74,wallet,axis,bank_server_down,2,2,1,0.814,180,0,1
txn_001924,2026-07-15T22:37:00,1994.57,upi,idfc,risk_block,2,22,1,0.7,1,1,0
txn_001925,2026-07-18T22:59:00,230.38,card,icici,bank_server_down,3,22,1,0.768,30,0,1
txn_001926,2026-07-01T07:14:00,270.77,upi,hdfc,bank_server_down,2,1,1,0.452,15,0,1
txn_001927,2026-07-28T12:52:00,191.37,netbanking,idfc,card_expired,2,18,0,0.943,180,0,1
txn_001928,2026-06-24T03:00:00,87.28,netbanking,yesbank,insufficient_funds,1,23,1,0.923,720,0,0
txn_001929,2026-07-03T14:04:00,1063.07,wallet,sbi,issuer_declined,1,6,0,0.654,60,0,0
txn_001930,2026-07-07T09:41:00,455.64,card,kotak,bank_server_down,1,12,1,0.74,720,0,1
txn_001931,2026-06-03T22:08:00,1093.84,netbanking,hdfc,card_expired,2,21,0,0.524,180,0,0
txn_001932,2026-06-19T18:26:00,543.09,card,icici,card_expired,3,6,0,0.906,60,0,0
txn_001933,2026-06-17T09:46:00,2974.44,wallet,axis,insufficient_funds,1,15,0,0.547,1,0,0
txn_001934,2026-07-10T11:49:00,90.13,card,sbi,bank_server_down,2,23,1,0.345,5,0,1
txn_001935,2026-06-03T19:19:00,1441.42,upi,icici,bank_server_down,3,5,0,0.831,180,0,0
txn_001936,2026-07-17T20:29:00,7086.86,netbanking,axis,insufficient_funds,1,0,0,0.456,1,0,1
txn_001937,2026-06-06T21:53:00,535.42,upi,yesbank,network_timeout,1,19,0,0.653,60,0,1
txn_001938,2026-06-17T07:12:00,89.24,wallet,hdfc,risk_block,1,4,0,0.956,1,1,0
txn_001939,2026-07-05T18:59:00,374.62,upi,icici,network_timeout,1,5,0,0.848,5,0,1
txn_001940,2026-07-27T21:34:00,1540.16,wallet,idfc,issuer_declined,1,18,0,0.527,1,0,0
txn_001941,2026-06-18T02:18:00,1436.85,card,hdfc,issuer_declined,2,8,0,0.667,180,0,1
txn_001942,2026-07-18T22:50:00,3920.64,card,axis,bank_server_down,3,17,0,0.71,1,0,0
txn_001943,2026-06-13T03:44:00,709.91,netbanking,hdfc,network_timeout,1,11,0,0.721,30,0,1
txn_001944,2026-07-18T14:38:00,590.45,netbanking,hdfc,card_expired,1,0,0,1.0,180,0,0
txn_001945,2026-07-13T19:26:00,290.8,netbanking,kotak,issuer_declined,1,19,0,0.638,1,0,0
txn_001946,2026-07-17T07:10:00,444.82,upi,kotak,network_timeout,1,16,1,0.497,15,0,1
txn_001947,2026-06-02T11:49:00,942.7,card,kotak,gateway_error,1,12,0,0.483,60,0,1
txn_001948,2026-07-11T01:52:00,9036.03,upi,other,network_timeout,2,0,0,0.661,720,0,1
txn_001949,2026-06-30T15:42:00,827.52,upi,hdfc,gateway_error,1,22,0,0.601,15,0,1
txn_001950,2026-06-19T14:32:00,783.13,netbanking,icici,insufficient_funds,1,0,0,0.639,180,0,0
txn_001951,2026-06-02T12:20:00,1187.63,card,yesbank,bank_server_down,1,13,0,1.0,15,0,1
txn_001952,2026-07-22T01:30:00,3263.71,wallet,idfc,invalid_otp,1,7,0,0.928,15,0,0
txn_001953,2026-07-05T06:14:00,1756.17,wallet,sbi,network_timeout,1,21,0,1.0,30,0,1
txn_001954,2026-06-05T17:05:00,1841.38,netbanking,icici,risk_block,1,7,0,0.731,720,1,0
txn_001955,2026-07-05T08:22:00,685.0,card,yesbank,invalid_otp,1,23,0,1.0,30,0,1
txn_001956,2026-06-18T16:27:00,1375.84,upi,axis,invalid_otp,1,16,0,0.874,30,0,1
txn_001957,2026-06-22T04:11:00,397.63,card,kotak,issuer_declined,1,20,0,0.758,180,0,0
txn_001958,2026-06-12T06:57:00,267.42,upi,sbi,insufficient_funds,1,21,0,0.956,30,0,0
txn_001959,2026-06-29T12:06:00,2398.77,netbanking,kotak,risk_block,1,13,1,0.819,30,1,0
txn_001960,2026-07-01T10:15:00,275.98,wallet,other,invalid_otp,2,11,0,0.441,720,0,0
txn_001961,2026-07-09T05:16:00,551.06,netbanking,axis,insufficient_funds,2,8,0,1.0,30,0,1
txn_001962,2026-06-07T22:05:00,394.81,netbanking,hdfc,card_expired,1,15,0,0.642,5,0,0
txn_001963,2026-06-04T01:10:00,954.83,wallet,axis,bank_server_down,2,19,0,0.682,720,0,1
txn_001964,2026-07-30T19:43:00,385.19,netbanking,idfc,issuer_declined,2,7,0,0.585,720,0,0
txn_001965,2026-06-04T08:25:00,1467.99,card,yesbank,network_timeout,1,13,0,0.54,720,0,1
txn_001966,2026-07-24T20:18:00,2784.33,upi,icici,bank_server_down,1,21,0,0.989,60,0,1
txn_001967,2026-07-13T19:34:00,2882.97,netbanking,icici,issuer_declined,2,23,0,0.685,15,0,0
txn_001968,2026-07-05T21:32:00,708.67,upi,idfc,network_timeout,2,8,0,0.467,720,0,1
txn_001969,2026-06-26T03:25:00,3213.45,card,hdfc,card_expired,3,11,0,0.688,180,0,0
txn_001970,2026-06-16T21:42:00,1430.51,card,axis,issuer_declined,1,9,0,0.879,60,0,0
txn_001971,2026-06-09T05:14:00,3024.72,upi,kotak,gateway_error,1,12,1,0.578,60,0,1
txn_001972,2026-06-16T03:41:00,349.61,netbanking,sbi,bank_server_down,1,9,0,0.647,1,0,1
txn_001973,2026-07-16T05:29:00,3618.61,card,other,gateway_error,2,2,0,0.597,30,0,1
txn_001974,2026-07-09T02:01:00,251.88,upi,axis,network_timeout,2,11,1,0.907,15,0,1
txn_001975,2026-07-02T06:53:00,156.4,upi,yesbank,issuer_declined,1,16,0,0.77,60,0,0
txn_001976,2026-06-11T01:36:00,2218.06,upi,kotak,risk_block,3,2,0,0.537,15,1,0
txn_001977,2026-06-04T17:40:00,338.11,netbanking,sbi,network_timeout,1,3,0,0.74,60,0,0
txn_001978,2026-07-23T06:25:00,339.61,card,icici,issuer_declined,1,19,0,0.8,60,0,0
txn_001979,2026-06-08T22:23:00,7545.9,card,hdfc,network_timeout,1,3,1,0.964,15,0,1
txn_001980,2026-06-06T08:38:00,356.08,wallet,icici,bank_server_down,1,20,0,0.788,5,0,1
txn_001981,2026-07-20T23:22:00,543.02,netbanking,hdfc,issuer_declined,2,21,0,0.409,30,0,0
txn_001982,2026-07-21T19:45:00,484.64,netbanking,yesbank,bank_server_down,2,22,0,0.517,15,0,1
txn_001983,2026-06-03T02:02:00,3564.79,card,icici,issuer_declined,1,10,1,0.533,180,0,0
txn_001984,2026-07-28T22:20:00,2889.78,upi,idfc,network_timeout,1,19,1,0.729,180,0,1
txn_001985,2026-07-16T10:33:00,1269.05,netbanking,sbi,insufficient_funds,2,17,1,0.822,1,0,0
txn_001986,2026-07-23T03:35:00,1052.03,wallet,sbi,bank_server_down,1,19,0,0.869,180,0,1
txn_001987,2026-07-29T17:52:00,1092.67,upi,hdfc,issuer_declined,1,4,0,0.686,1,0,1
txn_001988,2026-07-01T11:06:00,1516.02,netbanking,yesbank,invalid_otp,1,8,0,0.824,15,0,1
txn_001989,2026-07-05T14:20:00,1317.7,upi,yesbank,insufficient_funds,3,20,1,1.0,30,0,1
txn_001990,2026-07-26T05:59:00,307.39,upi,sbi,insufficient_funds,2,11,0,0.678,30,0,0
txn_001991,2026-06-04T05:03:00,403.45,upi,hdfc,gateway_error,1,16,0,0.623,180,0,1
txn_001992,2026-07-05T16:07:00,964.15,wallet,yesbank,insufficient_funds,1,4,1,0.271,30,0,0
txn_001993,2026-06-09T21:24:00,130.72,card,icici,bank_server_down,1,1,0,1.0,1,0,0
txn_001994,2026-06-30T23:18:00,1577.01,card,idfc,issuer_declined,1,14,0,0.689,60,0,1
txn_001995,2026-07-22T06:40:00,1783.02,netbanking,yesbank,insufficient_funds,1,22,0,0.436,15,0,0
txn_001996,2026-07-22T08:56:00,438.61,netbanking,axis,issuer_declined,2,7,0,0.918,5,0,0
txn_001997,2026-07-08T16:06:00,1086.1,card,sbi,bank_server_down,1,0,0,0.479,720,0,1
txn_001998,2026-07-18T20:03:00,1011.02,netbanking,idfc,issuer_declined,2,5,0,0.566,720,0,0
txn_001999,2026-07-09T10:45:00,706.35,upi,icici,gateway_error,1,11,1,0.537,60,0,1
txn_002000,2026-06-30T14:57:00,672.87,wallet,other,network_timeout,2,12,1,0.825,180,0,1
txn_002001,2026-07-25T14:03:00,279.39,wallet,yesbank,issuer_declined,3,20,1,0.639,720,0,0
txn_002002,2026-06-15T05:51:00,757.66,wallet,kotak,invalid_otp,2,8,1,0.674,60,0,1
txn_002003,2026-06-29T23:19:00,4179.66,netbanking,icici,network_timeout,1,19,0,0.64,30,0,1
txn_002004,2026-06-19T19:12:00,444.91,netbanking,idfc,insufficient_funds,1,12,0,0.745,720,0,1
txn_002005,2026-06-16T16:56:00,1894.8,card,hdfc,bank_server_down,1,6,0,0.698,180,0,1
txn_002006,2026-07-22T16:12:00,804.91,card,sbi,gateway_error,2,23,1,0.535,30,0,1
txn_002007,2026-06-28T07:23:00,904.59,netbanking,idfc,invalid_otp,2,2,0,0.878,720,0,1
txn_002008,2026-07-02T11:40:00,2310.82,upi,yesbank,card_expired,2,7,0,0.246,30,0,1
txn_002009,2026-07-07T16:08:00,1992.3,netbanking,idfc,bank_server_down,1,18,1,0.559,720,0,1
txn_002010,2026-07-25T13:11:00,104.38,card,other,invalid_otp,3,23,1,0.821,60,0,1
txn_002011,2026-07-03T12:47:00,502.35,netbanking,idfc,invalid_otp,1,21,1,0.711,1,0,0
txn_002012,2026-06-24T15:35:00,5358.14,card,axis,gateway_error,1,14,0,1.0,30,0,1
txn_002013,2026-07-02T06:09:00,610.17,netbanking,idfc,insufficient_funds,1,9,0,0.399,1,0,0
txn_002014,2026-06-16T00:54:00,582.59,upi,icici,insufficient_funds,2,2,1,0.705,15,0,0
txn_002015,2026-07-14T07:33:00,5290.07,upi,idfc,bank_server_down,2,5,0,0.732,15,0,1
txn_002016,2026-06-20T03:17:00,184.36,wallet,idfc,bank_server_down,1,18,0,0.61,60,0,1
txn_002017,2026-06-01T05:50:00,3319.99,netbanking,axis,invalid_otp,1,15,0,0.949,5,0,0
txn_002018,2026-06-05T15:18:00,418.29,netbanking,hdfc,issuer_declined,2,22,1,0.613,30,0,0
txn_002019,2026-07-19T20:07:00,402.1,upi,icici,invalid_otp,1,9,0,0.528,180,0,1
txn_002020,2026-06-29T03:03:00,3199.63,card,yesbank,network_timeout,1,16,0,0.747,180,0,1
txn_002021,2026-07-23T23:33:00,566.37,netbanking,yesbank,insufficient_funds,2,10,1,0.212,15,0,0
txn_002022,2026-07-19T07:46:00,1295.66,netbanking,other,issuer_declined,1,15,0,0.604,5,0,0
txn_002023,2026-06-02T15:51:00,1612.93,netbanking,icici,issuer_declined,2,7,1,0.786,30,0,1
txn_002024,2026-06-23T08:25:00,460.08,netbanking,idfc,network_timeout,1,8,0,0.45,720,0,0
txn_002025,2026-06-12T03:57:00,1705.76,upi,yesbank,gateway_error,1,1,0,0.899,720,0,1
txn_002026,2026-07-29T19:39:00,272.97,card,idfc,network_timeout,2,21,0,0.67,30,0,1
txn_002027,2026-07-04T05:42:00,872.28,upi,other,bank_server_down,1,5,0,0.634,180,0,1
txn_002028,2026-07-18T23:39:00,482.9,card,idfc,card_expired,2,11,0,0.572,180,0,0
txn_002029,2026-06-07T18:33:00,721.71,upi,other,invalid_otp,1,2,0,0.666,5,0,0
txn_002030,2026-06-29T13:10:00,2045.19,upi,other,bank_server_down,3,15,0,0.75,180,0,0
txn_002031,2026-07-12T12:45:00,2125.85,wallet,other,network_timeout,2,0,1,1.0,180,0,1
txn_002032,2026-07-08T18:45:00,1667.24,card,yesbank,invalid_otp,1,11,0,0.828,720,0,1
txn_002033,2026-06-12T11:48:00,4710.04,wallet,kotak,bank_server_down,2,4,0,0.51,60,0,1
txn_002034,2026-07-29T10:16:00,77.85,card,sbi,invalid_otp,1,5,0,0.394,60,0,1
txn_002035,2026-06-17T11:06:00,291.52,card,yesbank,card_expired,1,10,0,0.586,15,0,0
txn_002036,2026-06-20T11:07:00,429.92,netbanking,kotak,network_timeout,2,16,1,0.338,180,0,1
txn_002037,2026-06-20T16:42:00,679.63,wallet,axis,network_timeout,1,10,1,0.851,1,0,0
txn_002038,2026-06-07T18:44:00,2085.31,wallet,kotak,network_timeout,3,8,0,0.701,5,0,1
txn_002039,2026-06-01T03:32:00,343.17,card,axis,bank_server_down,1,1,0,0.486,30,0,1
txn_002040,2026-06-22T14:15:00,593.37,wallet,kotak,card_expired,3,23,0,0.599,1,0,0
txn_002041,2026-07-16T10:03:00,1371.86,wallet,sbi,issuer_declined,1,15,0,0.87,5,0,0
txn_002042,2026-07-06T05:40:00,929.74,netbanking,idfc,insufficient_funds,2,3,0,0.745,720,0,0
txn_002043,2026-07-26T10:52:00,297.49,netbanking,idfc,risk_block,2,9,1,0.576,180,1,0
txn_002044,2026-06-11T10:06:00,2432.7,wallet,kotak,invalid_otp,2,18,0,0.632,5,0,1
txn_002045,2026-06-16T22:37:00,3145.41,wallet,hdfc,issuer_declined,3,3,1,0.845,1,0,0
txn_002046,2026-06-16T20:36:00,224.08,netbanking,axis,insufficient_funds,2,12,0,0.654,720,0,1
txn_002047,2026-07-16T19:52:00,470.01,upi,other,insufficient_funds,2,0,1,0.614,15,0,0
txn_002048,2026-06-20T19:30:00,153.47,card,icici,issuer_declined,1,7,0,0.869,15,0,0
txn_002049,2026-07-14T21:21:00,1257.91,netbanking,icici,issuer_declined,1,17,1,0.604,180,0,0
txn_002050,2026-06-03T23:20:00,188.98,upi,axis,card_expired,1,19,0,0.326,180,0,1
txn_002051,2026-06-22T02:30:00,1930.27,wallet,hdfc,bank_server_down,3,4,1,0.588,30,0,1
txn_002052,2026-07-10T15:32:00,298.6,netbanking,axis,issuer_declined,1,8,1,0.738,30,0,0
txn_002053,2026-06-22T05:23:00,364.19,upi,idfc,risk_block,3,20,0,0.787,180,1,0
txn_002054,2026-07-16T11:59:00,219.2,wallet,axis,risk_block,1,8,0,0.873,15,1,0
txn_002055,2026-07-20T06:42:00,1457.17,netbanking,yesbank,risk_block,2,1,0,1.0,5,1,0
txn_002056,2026-06-28T04:56:00,168.07,netbanking,idfc,insufficient_funds,1,9,1,0.398,15,0,0
txn_002057,2026-06-14T15:22:00,5005.97,wallet,icici,issuer_declined,1,12,0,0.638,30,0,0
txn_002058,2026-06-01T22:45:00,91.24,wallet,sbi,card_expired,1,6,0,1.0,720,0,0
txn_002059,2026-07-30T03:50:00,722.26,netbanking,idfc,invalid_otp,1,13,1,0.667,5,0,0
txn_002060,2026-07-10T23:04:00,360.62,wallet,icici,issuer_declined,1,13,0,0.438,30,0,0
txn_002061,2026-07-11T10:01:00,1223.93,wallet,hdfc,invalid_otp,1,18,0,0.553,60,0,1
txn_002062,2026-06-15T22:11:00,792.5,upi,hdfc,insufficient_funds,1,5,0,0.303,5,0,1
txn_002063,2026-06-03T12:08:00,1329.33,card,hdfc,bank_server_down,1,18,0,0.465,720,0,1
txn_002064,2026-06-30T09:51:00,2264.56,wallet,kotak,issuer_declined,1,0,0,0.845,60,0,0
txn_002065,2026-07-21T13:54:00,233.93,netbanking,icici,issuer_declined,1,15,0,0.808,15,0,0
txn_002066,2026-06-29T07:25:00,386.16,wallet,yesbank,bank_server_down,2,18,0,0.692,5,0,1
txn_002067,2026-07-09T14:50:00,282.36,upi,yesbank,gateway_error,1,9,0,0.792,720,0,0
txn_002068,2026-06-30T16:13:00,190.75,wallet,idfc,card_expired,1,4,1,0.924,1,0,0
txn_002069,2026-06-07T22:39:00,1291.83,wallet,axis,card_expired,2,15,0,0.944,30,0,1
txn_002070,2026-07-09T21:02:00,1245.17,card,kotak,bank_server_down,1,5,0,0.947,15,0,1
txn_002071,2026-06-08T05:12:00,780.74,card,sbi,insufficient_funds,1,15,1,0.682,30,0,1
txn_002072,2026-06-07T01:58:00,2365.41,upi,sbi,insufficient_funds,1,20,0,0.864,15,0,0
txn_002073,2026-06-02T15:07:00,1780.7,wallet,sbi,network_timeout,1,1,0,0.369,15,0,0
txn_002074,2026-07-19T15:45:00,381.18,netbanking,sbi,issuer_declined,1,14,1,1.0,30,0,1
txn_002075,2026-07-07T05:13:00,1367.82,netbanking,kotak,gateway_error,1,18,0,0.289,180,0,1
txn_002076,2026-07-16T12:37:00,293.54,upi,idfc,card_expired,1,19,1,0.563,180,0,0
txn_002077,2026-07-23T00:22:00,180.04,wallet,hdfc,issuer_declined,3,19,0,0.697,5,0,0
txn_002078,2026-07-23T08:52:00,930.81,upi,sbi,insufficient_funds,2,4,1,0.935,1,0,0
txn_002079,2026-06-12T08:49:00,921.73,card,other,invalid_otp,1,18,0,0.996,15,0,0
txn_002080,2026-06-29T04:42:00,92.43,card,other,insufficient_funds,1,0,0,0.827,180,0,0
txn_002081,2026-06-17T04:26:00,2915.9,netbanking,other,gateway_error,1,5,0,1.0,5,0,1
txn_002082,2026-07-02T04:26:00,368.99,wallet,other,bank_server_down,2,15,1,0.637,5,0,1
txn_002083,2026-07-29T22:40:00,425.97,wallet,other,risk_block,2,10,0,0.804,60,1,0
txn_002084,2026-06-05T14:27:00,1263.07,card,hdfc,insufficient_funds,2,17,0,0.879,720,0,1
txn_002085,2026-06-13T14:23:00,1375.08,upi,kotak,invalid_otp,1,15,0,0.817,720,0,0
txn_002086,2026-06-06T08:07:00,1852.11,netbanking,sbi,insufficient_funds,1,19,1,1.0,720,0,0
txn_002087,2026-06-30T21:05:00,619.94,netbanking,sbi,gateway_error,1,22,1,0.805,1,0,1
txn_002088,2026-06-25T20:09:00,1129.15,upi,hdfc,network_timeout,2,4,0,0.756,60,0,0
txn_002089,2026-07-14T19:24:00,164.12,netbanking,sbi,network_timeout,3,7,0,0.614,30,0,0
txn_002090,2026-07-07T15:40:00,206.65,upi,yesbank,issuer_declined,2,5,1,0.808,180,0,0
txn_002091,2026-07-29T16:51:00,142.63,upi,axis,bank_server_down,3,18,1,0.879,30,0,1
txn_002092,2026-06-23T15:02:00,670.58,card,other,bank_server_down,1,23,0,0.684,15,0,1
txn_002093,2026-06-18T21:09:00,3609.09,wallet,sbi,insufficient_funds,3,23,0,0.779,60,0,0
txn_002094,2026-07-17T17:30:00,835.8,card,idfc,bank_server_down,2,6,0,0.954,180,0,1
txn_002095,2026-07-28T06:13:00,596.61,card,yesbank,network_timeout,1,16,1,0.947,15,0,1
txn_002096,2026-07-22T21:18:00,304.2,card,hdfc,risk_block,1,9,1,0.659,15,1,1
txn_002097,2026-06-09T17:21:00,283.47,card,other,card_expired,3,11,1,0.636,720,0,0
txn_002098,2026-06-05T18:18:00,448.53,wallet,icici,issuer_declined,1,17,0,0.276,180,0,0
txn_002099,2026-06-22T04:03:00,2665.41,card,kotak,bank_server_down,2,2,1,0.587,1,0,1
txn_002100,2026-06-21T07:37:00,1155.7,upi,other,card_expired,2,2,0,0.675,1,0,0
txn_002101,2026-07-06T17:03:00,3831.89,netbanking,kotak,issuer_declined,1,3,0,0.728,1,0,0
txn_002102,2026-07-19T19:53:00,253.97,card,sbi,network_timeout,2,7,1,0.87,720,0,1
txn_002103,2026-07-03T15:09:00,1758.32,wallet,axis,invalid_otp,1,2,0,0.977,180,0,1
txn_002104,2026-07-24T23:07:00,613.62,wallet,other,invalid_otp,2,6,0,0.33,60,0,1
txn_002105,2026-07-19T23:09:00,560.02,upi,icici,insufficient_funds,1,1,0,0.481,60,0,0
txn_002106,2026-06-09T01:32:00,1075.69,upi,kotak,invalid_otp,1,7,0,0.942,60,0,0
txn_002107,2026-06-17T00:41:00,496.52,netbanking,idfc,card_expired,3,18,0,0.734,5,0,0
txn_002108,2026-07-09T05:26:00,1194.17,upi,other,card_expired,2,21,0,0.452,30,0,0
txn_002109,2026-07-24T03:44:00,2945.32,wallet,axis,bank_server_down,1,0,0,0.752,60,0,1
txn_002110,2026-07-22T08:43:00,1001.09,netbanking,icici,invalid_otp,1,9,0,0.641,30,0,1
txn_002111,2026-06-28T16:48:00,798.79,wallet,idfc,insufficient_funds,2,14,0,0.598,1,0,1
txn_002112,2026-07-30T16:39:00,3161.42,upi,yesbank,bank_server_down,1,12,1,0.797,1,0,0
txn_002113,2026-07-14T09:37:00,1074.12,card,hdfc,network_timeout,1,16,0,0.547,5,0,1
txn_002114,2026-06-26T18:35:00,963.82,card,hdfc,network_timeout,1,15,0,0.621,30,0,1
txn_002115,2026-06-06T06:16:00,1445.0,card,hdfc,card_expired,3,21,1,0.879,15,0,0
txn_002116,2026-07-28T10:39:00,701.87,netbanking,hdfc,gateway_error,1,1,0,0.59,720,0,1
txn_002117,2026-06-06T09:50:00,446.96,wallet,sbi,network_timeout,2,6,1,0.741,5,0,0
txn_002118,2026-07-10T20:07:00,358.0,upi,kotak,insufficient_funds,1,9,0,1.0,180,0,1
txn_002119,2026-07-05T08:51:00,3220.44,wallet,yesbank,gateway_error,2,12,1,0.654,60,0,1
txn_002120,2026-07-05T19:01:00,581.9,netbanking,sbi,insufficient_funds,1,12,1,0.72,15,0,1
txn_002121,2026-06-02T02:09:00,377.3,wallet,icici,issuer_declined,1,1,0,0.44,720,0,0
txn_002122,2026-07-15T05:29:00,425.76,wallet,idfc,bank_server_down,1,3,0,0.891,15,0,1
txn_002123,2026-06-26T15:42:00,1752.42,upi,idfc,invalid_otp,1,10,1,0.608,720,0,0
txn_002124,2026-07-13T01:18:00,239.72,card,hdfc,bank_server_down,2,8,0,0.748,720,0,1
txn_002125,2026-06-12T02:02:00,380.91,netbanking,hdfc,insufficient_funds,1,3,0,0.893,180,0,0
txn_002126,2026-06-12T07:11:00,1142.66,upi,axis,gateway_error,1,12,1,1.0,720,0,1
txn_002127,2026-06-20T05:51:00,1907.17,card,yesbank,issuer_declined,1,21,0,0.643,60,0,0
txn_002128,2026-06-10T10:14:00,356.02,upi,axis,bank_server_down,1,6,0,1.0,720,0,1
txn_002129,2026-07-16T17:21:00,1080.0,netbanking,icici,bank_server_down,1,10,0,0.709,15,0,1
txn_002130,2026-07-03T04:38:00,2670.4,upi,kotak,bank_server_down,1,9,0,0.645,5,0,1
txn_002131,2026-06-25T08:51:00,446.0,wallet,kotak,issuer_declined,2,4,0,0.564,1,0,0
txn_002132,2026-06-10T16:44:00,208.72,card,other,insufficient_funds,3,18,0,0.461,5,0,0
txn_002133,2026-06-06T22:47:00,514.11,wallet,kotak,issuer_declined,1,0,0,0.887,30,0,1
txn_002134,2026-07-01T05:53:00,444.94,upi,yesbank,issuer_declined,2,7,1,1.0,60,0,1
txn_002135,2026-07-25T13:30:00,381.49,upi,sbi,bank_server_down,1,12,0,0.688,60,0,1
txn_002136,2026-07-12T12:08:00,688.3,wallet,kotak,bank_server_down,2,14,1,0.641,1,0,0
txn_002137,2026-06-04T08:46:00,83.02,upi,icici,issuer_declined,1,7,0,0.945,720,0,1
txn_002138,2026-07-03T11:09:00,570.76,upi,icici,network_timeout,1,1,1,0.859,15,0,1
txn_002139,2026-07-05T01:04:00,386.64,wallet,other,bank_server_down,1,21,0,0.532,180,0,0
txn_002140,2026-07-27T04:16:00,591.36,card,icici,gateway_error,1,6,0,1.0,720,0,1
txn_002141,2026-06-20T16:51:00,276.57,card,idfc,invalid_otp,2,3,0,0.588,1,0,0
txn_002142,2026-07-02T18:23:00,1026.78,netbanking,idfc,gateway_error,2,16,0,0.839,180,0,0
txn_002143,2026-06-22T23:24:00,3682.1,wallet,yesbank,risk_block,1,21,0,0.64,1,1,0
txn_002144,2026-07-14T11:31:00,2796.83,card,icici,bank_server_down,3,19,0,0.547,60,0,1
txn_002145,2026-06-18T02:38:00,837.29,netbanking,other,risk_block,1,22,1,1.0,60,1,0
txn_002146,2026-07-29T18:57:00,475.12,netbanking,kotak,gateway_error,1,18,0,1.0,180,0,0
txn_002147,2026-07-06T23:09:00,1558.0,wallet,hdfc,bank_server_down,2,22,1,0.342,1,0,0
txn_002148,2026-06-08T07:12:00,284.8,card,yesbank,network_timeout,1,20,1,0.896,1,0,1
txn_002149,2026-07-27T18:01:00,206.79,upi,hdfc,issuer_declined,2,2,0,0.471,720,0,0
txn_002150,2026-07-22T00:49:00,752.17,upi,sbi,invalid_otp,1,6,0,1.0,60,0,1
txn_002151,2026-07-08T13:32:00,222.99,wallet,sbi,risk_block,1,8,0,1.0,180,1,0
txn_002152,2026-06-20T10:00:00,1049.35,netbanking,yesbank,risk_block,1,4,1,0.971,5,1,0
txn_002153,2026-06-11T14:12:00,208.5,wallet,kotak,issuer_declined,3,20,0,0.728,5,0,0
txn_002154,2026-06-14T09:52:00,556.73,wallet,axis,invalid_otp,1,20,0,0.843,1,0,0
txn_002155,2026-06-16T01:21:00,1704.54,upi,axis,bank_server_down,1,19,1,0.499,15,0,0
txn_002156,2026-07-28T07:48:00,2469.34,netbanking,sbi,gateway_error,2,8,1,0.629,720,0,0
txn_002157,2026-07-25T01:14:00,208.82,wallet,icici,network_timeout,1,16,1,0.34,15,0,0
txn_002158,2026-06-14T19:55:00,1043.0,upi,idfc,invalid_otp,3,15,0,1.0,60,0,1
txn_002159,2026-06-18T07:37:00,3325.19,netbanking,idfc,insufficient_funds,2,3,0,0.916,1,0,1
txn_002160,2026-07-12T10:46:00,711.13,netbanking,icici,bank_server_down,2,19,0,0.304,30,0,1
txn_002161,2026-06-06T20:39:00,390.89,card,yesbank,gateway_error,2,18,0,0.713,180,0,1
txn_002162,2026-07-10T05:43:00,3317.13,card,idfc,network_timeout,1,6,0,0.914,180,0,1
txn_002163,2026-06-03T22:03:00,2194.52,card,yesbank,insufficient_funds,1,5,1,0.779,30,0,0
txn_002164,2026-07-18T11:40:00,834.09,card,sbi,issuer_declined,2,7,0,0.766,30,0,0
txn_002165,2026-06-13T04:08:00,929.6,upi,sbi,card_expired,2,13,0,0.673,5,0,1
txn_002166,2026-07-10T03:05:00,742.73,wallet,hdfc,insufficient_funds,2,15,1,0.427,30,0,0
txn_002167,2026-06-08T08:25:00,450.81,card,idfc,issuer_declined,1,23,0,0.984,1,0,0
txn_002168,2026-06-01T23:27:00,3097.11,upi,kotak,insufficient_funds,1,22,1,0.863,1,0,1
txn_002169,2026-06-18T23:25:00,1780.74,card,sbi,gateway_error,1,0,0,0.705,720,0,1
txn_002170,2026-07-09T19:12:00,1197.6,netbanking,axis,gateway_error,2,17,1,0.937,5,0,1
txn_002171,2026-06-03T18:54:00,148.04,wallet,kotak,invalid_otp,1,8,1,0.881,60,0,1
txn_002172,2026-07-08T13:56:00,1502.56,netbanking,kotak,invalid_otp,2,0,1,0.889,5,0,1
txn_002173,2026-07-23T04:03:00,838.29,card,hdfc,issuer_declined,1,3,0,0.993,720,0,0
txn_002174,2026-06-13T02:53:00,4524.91,wallet,icici,gateway_error,1,3,0,0.662,5,0,0
txn_002175,2026-06-28T20:36:00,674.13,upi,yesbank,invalid_otp,2,14,0,0.762,180,0,1
txn_002176,2026-07-17T02:33:00,1515.36,wallet,sbi,network_timeout,1,1,0,1.0,720,0,1
txn_002177,2026-06-22T15:49:00,530.63,card,other,invalid_otp,1,17,1,0.909,60,0,1
txn_002178,2026-06-12T22:42:00,1734.36,netbanking,hdfc,insufficient_funds,1,3,0,0.839,15,0,0
txn_002179,2026-07-03T02:19:00,2404.32,card,yesbank,insufficient_funds,2,22,0,0.449,1,0,1
txn_002180,2026-06-28T19:15:00,513.07,wallet,yesbank,card_expired,1,2,1,0.466,60,0,0
txn_002181,2026-07-03T11:06:00,3278.71,wallet,idfc,issuer_declined,2,8,0,1.0,1,0,0
txn_002182,2026-07-18T11:38:00,1250.31,wallet,hdfc,gateway_error,3,11,0,0.864,5,0,1
txn_002183,2026-06-21T16:30:00,311.89,wallet,hdfc,invalid_otp,2,23,1,0.444,60,0,0
txn_002184,2026-07-25T02:28:00,527.81,wallet,kotak,insufficient_funds,2,3,0,0.418,30,0,0
txn_002185,2026-07-29T12:01:00,221.07,upi,yesbank,insufficient_funds,2,15,0,0.536,5,0,0
txn_002186,2026-06-01T08:53:00,966.17,wallet,icici,gateway_error,1,7,0,0.699,60,0,1
txn_002187,2026-06-11T00:59:00,1004.34,wallet,kotak,network_timeout,2,8,0,0.625,720,0,1
txn_002188,2026-06-28T02:22:00,95.61,upi,other,risk_block,1,5,0,0.429,15,1,0
txn_002189,2026-07-28T00:59:00,961.78,netbanking,icici,issuer_declined,1,23,1,0.581,60,0,0
txn_002190,2026-07-16T05:26:00,4874.45,upi,other,invalid_otp,1,18,0,0.854,720,0,1
txn_002191,2026-07-11T07:26:00,624.54,upi,idfc,bank_server_down,2,6,0,0.223,5,0,1
txn_002192,2026-07-19T15:51:00,598.38,upi,other,invalid_otp,1,21,0,0.563,1,0,1
txn_002193,2026-06-12T19:45:00,85.52,card,sbi,insufficient_funds,1,16,0,0.889,60,0,0
txn_002194,2026-07-01T03:06:00,1158.3,netbanking,hdfc,gateway_error,2,4,0,0.617,30,0,1
txn_002195,2026-07-26T17:45:00,134.23,netbanking,other,issuer_declined,3,1,1,0.726,1,0,0
txn_002196,2026-06-11T08:02:00,1186.35,upi,axis,bank_server_down,3,11,0,1.0,1,0,1
txn_002197,2026-07-22T07:27:00,531.8,upi,axis,network_timeout,2,11,0,0.75,5,0,1
txn_002198,2026-06-14T14:25:00,567.98,upi,sbi,bank_server_down,1,0,0,0.532,5,0,1
txn_002199,2026-07-01T22:58:00,462.78,card,hdfc,gateway_error,1,13,0,0.497,15,0,1
txn_002200,2026-06-18T10:44:00,656.64,upi,sbi,invalid_otp,1,19,0,0.759,5,0,1
txn_002201,2026-06-13T22:27:00,1177.97,upi,kotak,card_expired,2,0,0,0.812,30,0,0
txn_002202,2026-07-26T02:43:00,99.63,wallet,hdfc,gateway_error,1,4,1,1.0,30,0,1
txn_002203,2026-07-25T12:49:00,474.94,wallet,hdfc,insufficient_funds,1,1,1,0.764,1,0,0
txn_002204,2026-06-07T14:31:00,294.04,card,icici,network_timeout,2,17,0,0.731,60,0,1
txn_002205,2026-06-04T20:01:00,2612.83,card,idfc,issuer_declined,1,3,1,0.803,5,0,0
txn_002206,2026-07-15T16:35:00,705.72,card,sbi,risk_block,1,14,0,0.752,60,1,0
txn_002207,2026-07-21T08:56:00,99.97,wallet,sbi,issuer_declined,1,22,0,1.0,30,0,0
txn_002208,2026-07-08T22:51:00,506.23,netbanking,kotak,insufficient_funds,1,16,0,0.89,1,0,0
txn_002209,2026-06-23T19:27:00,458.89,upi,idfc,issuer_declined,3,8,0,0.819,30,0,0
txn_002210,2026-07-10T12:02:00,371.57,netbanking,hdfc,network_timeout,1,22,0,0.501,720,0,1
txn_002211,2026-06-07T11:32:00,736.71,wallet,sbi,insufficient_funds,1,16,1,0.122,30,0,0
txn_002212,2026-07-17T21:42:00,71.84,wallet,kotak,issuer_declined,3,2,0,0.914,180,0,0
txn_002213,2026-06-18T09:02:00,508.82,card,icici,insufficient_funds,1,15,0,0.671,30,0,0
txn_002214,2026-07-23T12:02:00,74.19,card,kotak,risk_block,2,7,0,0.672,720,1,1
txn_002215,2026-06-10T08:30:00,693.81,netbanking,hdfc,invalid_otp,1,22,1,0.4,30,0,1
txn_002216,2026-07-11T06:56:00,620.95,upi,other,bank_server_down,1,1,0,0.689,60,0,1
txn_002217,2026-06-01T01:06:00,988.04,wallet,sbi,invalid_otp,1,2,0,0.769,720,0,0
txn_002218,2026-07-22T11:01:00,2167.18,wallet,hdfc,insufficient_funds,2,23,0,0.783,15,0,0
txn_002219,2026-07-30T12:34:00,1583.21,card,sbi,network_timeout,2,15,0,0.594,30,0,1
txn_002220,2026-06-14T18:37:00,2213.91,netbanking,axis,invalid_otp,3,19,0,0.718,720,0,1
txn_002221,2026-06-18T01:56:00,355.77,netbanking,sbi,network_timeout,1,23,1,1.0,720,0,1
txn_002222,2026-07-05T06:57:00,9702.21,card,other,bank_server_down,2,12,0,0.636,60,0,1
txn_002223,2026-07-17T23:40:00,187.45,upi,yesbank,issuer_declined,2,14,0,0.795,60,0,0
txn_002224,2026-07-03T08:34:00,790.38,netbanking,kotak,card_expired,2,1,1,0.614,15,0,0
txn_002225,2026-06-11T14:37:00,763.57,netbanking,yesbank,network_timeout,1,8,0,0.852,60,0,1
txn_002226,2026-06-16T02:30:00,2128.74,upi,yesbank,insufficient_funds,1,21,0,0.1,15,0,0
txn_002227,2026-07-19T09:53:00,76.74,netbanking,idfc,insufficient_funds,1,1,0,0.621,180,0,0
txn_002228,2026-07-23T06:53:00,337.27,upi,sbi,insufficient_funds,1,15,0,0.629,60,0,0
txn_002229,2026-06-26T11:45:00,1074.31,wallet,icici,card_expired,2,2,0,0.422,60,0,0
txn_002230,2026-06-17T09:44:00,262.15,wallet,hdfc,network_timeout,1,14,0,0.574,30,0,0
txn_002231,2026-07-09T22:40:00,567.84,wallet,icici,insufficient_funds,1,17,1,0.807,5,0,0
txn_002232,2026-06-01T09:19:00,2304.14,wallet,other,invalid_otp,1,8,0,0.56,1,0,1
txn_002233,2026-06-06T19:48:00,156.21,card,axis,insufficient_funds,3,0,0,0.437,15,0,0
txn_002234,2026-07-14T13:20:00,488.11,card,kotak,gateway_error,1,19,1,0.621,15,0,1
txn_002235,2026-06-22T20:16:00,72.1,wallet,yesbank,invalid_otp,1,2,0,0.756,5,0,0
txn_002236,2026-06-12T21:09:00,143.74,upi,other,risk_block,1,19,1,0.661,30,1,1
txn_002237,2026-06-07T03:15:00,363.51,netbanking,axis,network_timeout,1,14,0,0.937,720,0,0
txn_002238,2026-07-20T11:31:00,33.81,card,kotak,card_expired,2,11,0,0.749,180,0,1
txn_002239,2026-07-17T11:32:00,822.55,wallet,sbi,invalid_otp,1,1,0,0.546,15,0,0
txn_002240,2026-07-18T12:52:00,272.29,wallet,idfc,bank_server_down,1,22,0,0.829,720,0,1
txn_002241,2026-07-26T03:13:00,731.94,card,icici,insufficient_funds,3,13,0,0.521,15,0,0
txn_002242,2026-06-08T05:06:00,1255.81,netbanking,sbi,card_expired,3,22,0,0.669,5,0,0
txn_002243,2026-06-12T12:56:00,1589.45,card,other,invalid_otp,1,5,0,0.541,30,0,0
txn_002244,2026-06-01T13:44:00,3711.13,wallet,idfc,issuer_declined,1,5,0,0.68,180,0,0
txn_002245,2026-06-21T04:40:00,1315.82,wallet,other,card_expired,3,14,0,0.847,60,0,0
txn_002246,2026-07-29T15:31:00,628.67,netbanking,yesbank,bank_server_down,3,13,1,0.969,720,0,1
txn_002247,2026-07-28T21:25:00,369.38,upi,hdfc,issuer_declined,1,16,0,0.814,720,0,1
txn_002248,2026-06-14T20:54:00,1118.75,card,sbi,invalid_otp,1,14,0,0.631,1,0,0
txn_002249,2026-06-27T16:26:00,3324.31,netbanking,kotak,bank_server_down,2,23,0,1.0,30,0,1
txn_002250,2026-07-12T21:23:00,4544.94,wallet,other,insufficient_funds,1,2,0,0.461,30,0,0
txn_002251,2026-06-17T05:32:00,2238.18,wallet,yesbank,bank_server_down,1,21,0,0.608,5,0,1
txn_002252,2026-06-15T17:11:00,238.03,upi,sbi,invalid_otp,3,11,0,0.693,720,0,1
txn_002253,2026-06-30T09:40:00,975.75,netbanking,yesbank,bank_server_down,1,8,0,0.922,180,0,1
txn_002254,2026-07-05T05:12:00,1633.31,upi,sbi,insufficient_funds,1,16,1,0.678,1,0,0
txn_002255,2026-06-11T15:31:00,363.54,card,axis,insufficient_funds,2,1,0,0.732,60,0,0
txn_002256,2026-07-12T22:38:00,403.6,card,axis,bank_server_down,1,6,0,0.921,30,0,1
txn_002257,2026-07-02T00:06:00,426.06,netbanking,idfc,insufficient_funds,2,19,0,0.347,15,0,0
txn_002258,2026-06-28T08:09:00,170.32,netbanking,yesbank,card_expired,2,20,1,0.93,1,0,0
txn_002259,2026-06-06T14:47:00,895.23,netbanking,icici,card_expired,1,5,0,0.978,5,0,0
txn_002260,2026-06-27T22:17:00,497.54,card,icici,gateway_error,2,2,0,1.0,15,0,1
txn_002261,2026-06-06T03:49:00,103.3,upi,axis,bank_server_down,1,19,0,1.0,60,0,1
txn_002262,2026-07-10T17:33:00,5202.81,netbanking,axis,insufficient_funds,1,9,0,0.71,5,0,0
txn_002263,2026-06-06T13:32:00,117.7,upi,kotak,bank_server_down,2,1,0,0.836,15,0,1
txn_002264,2026-07-21T09:33:00,873.26,netbanking,other,issuer_declined,2,4,0,0.866,30,0,1
txn_002265,2026-07-25T16:31:00,298.54,upi,icici,gateway_error,1,23,0,0.529,1,0,1
txn_002266,2026-06-03T08:37:00,2425.48,wallet,sbi,issuer_declined,1,13,1,0.694,720,0,1
txn_002267,2026-07-25T19:50:00,1447.69,upi,axis,issuer_declined,1,1,1,0.702,60,0,0
txn_002268,2026-07-17T16:57:00,1074.59,upi,idfc,insufficient_funds,1,11,1,0.45,720,0,0
txn_002269,2026-06-05T21:36:00,2725.37,card,axis,insufficient_funds,1,3,0,0.747,180,0,0
txn_002270,2026-06-03T17:54:00,204.71,upi,other,gateway_error,1,18,1,0.381,15,0,1
txn_002271,2026-07-16T03:22:00,328.31,card,sbi,insufficient_funds,1,0,0,0.899,30,0,1
txn_002272,2026-06-18T19:49:00,2055.82,card,yesbank,network_timeout,2,4,1,0.725,30,0,1
txn_002273,2026-06-03T19:40:00,4686.51,upi,icici,invalid_otp,1,23,0,0.759,30,0,0
txn_002274,2026-07-07T03:02:00,167.32,wallet,axis,gateway_error,1,14,1,0.562,60,0,0
txn_002275,2026-06-06T23:31:00,973.77,card,sbi,network_timeout,2,15,1,0.694,1,0,1
txn_002276,2026-06-27T16:24:00,331.15,upi,idfc,bank_server_down,1,9,1,0.723,60,0,1
txn_002277,2026-06-13T20:50:00,321.12,card,sbi,bank_server_down,1,23,1,0.815,15,0,1
txn_002278,2026-06-16T00:39:00,97.03,netbanking,kotak,invalid_otp,3,3,0,0.822,15,0,0
txn_002279,2026-06-22T21:25:00,652.71,card,idfc,issuer_declined,1,6,0,0.515,180,0,1
txn_002280,2026-07-14T15:43:00,1242.03,upi,kotak,card_expired,1,14,0,0.405,60,0,0
txn_002281,2026-07-14T18:17:00,447.13,netbanking,icici,gateway_error,1,2,1,0.862,5,0,1
txn_002282,2026-07-20T12:29:00,453.54,upi,kotak,network_timeout,2,16,1,0.677,15,0,1
txn_002283,2026-07-18T00:05:00,115.67,netbanking,axis,insufficient_funds,1,3,1,0.85,30,0,1
txn_002284,2026-06-23T11:08:00,1495.72,wallet,hdfc,invalid_otp,1,22,0,0.629,180,0,1
txn_002285,2026-06-26T13:26:00,664.91,netbanking,axis,network_timeout,1,8,0,0.936,180,0,1
txn_002286,2026-07-05T06:16:00,93.99,netbanking,idfc,gateway_error,1,13,0,0.606,5,0,0
txn_002287,2026-07-19T06:37:00,2079.7,wallet,kotak,issuer_declined,3,20,0,0.338,5,0,0
txn_002288,2026-07-26T00:40:00,2289.86,netbanking,hdfc,bank_server_down,1,21,0,0.753,1,0,1
txn_002289,2026-06-02T10:04:00,46.32,wallet,yesbank,card_expired,1,20,1,1.0,720,0,0
txn_002290,2026-06-24T05:14:00,2223.06,card,other,invalid_otp,2,21,0,0.98,60,0,0
txn_002291,2026-06-12T20:55:00,815.06,wallet,idfc,bank_server_down,2,2,0,0.415,15,0,0
txn_002292,2026-07-24T06:07:00,4699.73,card,hdfc,network_timeout,1,14,1,0.414,180,0,0
txn_002293,2026-06-09T07:00:00,5262.79,netbanking,icici,insufficient_funds,1,17,1,0.662,60,0,1
txn_002294,2026-06-22T18:59:00,4728.65,upi,hdfc,invalid_otp,2,4,0,0.601,30,0,0
txn_002295,2026-07-02T21:54:00,752.38,netbanking,kotak,insufficient_funds,2,9,1,0.447,5,0,0
txn_002296,2026-06-19T22:38:00,604.09,card,axis,issuer_declined,2,15,0,0.578,60,0,1
txn_002297,2026-06-06T21:26:00,2142.03,card,idfc,insufficient_funds,2,20,0,0.789,60,0,0
txn_002298,2026-07-08T21:54:00,1327.48,wallet,hdfc,issuer_declined,3,19,1,0.933,60,0,0
txn_002299,2026-07-12T15:22:00,317.55,netbanking,idfc,insufficient_funds,1,20,1,0.514,1,0,0
txn_002300,2026-07-01T15:03:00,1243.55,netbanking,sbi,bank_server_down,2,15,1,0.75,60,0,1
txn_002301,2026-07-13T16:00:00,651.94,card,axis,gateway_error,1,15,0,0.891,30,0,1
txn_002302,2026-06-15T21:00:00,462.45,upi,sbi,card_expired,2,3,1,0.683,1,0,0
txn_002303,2026-06-19T12:02:00,922.15,wallet,other,issuer_declined,1,19,0,0.704,30,0,0
txn_002304,2026-06-02T06:18:00,584.11,card,yesbank,card_expired,2,12,0,0.784,180,0,1
txn_002305,2026-07-08T22:45:00,8090.36,wallet,hdfc,insufficient_funds,2,0,0,0.375,60,0,0
txn_002306,2026-06-15T01:37:00,187.91,wallet,axis,gateway_error,3,22,1,0.833,60,0,1
txn_002307,2026-06-25T11:41:00,1659.98,wallet,other,invalid_otp,1,13,0,0.661,30,0,0
txn_002308,2026-07-24T08:05:00,548.83,wallet,yesbank,issuer_declined,1,12,0,0.755,60,0,1
txn_002309,2026-06-21T13:11:00,190.14,wallet,yesbank,bank_server_down,1,4,0,0.604,60,0,0
txn_002310,2026-06-04T00:06:00,16498.11,card,idfc,insufficient_funds,3,11,1,0.856,1,0,0
txn_002311,2026-06-12T02:53:00,474.65,wallet,kotak,gateway_error,1,13,0,0.853,180,0,1
txn_002312,2026-07-08T03:42:00,2109.14,card,other,insufficient_funds,2,0,1,0.942,30,0,0
txn_002313,2026-07-18T07:09:00,197.43,card,axis,invalid_otp,1,6,0,0.537,30,0,1
txn_002314,2026-06-05T20:13:00,661.03,card,axis,bank_server_down,1,10,0,1.0,180,0,1
txn_002315,2026-06-12T06:25:00,982.85,netbanking,sbi,insufficient_funds,1,1,1,0.706,720,0,1
txn_002316,2026-06-20T22:40:00,334.89,card,kotak,invalid_otp,2,2,1,0.937,1,0,1
txn_002317,2026-07-03T10:52:00,618.15,netbanking,icici,network_timeout,1,21,0,0.998,15,0,1
txn_002318,2026-06-14T05:46:00,315.11,card,icici,bank_server_down,1,17,0,0.616,1,0,1
txn_002319,2026-07-23T01:54:00,997.38,wallet,axis,invalid_otp,1,11,0,0.957,60,0,1
txn_002320,2026-07-23T22:38:00,694.46,wallet,other,insufficient_funds,1,6,1,0.727,60,0,1
txn_002321,2026-07-30T02:31:00,8499.75,wallet,yesbank,issuer_declined,1,21,0,0.621,30,0,0
txn_002322,2026-07-10T00:12:00,948.82,upi,idfc,card_expired,1,9,0,0.979,60,0,0
txn_002323,2026-06-23T00:41:00,709.27,netbanking,icici,bank_server_down,1,4,0,0.822,60,0,1
txn_002324,2026-07-21T15:19:00,119.53,wallet,kotak,gateway_error,2,13,1,0.385,15,0,1
txn_002325,2026-06-14T14:50:00,500.22,netbanking,kotak,card_expired,1,21,0,0.484,5,0,1
txn_002326,2026-07-06T13:06:00,2123.12,upi,hdfc,issuer_declined,1,14,0,0.504,5,0,0
txn_002327,2026-06-06T22:40:00,7298.29,wallet,axis,invalid_otp,1,5,0,0.911,60,0,1
txn_002328,2026-07-11T06:21:00,2527.61,wallet,hdfc,network_timeout,1,1,0,0.521,180,0,1
txn_002329,2026-06-26T10:20:00,432.53,card,idfc,insufficient_funds,1,18,0,0.535,15,0,0
txn_002330,2026-07-04T06:59:00,2727.63,wallet,hdfc,insufficient_funds,1,0,0,0.865,720,0,0
txn_002331,2026-06-20T10:11:00,130.76,upi,hdfc,invalid_otp,1,7,0,1.0,15,0,0
txn_002332,2026-06-08T23:58:00,5751.48,card,other,invalid_otp,1,22,0,0.457,30,0,1
txn_002333,2026-06-25T00:46:00,1499.59,wallet,kotak,card_expired,2,18,0,0.172,15,0,0
txn_002334,2026-07-24T20:34:00,1045.29,wallet,yesbank,bank_server_down,1,12,1,0.756,720,0,1
txn_002335,2026-07-07T22:15:00,397.79,wallet,kotak,issuer_declined,3,20,1,0.598,15,0,0
txn_002336,2026-06-20T01:49:00,344.28,card,icici,invalid_otp,2,11,0,0.648,60,0,1
txn_002337,2026-07-12T19:54:00,964.95,netbanking,idfc,bank_server_down,1,0,0,0.932,15,0,1
txn_002338,2026-06-29T11:46:00,560.29,upi,icici,network_timeout,1,3,0,0.729,720,0,1
txn_002339,2026-07-04T22:24:00,9821.06,wallet,icici,gateway_error,2,1,1,0.894,5,0,1
txn_002340,2026-07-18T05:01:00,694.43,wallet,idfc,insufficient_funds,1,0,0,0.419,30,0,1
txn_002341,2026-07-30T12:50:00,285.99,upi,icici,insufficient_funds,1,11,0,0.295,60,0,1
txn_002342,2026-07-24T23:40:00,250.17,netbanking,icici,issuer_declined,2,23,0,0.585,180,0,0
txn_002343,2026-07-25T09:08:00,165.15,wallet,other,bank_server_down,1,21,0,0.441,60,0,0
txn_002344,2026-07-23T11:21:00,1725.61,card,yesbank,risk_block,1,2,1,0.749,720,1,0
txn_002345,2026-07-13T21:19:00,5090.61,card,hdfc,bank_server_down,1,8,1,0.858,720,0,1
txn_002346,2026-06-12T22:50:00,203.73,netbanking,idfc,network_timeout,1,17,1,1.0,5,0,1
txn_002347,2026-06-12T01:17:00,511.99,card,hdfc,issuer_declined,1,2,1,0.377,1,0,0
txn_002348,2026-07-16T02:02:00,4167.6,card,axis,invalid_otp,1,19,0,0.798,720,0,0
txn_002349,2026-07-26T02:18:00,568.32,card,hdfc,invalid_otp,2,3,0,0.605,180,0,0
txn_002350,2026-06-13T19:58:00,1194.91,upi,hdfc,gateway_error,1,12,0,0.708,5,0,1
txn_002351,2026-06-04T20:50:00,7400.59,card,idfc,issuer_declined,2,22,0,0.713,720,0,0
txn_002352,2026-06-03T17:10:00,1869.29,upi,other,risk_block,1,17,0,0.576,60,1,0
txn_002353,2026-07-02T17:03:00,1297.26,upi,yesbank,issuer_declined,1,10,0,0.771,60,0,0
txn_002354,2026-07-30T05:07:00,207.13,upi,other,card_expired,1,8,1,0.694,60,0,0
txn_002355,2026-06-18T18:31:00,433.33,wallet,sbi,network_timeout,1,20,0,0.725,60,0,0
txn_002356,2026-06-02T07:17:00,653.03,wallet,kotak,insufficient_funds,1,20,0,0.635,60,0,1
txn_002357,2026-06-01T17:12:00,963.36,wallet,sbi,insufficient_funds,2,12,1,0.461,60,0,1
txn_002358,2026-06-15T07:50:00,3829.08,netbanking,sbi,issuer_declined,2,20,0,0.659,30,0,0
txn_002359,2026-06-04T01:56:00,1074.82,wallet,kotak,issuer_declined,3,4,1,0.622,180,0,0
txn_002360,2026-07-03T18:23:00,3156.47,netbanking,kotak,insufficient_funds,1,14,1,0.826,5,0,1
txn_002361,2026-07-27T18:26:00,357.05,card,yesbank,gateway_error,1,23,1,0.752,60,0,0
txn_002362,2026-06-24T11:55:00,59.68,card,axis,bank_server_down,2,22,1,1.0,60,0,1
txn_002363,2026-07-15T04:32:00,1428.64,card,icici,risk_block,1,22,0,0.955,60,1,0
txn_002364,2026-06-11T10:41:00,1695.6,netbanking,axis,card_expired,1,15,0,0.657,720,0,0
txn_002365,2026-06-04T21:08:00,146.47,card,axis,network_timeout,3,18,0,0.485,180,0,1
txn_002366,2026-07-01T06:20:00,1502.22,wallet,sbi,issuer_declined,1,13,0,0.767,30,0,0
txn_002367,2026-06-14T13:42:00,339.4,wallet,other,bank_server_down,3,9,0,0.926,30,0,1
txn_002368,2026-06-03T07:08:00,236.38,netbanking,sbi,bank_server_down,2,10,1,1.0,720,0,1
txn_002369,2026-07-14T00:52:00,445.35,card,kotak,bank_server_down,1,23,0,0.696,15,0,1
txn_002370,2026-06-06T01:29:00,759.38,wallet,hdfc,network_timeout,2,15,0,0.822,180,0,1
txn_002371,2026-07-14T18:14:00,866.39,netbanking,axis,invalid_otp,2,3,0,0.789,180,0,0
txn_002372,2026-07-24T18:47:00,1399.37,upi,kotak,risk_block,1,0,0,0.748,15,1,0
txn_002373,2026-06-12T03:33:00,396.76,wallet,kotak,issuer_declined,1,8,0,0.492,30,0,1
txn_002374,2026-06-09T09:29:00,336.85,netbanking,axis,invalid_otp,3,8,0,0.829,60,0,1
txn_002375,2026-07-21T04:52:00,1464.95,upi,axis,insufficient_funds,1,9,0,0.513,180,0,1
txn_002376,2026-07-24T18:32:00,2246.54,upi,icici,issuer_declined,2,12,1,1.0,1,0,0
txn_002377,2026-06-15T13:54:00,16.73,netbanking,axis,insufficient_funds,1,7,0,0.624,5,0,1
txn_002378,2026-07-13T04:08:00,494.01,card,yesbank,insufficient_funds,2,9,0,0.896,720,0,1
txn_002379,2026-07-11T21:28:00,283.8,wallet,other,bank_server_down,1,7,0,1.0,30,0,1
txn_002380,2026-06-20T08:16:00,2941.42,card,sbi,network_timeout,3,4,1,0.787,5,0,1
txn_002381,2026-06-28T05:58:00,559.48,wallet,sbi,risk_block,1,14,1,0.788,5,1,0
txn_002382,2026-06-22T01:57:00,983.06,netbanking,idfc,issuer_declined,1,1,0,0.77,15,0,0
txn_002383,2026-07-18T09:49:00,986.07,card,kotak,insufficient_funds,2,10,0,0.015,1,0,0
txn_002384,2026-06-21T12:39:00,505.57,wallet,yesbank,invalid_otp,1,17,0,0.675,180,0,0
txn_002385,2026-07-04T21:14:00,175.04,netbanking,icici,issuer_declined,3,10,0,0.692,720,0,0
txn_002386,2026-07-06T20:26:00,228.35,netbanking,sbi,card_expired,3,18,0,0.821,5,0,0
txn_002387,2026-06-19T23:44:00,639.69,wallet,sbi,bank_server_down,1,16,0,0.548,60,0,1
txn_002388,2026-06-12T20:35:00,193.98,netbanking,icici,issuer_declined,1,17,1,0.558,30,0,0
txn_002389,2026-06-01T00:29:00,1401.47,upi,other,insufficient_funds,1,0,1,0.735,15,0,0
txn_002390,2026-07-18T17:57:00,533.8,card,axis,bank_server_down,1,19,1,0.992,1,0,1
txn_002391,2026-07-02T04:28:00,277.61,upi,idfc,gateway_error,2,19,1,1.0,60,0,0
txn_002392,2026-06-04T07:53:00,1386.77,wallet,axis,gateway_error,3,12,0,0.503,30,0,1
txn_002393,2026-06-15T09:39:00,328.33,wallet,icici,invalid_otp,1,9,1,0.485,60,0,1
txn_002394,2026-07-01T13:13:00,1023.12,netbanking,other,risk_block,1,21,0,0.746,1,1,0
txn_002395,2026-07-07T23:34:00,1010.21,upi,other,bank_server_down,2,5,0,1.0,30,0,1
txn_002396,2026-07-24T19:24:00,314.24,wallet,icici,card_expired,1,6,0,0.947,720,0,0
txn_002397,2026-07-30T21:06:00,3223.79,card,axis,bank_server_down,1,8,0,0.635,30,0,1
txn_002398,2026-06-08T03:03:00,1672.19,netbanking,idfc,network_timeout,1,20,0,0.705,15,0,0
txn_002399,2026-07-29T22:23:00,4664.19,card,kotak,bank_server_down,1,22,0,0.743,30,0,1
txn_002400,2026-06-03T23:04:00,423.24,netbanking,idfc,insufficient_funds,2,19,1,0.749,15,0,1
txn_002401,2026-06-23T13:03:00,401.11,wallet,hdfc,issuer_declined,1,6,0,0.614,180,0,0
txn_002402,2026-06-26T00:23:00,4405.34,wallet,kotak,network_timeout,2,22,0,0.859,5,0,1
txn_002403,2026-07-18T00:22:00,40.11,upi,idfc,insufficient_funds,1,22,1,1.0,5,0,1
txn_002404,2026-06-04T09:34:00,2992.35,wallet,idfc,bank_server_down,2,20,0,1.0,30,0,1
txn_002405,2026-07-23T09:20:00,47.07,card,other,bank_server_down,1,19,0,0.431,180,0,0
txn_002406,2026-07-18T03:02:00,1021.87,upi,hdfc,bank_server_down,1,15,0,0.845,30,0,1
txn_002407,2026-06-30T06:10:00,840.44,wallet,other,bank_server_down,1,16,1,0.827,15,0,1
txn_002408,2026-07-29T09:00:00,1390.0,netbanking,kotak,network_timeout,1,18,1,1.0,180,0,1
txn_002409,2026-07-28T22:28:00,218.46,wallet,hdfc,invalid_otp,1,23,0,0.551,1,0,1
txn_002410,2026-06-24T01:53:00,851.77,upi,sbi,risk_block,1,23,0,0.739,5,1,0
txn_002411,2026-07-15T12:50:00,1858.54,netbanking,icici,bank_server_down,1,13,0,0.564,720,0,0
txn_002412,2026-07-19T22:56:00,1849.55,upi,idfc,card_expired,1,0,0,0.201,60,0,0
txn_002413,2026-06-30T21:45:00,720.38,netbanking,other,invalid_otp,1,6,0,0.38,30,0,1
txn_002414,2026-07-17T01:28:00,4342.95,upi,kotak,invalid_otp,1,15,1,0.82,30,0,1
txn_002415,2026-07-21T03:17:00,391.11,wallet,kotak,bank_server_down,1,10,0,0.703,15,0,0
txn_002416,2026-07-03T21:56:00,972.11,netbanking,axis,card_expired,2,0,0,0.877,720,0,1
txn_002417,2026-07-03T14:32:00,1099.57,upi,sbi,insufficient_funds,1,19,0,0.988,5,0,0
txn_002418,2026-07-13T03:14:00,281.42,wallet,yesbank,risk_block,2,20,0,0.664,1,1,0
txn_002419,2026-07-19T09:30:00,968.44,card,hdfc,insufficient_funds,3,2,0,0.886,5,0,1
txn_002420,2026-06-27T04:53:00,2004.06,upi,idfc,insufficient_funds,1,3,0,0.761,15,0,1
txn_002421,2026-06-30T23:49:00,362.1,card,yesbank,issuer_declined,1,19,0,0.899,5,0,0
txn_002422,2026-07-10T17:44:00,703.02,netbanking,axis,invalid_otp,1,2,0,0.802,60,0,0
txn_002423,2026-07-01T15:11:00,67.41,card,yesbank,gateway_error,2,11,0,0.773,180,0,0
txn_002424,2026-07-16T16:12:00,117.84,upi,axis,gateway_error,2,18,0,0.807,15,0,1
txn_002425,2026-07-30T13:34:00,278.19,upi,yesbank,network_timeout,2,18,0,0.904,60,0,1
txn_002426,2026-07-17T06:24:00,63.08,wallet,kotak,bank_server_down,2,11,0,0.864,15,0,0
txn_002427,2026-07-23T06:50:00,1163.79,upi,sbi,card_expired,2,10,0,0.496,30,0,0
txn_002428,2026-07-15T21:58:00,252.91,netbanking,kotak,risk_block,2,9,0,0.723,60,1,1
txn_002429,2026-06-10T14:31:00,4238.48,netbanking,yesbank,insufficient_funds,1,9,0,0.641,15,0,0
txn_002430,2026-06-03T17:15:00,1106.46,card,axis,network_timeout,1,13,0,0.828,5,0,1
txn_002431,2026-07-14T22:25:00,509.13,wallet,idfc,gateway_error,1,0,0,0.915,5,0,1
txn_002432,2026-06-27T09:03:00,355.26,card,icici,network_timeout,1,20,0,0.681,60,0,1
txn_002433,2026-07-08T17:44:00,2984.28,netbanking,yesbank,bank_server_down,2,17,0,0.822,180,0,1
txn_002434,2026-07-14T02:42:00,1337.74,upi,yesbank,network_timeout,1,23,0,0.444,15,0,1
txn_002435,2026-06-05T04:58:00,1071.67,netbanking,other,insufficient_funds,1,2,0,0.597,60,0,0
txn_002436,2026-06-03T05:23:00,1150.06,card,icici,issuer_declined,3,16,0,0.484,15,0,0
txn_002437,2026-06-26T22:40:00,240.22,upi,yesbank,gateway_error,1,6,0,0.628,1,0,1
txn_002438,2026-07-18T05:14:00,517.42,card,axis,insufficient_funds,1,1,1,0.649,60,0,0
txn_002439,2026-06-25T20:18:00,716.44,upi,axis,insufficient_funds,2,14,0,0.533,30,0,1
txn_002440,2026-06-14T13:16:00,748.13,card,hdfc,risk_block,1,22,1,0.711,15,1,0
txn_002441,2026-07-30T06:34:00,568.03,wallet,kotak,issuer_declined,2,21,0,0.547,5,0,0
txn_002442,2026-06-24T09:57:00,319.79,upi,other,bank_server_down,1,8,0,0.554,1,0,1
txn_002443,2026-06-14T21:21:00,54.89,card,yesbank,network_timeout,1,10,0,0.645,15,0,1
txn_002444,2026-06-14T06:42:00,463.41,upi,idfc,invalid_otp,2,16,1,0.589,720,0,1
txn_002445,2026-06-05T20:17:00,432.32,card,kotak,bank_server_down,1,5,0,0.78,60,0,1
txn_002446,2026-06-25T03:59:00,702.42,upi,axis,gateway_error,3,9,0,0.948,5,0,1
txn_002447,2026-07-16T17:32:00,153.43,netbanking,idfc,issuer_declined,2,21,0,1.0,720,0,0
txn_002448,2026-07-25T18:20:00,2000.54,upi,hdfc,network_timeout,1,23,1,0.717,15,0,1
txn_002449,2026-06-08T23:45:00,530.95,wallet,axis,bank_server_down,2,13,0,0.758,1,0,1
txn_002450,2026-07-02T15:20:00,126.85,wallet,other,gateway_error,1,11,1,0.947,60,0,0
txn_002451,2026-06-18T01:40:00,419.23,upi,yesbank,invalid_otp,2,7,1,0.659,1,0,1
txn_002452,2026-06-19T20:39:00,2387.38,card,other,gateway_error,1,6,1,0.453,720,0,1
txn_002453,2026-06-14T18:05:00,66.07,upi,hdfc,insufficient_funds,2,23,0,1.0,1,0,1
txn_002454,2026-06-02T21:43:00,38.71,upi,kotak,insufficient_funds,3,20,0,0.421,15,0,0
txn_002455,2026-06-01T13:37:00,977.41,card,other,bank_server_down,1,3,0,0.915,5,0,1
txn_002456,2026-06-19T07:27:00,92.44,wallet,yesbank,invalid_otp,3,4,0,0.916,30,0,1
txn_002457,2026-06-04T22:26:00,194.7,upi,kotak,issuer_declined,2,14,1,0.81,15,0,1
txn_002458,2026-06-14T15:13:00,175.68,card,idfc,insufficient_funds,1,11,0,0.732,15,0,1
txn_002459,2026-07-03T10:13:00,1156.85,card,hdfc,network_timeout,1,15,0,0.704,1,0,0
txn_002460,2026-06-18T01:52:00,128.09,wallet,other,gateway_error,2,12,0,0.757,5,0,1
txn_002461,2026-07-11T06:21:00,365.97,card,axis,card_expired,3,18,0,0.863,30,0,0
txn_002462,2026-07-01T10:21:00,6749.3,card,sbi,invalid_otp,1,7,1,0.595,180,0,1
txn_002463,2026-07-16T21:55:00,782.01,netbanking,icici,invalid_otp,2,1,0,0.678,180,0,1
txn_002464,2026-06-01T14:13:00,223.45,netbanking,icici,insufficient_funds,1,9,0,0.728,5,0,0
txn_002465,2026-06-22T05:37:00,96.4,netbanking,kotak,bank_server_down,2,1,1,0.802,720,0,0
txn_002466,2026-07-27T15:39:00,906.1,wallet,hdfc,network_timeout,3,14,1,0.711,720,0,1
txn_002467,2026-06-10T20:53:00,5599.12,card,axis,insufficient_funds,1,18,0,0.477,15,0,0
txn_002468,2026-07-04T01:10:00,634.92,wallet,yesbank,network_timeout,1,22,0,0.726,1,0,0
txn_002469,2026-07-16T11:19:00,1038.09,upi,idfc,risk_block,1,7,0,0.168,30,1,0
txn_002470,2026-07-01T09:44:00,176.43,netbanking,kotak,insufficient_funds,1,22,0,0.907,5,0,0
txn_002471,2026-07-29T23:38:00,110.28,netbanking,other,card_expired,1,12,0,0.711,1,0,0
txn_002472,2026-06-06T21:40:00,531.43,card,sbi,bank_server_down,2,5,0,1.0,180,0,1
txn_002473,2026-07-21T14:02:00,18146.16,wallet,hdfc,insufficient_funds,1,7,0,0.562,720,0,0
txn_002474,2026-07-13T00:53:00,72.36,wallet,hdfc,insufficient_funds,1,21,1,1.0,180,0,0
txn_002475,2026-07-01T13:40:00,1196.7,wallet,other,network_timeout,1,21,0,0.641,1,0,1
txn_002476,2026-06-11T04:49:00,20.65,wallet,kotak,network_timeout,1,14,1,0.555,720,0,1
txn_002477,2026-07-26T12:09:00,262.2,card,sbi,gateway_error,3,23,0,0.534,180,0,0
txn_002478,2026-07-20T06:34:00,659.54,upi,hdfc,insufficient_funds,2,14,0,0.684,30,0,1
txn_002479,2026-07-26T21:46:00,640.82,card,icici,insufficient_funds,3,16,0,0.447,15,0,0
txn_002480,2026-06-08T07:19:00,330.18,netbanking,kotak,gateway_error,1,12,0,0.721,5,0,0
txn_002481,2026-07-24T06:32:00,2412.58,upi,idfc,invalid_otp,1,18,1,0.458,60,0,1
txn_002482,2026-07-14T10:59:00,914.01,card,yesbank,card_expired,1,17,0,0.634,5,0,0
txn_002483,2026-07-16T21:23:00,1462.07,card,yesbank,network_timeout,1,22,1,0.564,30,0,1
txn_002484,2026-06-13T12:15:00,189.62,card,sbi,insufficient_funds,2,18,1,0.824,5,0,0
txn_002485,2026-07-10T23:50:00,1162.57,upi,other,card_expired,1,10,0,0.73,180,0,0
txn_002486,2026-06-12T10:14:00,352.28,upi,yesbank,network_timeout,1,21,0,0.766,15,0,1
txn_002487,2026-07-24T11:39:00,929.51,card,kotak,invalid_otp,2,7,0,0.883,15,0,1
txn_002488,2026-07-09T00:29:00,207.37,wallet,sbi,insufficient_funds,1,1,0,0.39,30,0,0
txn_002489,2026-06-30T12:54:00,354.09,netbanking,axis,insufficient_funds,2,17,0,0.701,60,0,0
txn_002490,2026-07-15T07:23:00,2272.94,netbanking,axis,insufficient_funds,1,8,1,0.737,15,0,1
txn_002491,2026-07-20T16:05:00,947.87,wallet,kotak,issuer_declined,3,18,1,1.0,720,0,1
txn_002492,2026-07-16T18:22:00,351.11,wallet,icici,risk_block,1,20,0,0.893,60,1,0
txn_002493,2026-06-18T01:19:00,583.49,upi,icici,risk_block,3,20,1,0.393,180,1,0
txn_002494,2026-06-26T21:28:00,264.15,netbanking,yesbank,bank_server_down,1,22,1,0.689,180,0,1
txn_002495,2026-06-24T14:12:00,337.09,upi,other,insufficient_funds,3,8,0,1.0,15,0,0
txn_002496,2026-07-03T12:54:00,308.87,upi,hdfc,network_timeout,1,7,0,0.785,60,0,0
txn_002497,2026-07-01T18:16:00,261.28,card,yesbank,insufficient_funds,1,23,1,0.823,180,0,1
txn_002498,2026-06-20T20:57:00,2110.69,wallet,hdfc,network_timeout,1,8,0,0.671,15,0,1
txn_002499,2026-06-30T01:56:00,172.67,wallet,idfc,invalid_otp,3,4,0,0.351,15,0,0
txn_002500,2026-06-16T11:46:00,2109.83,wallet,icici,card_expired,1,17,1,0.564,15,0,0
txn_002501,2026-06-20T16:43:00,932.54,upi,icici,insufficient_funds,1,18,0,0.793,1,0,0
txn_002502,2026-06-03T18:41:00,4054.67,netbanking,idfc,issuer_declined,2,18,1,0.622,1,0,0
txn_002503,2026-07-06T14:09:00,118.61,netbanking,hdfc,insufficient_funds,2,16,0,0.206,60,0,0
txn_002504,2026-07-26T05:17:00,1014.91,netbanking,icici,network_timeout,1,5,0,0.723,180,0,1
txn_002505,2026-07-03T16:54:00,315.39,wallet,kotak,gateway_error,1,20,1,0.808,5,0,1
txn_002506,2026-07-06T21:52:00,279.17,card,axis,network_timeout,2,22,0,0.913,180,0,1
txn_002507,2026-06-15T11:10:00,3642.25,wallet,other,insufficient_funds,1,5,1,0.727,720,0,0
txn_002508,2026-07-19T17:17:00,632.45,wallet,other,bank_server_down,2,4,0,0.556,180,0,1
txn_002509,2026-07-30T04:34:00,2016.15,wallet,idfc,network_timeout,2,17,0,0.321,1,0,1
txn_002510,2026-07-15T21:04:00,16228.01,netbanking,hdfc,bank_server_down,1,11,0,0.553,60,0,1
txn_002511,2026-06-19T21:00:00,258.44,card,kotak,gateway_error,2,13,0,0.383,60,0,1
txn_002512,2026-07-17T12:55:00,1114.61,wallet,idfc,invalid_otp,1,17,0,0.632,60,0,1
txn_002513,2026-07-30T05:30:00,1749.69,wallet,axis,card_expired,1,20,0,0.965,1,0,0
txn_002514,2026-07-23T15:57:00,1300.6,netbanking,other,risk_block,1,16,0,0.754,180,1,0
txn_002515,2026-07-14T15:27:00,404.45,upi,axis,invalid_otp,1,14,0,0.948,180,0,1
txn_002516,2026-06-07T10:25:00,1431.37,netbanking,kotak,network_timeout,1,12,1,0.571,30,0,1
txn_002517,2026-07-04T17:59:00,2234.22,upi,yesbank,bank_server_down,1,19,0,0.685,180,0,1
txn_002518,2026-06-10T01:21:00,469.09,netbanking,icici,invalid_otp,1,9,1,0.619,180,0,0
txn_002519,2026-06-01T21:26:00,443.84,wallet,other,insufficient_funds,2,7,0,0.537,15,0,0
txn_002520,2026-07-15T07:34:00,264.92,netbanking,hdfc,gateway_error,3,15,0,0.819,30,0,0
txn_002521,2026-06-21T22:34:00,146.57,wallet,hdfc,risk_block,2,14,1,0.445,180,1,0
txn_002522,2026-07-16T07:59:00,448.46,netbanking,other,bank_server_down,1,3,1,0.718,30,0,1
txn_002523,2026-06-22T21:53:00,92.16,card,icici,risk_block,3,6,1,1.0,60,1,0
txn_002524,2026-06-02T16:52:00,2366.3,wallet,yesbank,insufficient_funds,1,8,0,0.764,1,0,1
txn_002525,2026-06-24T00:18:00,766.4,wallet,kotak,bank_server_down,3,2,0,0.882,15,0,1
txn_002526,2026-06-17T17:20:00,112.34,upi,other,insufficient_funds,2,13,1,0.506,720,0,0
txn_002527,2026-06-28T19:14:00,354.73,netbanking,other,issuer_declined,2,0,1,0.641,180,0,0
txn_002528,2026-06-22T08:04:00,87.64,upi,idfc,insufficient_funds,1,0,0,0.978,1,0,1
txn_002529,2026-07-03T12:37:00,776.7,netbanking,other,bank_server_down,3,23,0,0.903,180,0,1
txn_002530,2026-07-21T09:37:00,1187.6,wallet,sbi,network_timeout,2,2,0,0.447,60,0,1
txn_002531,2026-07-26T04:51:00,385.39,wallet,other,gateway_error,1,11,0,0.43,5,0,0
txn_002532,2026-07-02T02:11:00,2567.19,card,other,card_expired,1,1,1,0.904,60,0,0
txn_002533,2026-07-23T16:16:00,2457.9,wallet,icici,issuer_declined,1,23,1,0.434,30,0,0
txn_002534,2026-06-10T15:39:00,181.58,netbanking,hdfc,invalid_otp,1,3,0,0.645,5,0,0
txn_002535,2026-07-11T18:47:00,1979.82,netbanking,axis,issuer_declined,1,1,0,0.675,5,0,0
txn_002536,2026-07-28T18:55:00,148.23,netbanking,kotak,insufficient_funds,1,16,0,0.614,1,0,0
txn_002537,2026-06-20T22:30:00,529.86,netbanking,axis,insufficient_funds,2,5,1,0.537,180,0,1
txn_002538,2026-07-19T23:22:00,142.17,netbanking,kotak,invalid_otp,2,16,0,0.422,60,0,0
txn_002539,2026-06-10T14:47:00,107.76,card,sbi,gateway_error,2,19,0,0.814,5,0,1
txn_002540,2026-07-15T00:10:00,714.6,netbanking,other,invalid_otp,2,8,1,1.0,60,0,1
txn_002541,2026-06-08T11:29:00,385.51,wallet,kotak,insufficient_funds,3,9,0,0.864,60,0,0
txn_002542,2026-06-21T09:37:00,670.05,upi,icici,insufficient_funds,1,0,1,0.66,15,0,0
txn_002543,2026-06-24T08:02:00,331.19,upi,other,issuer_declined,2,12,0,0.468,30,0,0
txn_002544,2026-07-24T16:37:00,878.62,upi,axis,invalid_otp,1,7,0,0.447,180,0,1
txn_002545,2026-06-09T11:41:00,1433.56,netbanking,idfc,card_expired,2,14,1,1.0,180,0,1
txn_002546,2026-07-14T04:50:00,332.93,netbanking,axis,card_expired,1,12,0,0.748,15,0,0
txn_002547,2026-06-03T13:53:00,88.29,card,kotak,insufficient_funds,2,8,1,0.601,180,0,0
txn_002548,2026-06-11T08:02:00,477.78,netbanking,axis,gateway_error,1,20,0,0.882,1,0,1
txn_002549,2026-07-09T13:52:00,948.28,upi,sbi,invalid_otp,1,1,0,0.987,15,0,1
txn_002550,2026-06-10T21:23:00,1391.88,wallet,axis,issuer_declined,2,6,0,0.635,1,0,0
txn_002551,2026-06-29T19:54:00,401.27,netbanking,kotak,gateway_error,1,22,1,0.801,30,0,0
txn_002552,2026-06-29T07:16:00,813.91,card,idfc,card_expired,1,19,0,0.686,720,0,0
txn_002553,2026-07-28T05:09:00,230.56,card,axis,gateway_error,2,11,0,0.413,180,0,0
txn_002554,2026-06-20T06:43:00,659.69,card,hdfc,bank_server_down,1,15,0,0.365,180,0,0
txn_002555,2026-06-25T01:54:00,458.47,netbanking,sbi,bank_server_down,1,22,0,0.713,15,0,1
txn_002556,2026-07-20T17:29:00,399.5,card,hdfc,issuer_declined,1,1,1,0.35,5,0,0
txn_002557,2026-06-13T17:12:00,655.45,wallet,yesbank,network_timeout,2,17,0,0.63,1,0,1
txn_002558,2026-06-06T12:02:00,431.26,netbanking,hdfc,insufficient_funds,1,8,0,0.788,1,0,0
txn_002559,2026-06-10T11:31:00,8232.93,card,sbi,card_expired,1,14,1,0.634,180,0,0
txn_002560,2026-07-24T04:50:00,206.4,netbanking,axis,issuer_declined,1,1,1,0.634,180,0,0
txn_002561,2026-06-25T02:01:00,3071.25,netbanking,kotak,bank_server_down,2,18,0,0.724,720,0,1
txn_002562,2026-06-11T13:21:00,2121.94,netbanking,yesbank,card_expired,1,22,0,0.445,180,0,0
txn_002563,2026-06-14T04:54:00,599.0,card,icici,insufficient_funds,2,21,0,0.92,60,0,1
txn_002564,2026-06-25T15:11:00,134.8,netbanking,hdfc,gateway_error,2,6,0,0.856,30,0,1
txn_002565,2026-06-13T08:47:00,408.49,netbanking,hdfc,issuer_declined,1,2,1,0.218,1,0,0
txn_002566,2026-07-09T05:30:00,225.91,card,sbi,issuer_declined,2,18,0,1.0,5,0,0
txn_002567,2026-06-13T02:57:00,329.71,netbanking,sbi,network_timeout,3,22,1,0.757,30,0,1
txn_002568,2026-06-16T00:44:00,2225.05,card,idfc,issuer_declined,1,2,0,0.825,1,0,0
txn_002569,2026-07-03T21:02:00,114.24,card,kotak,insufficient_funds,3,21,0,0.884,720,0,0
txn_002570,2026-06-05T17:01:00,169.54,wallet,axis,gateway_error,1,17,1,0.772,60,0,0
txn_002571,2026-06-29T08:08:00,439.56,card,axis,network_timeout,1,7,1,0.591,15,0,0
txn_002572,2026-06-02T16:29:00,1257.7,upi,sbi,card_expired,2,11,0,0.64,30,0,0
txn_002573,2026-06-23T07:53:00,1165.21,upi,other,insufficient_funds,1,5,0,0.432,15,0,0
txn_002574,2026-07-13T06:50:00,1202.15,netbanking,idfc,invalid_otp,1,6,1,0.467,60,0,0
txn_002575,2026-07-10T11:58:00,190.86,upi,other,gateway_error,1,0,1,0.826,60,0,1
txn_002576,2026-07-09T12:29:00,621.97,netbanking,icici,risk_block,3,23,1,0.777,60,1,0
txn_002577,2026-06-28T00:05:00,234.22,netbanking,other,network_timeout,1,10,0,0.543,15,0,1
txn_002578,2026-06-12T08:43:00,2305.38,wallet,sbi,invalid_otp,1,19,0,0.498,15,0,1
txn_002579,2026-07-15T07:51:00,208.92,card,hdfc,bank_server_down,1,21,0,0.869,30,0,1
txn_002580,2026-07-05T09:00:00,5159.84,netbanking,axis,risk_block,3,6,0,0.995,180,1,0
txn_002581,2026-07-03T18:13:00,923.78,upi,other,network_timeout,1,21,0,0.342,180,0,0
txn_002582,2026-06-22T11:52:00,182.76,wallet,kotak,card_expired,1,13,0,0.279,60,0,0
txn_002583,2026-07-03T10:30:00,241.26,wallet,yesbank,invalid_otp,1,2,0,0.809,30,0,0
txn_002584,2026-07-17T07:50:00,591.29,card,kotak,invalid_otp,1,14,1,0.627,15,0,1
txn_002585,2026-06-21T01:51:00,1284.04,netbanking,idfc,issuer_declined,3,13,0,0.761,720,0,0
txn_002586,2026-06-03T10:41:00,1201.18,card,other,invalid_otp,1,11,0,0.751,720,0,1
txn_002587,2026-07-06T08:23:00,5958.39,netbanking,other,card_expired,1,11,0,0.751,5,0,0
txn_002588,2026-06-25T10:54:00,1926.16,upi,hdfc,network_timeout,1,15,0,0.685,5,0,1
txn_002589,2026-07-11T09:30:00,456.64,card,idfc,insufficient_funds,1,18,0,0.865,180,0,0
txn_002590,2026-06-23T12:43:00,6275.76,wallet,hdfc,risk_block,1,13,1,0.805,15,1,0
txn_002591,2026-07-21T22:56:00,4957.66,upi,hdfc,risk_block,2,2,0,1.0,15,1,0
txn_002592,2026-06-01T13:34:00,681.09,wallet,axis,network_timeout,1,13,1,0.577,30,0,1
txn_002593,2026-07-15T12:18:00,2033.58,netbanking,yesbank,issuer_declined,1,3,0,0.492,1,0,0
txn_002594,2026-06-08T11:28:00,119.61,card,icici,card_expired,1,19,0,0.446,180,0,0
txn_002595,2026-06-03T04:00:00,1723.14,card,axis,invalid_otp,1,18,0,0.962,1,0,1
txn_002596,2026-07-12T06:25:00,1467.36,upi,axis,insufficient_funds,2,22,1,0.867,720,0,1
txn_002597,2026-07-09T00:27:00,149.05,wallet,icici,gateway_error,3,8,1,0.605,1,0,1
txn_002598,2026-07-11T23:18:00,2290.59,card,icici,card_expired,1,23,0,0.355,720,0,0
txn_002599,2026-07-16T12:33:00,5593.31,wallet,yesbank,issuer_declined,1,12,0,0.781,15,0,1
txn_002600,2026-07-16T01:34:00,842.02,netbanking,sbi,invalid_otp,1,10,0,0.612,60,0,1
txn_002601,2026-07-08T16:44:00,610.27,wallet,sbi,card_expired,1,8,1,0.995,15,0,0
txn_002602,2026-07-08T18:19:00,1335.52,card,other,risk_block,2,16,0,0.911,30,1,1
txn_002603,2026-06-22T18:14:00,821.03,wallet,axis,risk_block,1,2,1,0.982,60,1,0
txn_002604,2026-06-13T03:28:00,1710.01,upi,icici,bank_server_down,1,0,0,0.54,30,0,1
txn_002605,2026-07-18T15:07:00,770.05,netbanking,sbi,invalid_otp,1,2,1,0.573,30,0,0
txn_002606,2026-07-10T07:46:00,213.34,upi,other,insufficient_funds,2,22,0,0.471,30,0,0
txn_002607,2026-07-19T14:17:00,2369.08,card,axis,gateway_error,2,18,0,0.433,1,0,1
txn_002608,2026-06-28T21:36:00,1414.87,netbanking,idfc,gateway_error,3,3,0,0.577,30,0,0
txn_002609,2026-07-24T16:33:00,885.27,wallet,sbi,invalid_otp,1,21,0,0.359,720,0,1
txn_002610,2026-06-08T00:22:00,1414.47,wallet,other,network_timeout,2,1,1,1.0,720,0,1
txn_002611,2026-07-03T00:36:00,604.18,upi,yesbank,invalid_otp,2,4,1,0.668,1,0,0
txn_002612,2026-07-25T18:16:00,1369.66,wallet,sbi,issuer_declined,1,5,1,0.614,180,0,0
txn_002613,2026-06-05T21:12:00,704.93,netbanking,hdfc,insufficient_funds,1,23,1,0.735,15,0,1
txn_002614,2026-07-19T04:05:00,5282.73,netbanking,yesbank,invalid_otp,1,16,0,0.703,5,0,0
txn_002615,2026-07-29T05:20:00,641.42,netbanking,hdfc,bank_server_down,2,23,0,0.723,1,0,1
txn_002616,2026-07-21T17:21:00,262.14,wallet,hdfc,gateway_error,1,9,0,0.995,30,0,1
txn_002617,2026-07-11T09:31:00,2511.59,netbanking,axis,insufficient_funds,1,20,1,0.601,1,0,0
txn_002618,2026-06-23T11:43:00,309.39,card,yesbank,bank_server_down,3,3,0,0.805,30,0,1
txn_002619,2026-06-21T06:14:00,83.8,card,kotak,invalid_otp,1,4,0,0.803,15,0,0
txn_002620,2026-07-14T01:37:00,122.16,upi,idfc,invalid_otp,2,23,0,0.898,15,0,0
txn_002621,2026-06-23T01:34:00,1086.29,upi,sbi,insufficient_funds,3,1,1,0.684,30,0,0
txn_002622,2026-06-17T03:15:00,270.89,netbanking,yesbank,card_expired,1,9,0,0.706,180,0,0
txn_002623,2026-06-23T20:16:00,807.47,wallet,yesbank,insufficient_funds,1,22,1,0.399,30,0,1
txn_002624,2026-06-16T00:46:00,831.21,card,idfc,insufficient_funds,3,5,0,0.645,30,0,0
txn_002625,2026-06-30T02:11:00,1141.48,wallet,idfc,gateway_error,1,5,0,0.419,30,0,0
txn_002626,2026-06-20T06:28:00,850.0,upi,hdfc,invalid_otp,1,17,0,0.985,1,0,1
txn_002627,2026-06-11T23:26:00,809.01,card,yesbank,invalid_otp,3,20,0,0.842,15,0,0
txn_002628,2026-07-30T00:41:00,976.14,netbanking,other,network_timeout,2,8,0,0.779,720,0,1
txn_002629,2026-07-17T20:19:00,191.62,wallet,kotak,issuer_declined,1,23,1,0.668,720,0,1
txn_002630,2026-07-29T07:20:00,822.14,wallet,idfc,bank_server_down,1,22,0,0.564,30,0,1
txn_002631,2026-07-22T07:58:00,575.92,card,axis,gateway_error,1,5,0,0.699,5,0,1
txn_002632,2026-06-21T22:07:00,233.5,card,yesbank,insufficient_funds,1,11,0,0.504,30,0,0
txn_002633,2026-07-15T07:11:00,365.46,wallet,hdfc,network_timeout,1,13,0,0.554,60,0,1
txn_002634,2026-06-08T21:56:00,227.03,card,icici,insufficient_funds,2,9,0,0.625,180,0,0
txn_002635,2026-06-05T22:54:00,3620.54,netbanking,idfc,issuer_declined,1,0,0,0.558,15,0,0
txn_002636,2026-06-29T06:44:00,1594.29,wallet,axis,gateway_error,2,15,0,1.0,30,0,1
txn_002637,2026-06-20T03:32:00,475.83,wallet,idfc,bank_server_down,3,17,1,0.848,60,0,1
txn_002638,2026-06-14T07:41:00,306.11,card,yesbank,card_expired,1,10,0,0.4,30,0,0
txn_002639,2026-07-26T03:15:00,391.47,card,yesbank,insufficient_funds,3,15,1,0.637,60,0,0
txn_002640,2026-06-10T14:09:00,1198.57,wallet,hdfc,issuer_declined,2,5,1,0.736,30,0,0
txn_002641,2026-07-06T03:28:00,1383.55,upi,kotak,insufficient_funds,3,2,0,0.858,60,0,0
txn_002642,2026-07-27T16:18:00,374.46,wallet,sbi,issuer_declined,2,8,0,0.568,180,0,0
txn_002643,2026-06-10T05:43:00,560.42,wallet,yesbank,bank_server_down,1,21,0,0.489,180,0,1
txn_002644,2026-07-15T23:04:00,309.41,upi,icici,card_expired,1,8,0,0.817,720,0,0
txn_002645,2026-07-04T02:45:00,155.99,card,hdfc,gateway_error,1,3,0,0.996,5,0,1
txn_002646,2026-06-08T05:46:00,40.71,upi,axis,insufficient_funds,1,20,0,1.0,60,0,1
txn_002647,2026-06-23T06:57:00,228.13,upi,sbi,insufficient_funds,1,13,0,0.932,60,0,1
txn_002648,2026-06-08T04:58:00,1018.09,wallet,other,insufficient_funds,1,18,0,0.624,180,0,0
txn_002649,2026-07-14T18:40:00,1384.52,wallet,yesbank,gateway_error,1,9,0,0.714,720,0,1
txn_002650,2026-07-12T03:50:00,298.53,upi,yesbank,insufficient_funds,1,13,0,0.789,180,0,0
txn_002651,2026-06-01T21:07:00,718.11,wallet,sbi,insufficient_funds,1,1,0,0.511,180,0,0
txn_002652,2026-07-25T15:22:00,1158.72,card,kotak,risk_block,1,3,1,0.944,1,1,1
txn_002653,2026-06-14T10:20:00,411.84,card,sbi,risk_block,2,7,1,0.534,30,1,0
txn_002654,2026-06-03T10:02:00,505.64,upi,sbi,invalid_otp,1,23,0,0.835,30,0,1
txn_002655,2026-07-25T09:55:00,593.04,upi,idfc,insufficient_funds,1,13,0,0.839,180,0,1
txn_002656,2026-07-23T04:33:00,351.03,netbanking,icici,insufficient_funds,1,8,0,0.724,5,0,1
txn_002657,2026-06-03T12:00:00,189.52,wallet,yesbank,bank_server_down,1,11,0,0.376,1,0,0
txn_002658,2026-06-23T19:13:00,738.49,netbanking,hdfc,network_timeout,1,5,0,0.648,720,0,1
txn_002659,2026-07-01T22:10:00,1809.69,wallet,hdfc,network_timeout,1,23,1,0.568,15,0,0
txn_002660,2026-06-13T12:28:00,29.35,card,yesbank,gateway_error,1,2,0,0.863,30,0,1
txn_002661,2026-06-03T12:29:00,2821.24,upi,icici,card_expired,1,7,1,0.819,720,0,1
txn_002662,2026-07-13T16:41:00,713.05,card,idfc,network_timeout,1,19,0,0.745,15,0,1
txn_002663,2026-07-10T15:38:00,5054.48,netbanking,other,invalid_otp,1,14,1,0.262,720,0,1
txn_002664,2026-06-08T07:18:00,872.2,wallet,axis,gateway_error,1,8,0,0.696,180,0,1
txn_002665,2026-07-01T19:05:00,1654.28,upi,hdfc,gateway_error,2,13,0,0.518,1,0,1
txn_002666,2026-07-21T12:40:00,534.01,wallet,hdfc,insufficient_funds,1,15,0,0.752,5,0,0
txn_002667,2026-07-03T03:49:00,316.77,netbanking,axis,insufficient_funds,2,5,0,0.663,5,0,1
txn_002668,2026-06-18T07:26:00,736.93,card,kotak,invalid_otp,1,7,0,0.821,5,0,1
txn_002669,2026-07-09T13:33:00,4827.19,netbanking,other,insufficient_funds,1,5,0,0.937,60,0,0
txn_002670,2026-07-02T13:36:00,378.0,netbanking,idfc,insufficient_funds,1,4,0,0.556,720,0,0
txn_002671,2026-06-21T13:09:00,832.13,card,icici,insufficient_funds,1,21,0,0.943,15,0,0
txn_002672,2026-07-02T06:06:00,550.13,netbanking,hdfc,issuer_declined,2,1,1,0.85,180,0,1
txn_002673,2026-06-25T05:50:00,262.09,wallet,axis,insufficient_funds,1,16,0,0.759,1,0,1
txn_002674,2026-06-08T09:03:00,215.32,upi,kotak,bank_server_down,3,18,1,0.578,5,0,0
txn_002675,2026-07-29T09:46:00,418.4,netbanking,sbi,invalid_otp,2,11,1,1.0,15,0,1
txn_002676,2026-07-27T14:16:00,253.01,netbanking,idfc,invalid_otp,1,16,0,0.594,5,0,0
txn_002677,2026-07-30T05:56:00,2124.56,wallet,yesbank,invalid_otp,2,3,0,0.882,1,0,1
txn_002678,2026-06-30T12:24:00,609.68,card,kotak,insufficient_funds,1,21,0,1.0,60,0,1
txn_002679,2026-07-05T22:42:00,1059.85,upi,hdfc,issuer_declined,1,8,0,1.0,60,0,0
txn_002680,2026-07-05T08:55:00,16946.0,netbanking,axis,gateway_error,1,20,0,0.697,1,0,0
txn_002681,2026-07-06T02:42:00,3634.61,wallet,axis,issuer_declined,2,4,0,0.489,180,0,0
txn_002682,2026-06-18T09:16:00,1634.15,wallet,icici,bank_server_down,1,2,0,0.814,1,0,1
txn_002683,2026-06-08T06:38:00,983.07,upi,hdfc,insufficient_funds,2,16,0,0.813,60,0,1
txn_002684,2026-06-24T18:44:00,132.12,netbanking,sbi,bank_server_down,1,19,0,0.495,30,0,1
txn_002685,2026-07-19T12:55:00,380.03,upi,icici,insufficient_funds,1,8,1,0.631,30,0,1
txn_002686,2026-06-30T11:03:00,795.62,upi,yesbank,gateway_error,1,22,0,0.393,15,0,1
txn_002687,2026-07-25T16:30:00,1765.17,wallet,axis,invalid_otp,1,5,0,0.63,30,0,0
txn_002688,2026-07-19T17:47:00,596.94,card,idfc,invalid_otp,1,9,0,0.625,15,0,0
txn_002689,2026-07-03T08:44:00,1447.41,upi,kotak,insufficient_funds,1,1,0,0.838,720,0,1
txn_002690,2026-07-15T06:03:00,576.7,wallet,idfc,issuer_declined,1,19,0,0.526,30,0,1
txn_002691,2026-06-12T21:25:00,348.61,upi,sbi,bank_server_down,1,21,1,0.471,60,0,1
txn_002692,2026-06-23T05:24:00,186.24,netbanking,kotak,risk_block,1,19,0,0.593,720,1,0
txn_002693,2026-06-23T22:31:00,137.41,wallet,yesbank,network_timeout,3,13,0,0.746,5,0,1
txn_002694,2026-07-29T06:35:00,452.08,netbanking,sbi,card_expired,2,10,0,0.82,720,0,0
txn_002695,2026-06-15T18:07:00,3346.81,wallet,yesbank,insufficient_funds,2,20,0,0.408,30,0,0
txn_002696,2026-06-06T08:33:00,4663.01,wallet,other,insufficient_funds,2,1,1,0.627,1,0,0
txn_002697,2026-07-20T10:58:00,768.65,upi,yesbank,card_expired,1,4,1,0.706,15,0,0
txn_002698,2026-06-25T16:16:00,486.27,card,other,bank_server_down,1,5,0,0.598,180,0,1
txn_002699,2026-07-25T21:46:00,122.56,netbanking,sbi,insufficient_funds,1,15,0,0.798,30,0,0
txn_002700,2026-06-23T07:40:00,969.65,card,axis,risk_block,2,3,0,0.361,720,1,0
txn_002701,2026-06-17T10:49:00,674.43,card,hdfc,insufficient_funds,2,9,1,0.72,720,0,1
txn_002702,2026-07-08T14:38:00,882.53,card,icici,invalid_otp,1,21,0,0.733,180,0,0
txn_002703,2026-06-06T07:04:00,372.43,wallet,other,network_timeout,1,10,0,0.651,15,0,1
txn_002704,2026-06-19T14:20:00,4437.42,upi,yesbank,insufficient_funds,2,6,0,1.0,5,0,1
txn_002705,2026-06-07T08:33:00,1630.6,netbanking,axis,card_expired,1,6,0,0.798,15,0,0
txn_002706,2026-06-30T02:40:00,156.93,netbanking,yesbank,bank_server_down,2,0,0,0.546,15,0,1
txn_002707,2026-06-23T06:31:00,316.16,upi,kotak,invalid_otp,3,13,1,0.892,15,0,0
txn_002708,2026-07-14T12:10:00,320.89,netbanking,sbi,issuer_declined,1,18,0,0.662,60,0,0
txn_002709,2026-06-15T15:17:00,966.28,netbanking,sbi,gateway_error,3,23,0,0.584,30,0,0
txn_002710,2026-07-03T14:34:00,852.6,card,kotak,network_timeout,1,19,0,0.966,15,0,0
txn_002711,2026-07-10T08:56:00,856.42,wallet,yesbank,gateway_error,1,22,0,0.823,15,0,0
txn_002712,2026-07-05T04:41:00,202.79,netbanking,sbi,bank_server_down,3,0,1,0.916,720,0,1
txn_002713,2026-07-12T02:09:00,1977.37,netbanking,yesbank,network_timeout,1,15,0,0.685,180,0,1
txn_002714,2026-06-29T04:18:00,615.54,card,idfc,gateway_error,2,10,0,0.979,1,0,0
txn_002715,2026-06-02T03:28:00,931.13,wallet,other,invalid_otp,1,22,0,0.722,5,0,1
txn_002716,2026-06-19T07:34:00,494.89,card,icici,issuer_declined,1,15,0,0.557,180,0,0
txn_002717,2026-06-07T09:26:00,1352.6,wallet,other,risk_block,2,2,0,0.352,60,1,0
txn_002718,2026-06-04T22:15:00,1178.62,wallet,icici,bank_server_down,1,13,0,0.494,60,0,1
txn_002719,2026-06-07T12:44:00,465.64,wallet,axis,card_expired,2,0,0,0.6,1,0,0
txn_002720,2026-06-14T05:27:00,324.36,netbanking,idfc,insufficient_funds,1,2,0,0.662,5,0,1
txn_002721,2026-07-26T04:57:00,1049.45,wallet,other,invalid_otp,1,12,0,0.463,720,0,1
txn_002722,2026-06-17T16:12:00,4554.19,card,icici,gateway_error,1,1,0,1.0,30,0,1
txn_002723,2026-06-11T01:36:00,561.21,netbanking,icici,insufficient_funds,1,0,0,0.668,180,0,0
txn_002724,2026-07-02T11:37:00,1124.65,card,icici,network_timeout,1,16,0,1.0,720,0,1
txn_002725,2026-07-12T09:28:00,556.99,wallet,hdfc,bank_server_down,1,6,1,0.602,180,0,1
txn_002726,2026-06-15T12:05:00,1898.78,netbanking,sbi,network_timeout,1,2,1,1.0,1,0,1
txn_002727,2026-06-30T13:42:00,1324.54,upi,axis,network_timeout,1,16,1,1.0,5,0,1
txn_002728,2026-07-24T00:54:00,940.36,card,yesbank,insufficient_funds,1,4,1,0.736,720,0,0
txn_002729,2026-06-15T21:20:00,1333.16,wallet,sbi,bank_server_down,3,6,0,0.942,1,0,0
txn_002730,2026-06-28T15:28:00,617.69,upi,other,card_expired,1,6,0,0.564,180,0,0
txn_002731,2026-07-25T17:22:00,338.27,upi,axis,network_timeout,1,10,1,0.609,180,0,1
txn_002732,2026-07-02T05:11:00,650.16,upi,axis,bank_server_down,2,20,0,0.824,180,0,1
txn_002733,2026-07-07T15:56:00,256.94,wallet,yesbank,insufficient_funds,1,18,0,0.841,5,0,1
txn_002734,2026-07-16T13:21:00,1243.06,upi,other,card_expired,1,12,0,0.821,60,0,0
txn_002735,2026-07-08T16:14:00,892.85,card,sbi,bank_server_down,1,13,1,0.652,720,0,1
txn_002736,2026-06-12T22:15:00,1699.98,card,sbi,issuer_declined,2,18,0,0.654,720,0,1
txn_002737,2026-06-22T15:17:00,6535.54,netbanking,kotak,card_expired,2,10,0,1.0,1,0,0
txn_002738,2026-07-25T02:21:00,845.96,wallet,yesbank,gateway_error,3,23,0,0.649,1,0,0
txn_002739,2026-06-18T03:16:00,688.3,wallet,other,bank_server_down,2,6,0,0.701,720,0,1
txn_002740,2026-07-08T07:08:00,819.66,upi,icici,network_timeout,1,4,0,0.53,15,0,1
txn_002741,2026-07-21T02:45:00,3512.01,wallet,hdfc,insufficient_funds,1,0,0,0.809,180,0,0
txn_002742,2026-06-27T20:57:00,859.47,upi,icici,gateway_error,1,15,0,0.739,180,0,1
txn_002743,2026-07-15T15:15:00,401.34,card,idfc,issuer_declined,1,14,0,0.659,180,0,0
txn_002744,2026-06-01T12:18:00,651.15,card,idfc,issuer_declined,1,8,0,0.656,15,0,0
txn_002745,2026-06-06T06:59:00,1181.93,netbanking,kotak,invalid_otp,1,7,0,0.401,30,0,1
txn_002746,2026-07-22T07:05:00,817.03,netbanking,axis,risk_block,1,13,1,0.482,1,1,0
txn_002747,2026-06-06T01:27:00,427.06,upi,kotak,bank_server_down,1,10,0,0.714,1,0,0
txn_002748,2026-06-26T18:20:00,219.15,upi,other,gateway_error,1,10,1,0.728,15,0,1
txn_002749,2026-07-05T09:40:00,3503.32,wallet,axis,bank_server_down,1,1,0,0.784,15,0,0
txn_002750,2026-06-08T21:09:00,481.31,card,sbi,network_timeout,1,21,0,0.753,180,0,1
txn_002751,2026-07-22T09:38:00,2230.14,upi,axis,gateway_error,1,23,1,0.634,720,0,1
txn_002752,2026-07-28T14:16:00,1177.24,upi,axis,network_timeout,1,17,0,0.524,720,0,1
txn_002753,2026-07-19T01:32:00,164.33,card,yesbank,network_timeout,1,15,0,0.652,180,0,1
txn_002754,2026-07-06T00:40:00,135.25,card,idfc,insufficient_funds,2,18,0,0.977,180,0,1
txn_002755,2026-06-10T14:20:00,2562.77,card,sbi,issuer_declined,1,11,0,0.625,5,0,0
txn_002756,2026-07-21T20:27:00,150.13,wallet,idfc,insufficient_funds,1,14,0,0.818,180,0,0
txn_002757,2026-06-02T04:15:00,2595.89,card,hdfc,card_expired,1,14,1,0.41,5,0,0
txn_002758,2026-07-05T09:45:00,518.41,upi,idfc,insufficient_funds,2,3,0,0.692,180,0,0
txn_002759,2026-06-29T19:05:00,248.37,wallet,icici,bank_server_down,1,18,0,0.71,180,0,1
txn_002760,2026-07-09T03:53:00,251.79,netbanking,sbi,bank_server_down,3,9,0,0.608,720,0,1
txn_002761,2026-06-22T03:17:00,1703.83,upi,icici,invalid_otp,1,3,0,0.969,30,0,0
txn_002762,2026-07-19T10:17:00,367.08,netbanking,icici,card_expired,3,23,0,0.678,30,0,0
txn_002763,2026-07-27T22:39:00,264.47,card,axis,insufficient_funds,2,22,1,0.509,1,0,1
txn_002764,2026-06-30T05:17:00,317.64,netbanking,idfc,bank_server_down,1,6,0,0.73,15,0,1
txn_002765,2026-07-20T12:12:00,36.73,netbanking,icici,network_timeout,2,10,0,0.984,30,0,1
txn_002766,2026-07-28T12:29:00,596.35,card,sbi,insufficient_funds,2,21,0,0.765,180,0,0
txn_002767,2026-07-30T07:07:00,585.9,wallet,kotak,network_timeout,3,5,0,0.69,180,0,1
txn_002768,2026-06-17T06:42:00,3165.62,wallet,other,gateway_error,1,13,0,1.0,720,0,1
txn_002769,2026-07-06T15:48:00,3968.08,netbanking,icici,issuer_declined,2,5,0,0.934,1,0,0
txn_002770,2026-06-22T18:10:00,668.26,card,kotak,insufficient_funds,2,11,1,0.587,60,0,0
txn_002771,2026-06-28T13:23:00,2056.74,upi,hdfc,insufficient_funds,3,7,1,0.782,30,0,1
txn_002772,2026-07-04T09:02:00,496.2,upi,kotak,risk_block,1,16,0,0.804,720,1,0
txn_002773,2026-07-18T16:22:00,2031.74,wallet,sbi,insufficient_funds,1,17,0,0.601,30,0,1
txn_002774,2026-06-20T01:18:00,417.31,card,axis,issuer_declined,2,16,0,0.665,180,0,1
txn_002775,2026-07-07T21:13:00,524.88,card,axis,insufficient_funds,3,5,0,0.917,5,0,0
txn_002776,2026-06-21T06:12:00,3312.55,upi,kotak,bank_server_down,2,9,0,0.053,15,0,0
txn_002777,2026-06-07T14:05:00,324.65,upi,axis,risk_block,2,13,1,0.819,720,1,0
txn_002778,2026-07-17T13:16:00,241.5,upi,yesbank,bank_server_down,2,12,1,0.517,1,0,1
txn_002779,2026-06-02T14:25:00,5158.71,wallet,icici,bank_server_down,1,23,0,1.0,15,0,1
txn_002780,2026-06-29T10:09:00,915.47,wallet,kotak,invalid_otp,2,16,0,0.988,720,0,1
txn_002781,2026-06-07T22:21:00,440.31,upi,idfc,bank_server_down,3,17,0,0.819,720,0,1
txn_002782,2026-07-12T22:53:00,1936.19,upi,sbi,network_timeout,1,6,0,0.532,720,0,1
txn_002783,2026-06-03T18:28:00,2824.47,upi,hdfc,insufficient_funds,1,19,0,0.731,15,0,0
txn_002784,2026-07-23T07:54:00,125.51,wallet,other,risk_block,2,7,0,0.759,1,1,0
txn_002785,2026-06-15T06:07:00,1070.51,netbanking,kotak,issuer_declined,2,18,0,0.664,720,0,0
txn_002786,2026-07-06T17:22:00,304.45,card,icici,insufficient_funds,2,1,0,0.674,720,0,0
txn_002787,2026-06-13T08:48:00,505.4,upi,sbi,card_expired,2,10,0,0.733,5,0,0
txn_002788,2026-07-15T06:26:00,1877.08,upi,axis,bank_server_down,3,1,1,0.72,180,0,0
txn_002789,2026-07-14T20:34:00,1360.55,wallet,sbi,bank_server_down,1,7,0,1.0,180,0,1
txn_002790,2026-06-03T09:27:00,178.86,netbanking,kotak,invalid_otp,2,8,1,0.735,1,0,1
txn_002791,2026-06-06T05:00:00,336.49,netbanking,icici,card_expired,1,7,0,0.888,1,0,0
txn_002792,2026-06-06T09:39:00,1049.42,netbanking,other,issuer_declined,1,0,0,0.817,30,0,1
txn_002793,2026-06-01T21:35:00,313.49,wallet,kotak,invalid_otp,1,22,1,0.813,15,0,0
txn_002794,2026-07-14T14:05:00,357.29,netbanking,yesbank,insufficient_funds,3,16,0,0.544,30,0,0
txn_002795,2026-07-13T18:39:00,24.48,netbanking,idfc,bank_server_down,1,14,1,0.676,720,0,1
txn_002796,2026-07-19T13:24:00,846.39,card,hdfc,bank_server_down,1,6,0,0.604,720,0,1
txn_002797,2026-07-11T03:43:00,277.87,netbanking,hdfc,invalid_otp,1,11,1,0.446,15,0,1
txn_002798,2026-06-29T16:20:00,5797.12,wallet,idfc,network_timeout,2,1,1,0.538,60,0,1
txn_002799,2026-06-20T00:59:00,366.73,upi,axis,insufficient_funds,2,8,1,0.857,60,0,1
txn_002800,2026-07-25T14:54:00,826.37,netbanking,axis,gateway_error,1,22,0,0.474,15,0,1
txn_002801,2026-06-30T22:48:00,35.4,wallet,axis,issuer_declined,2,2,1,0.416,15,0,0
txn_002802,2026-06-07T04:13:00,1700.08,wallet,axis,bank_server_down,2,14,1,0.775,30,0,1
txn_002803,2026-06-23T19:55:00,2579.81,netbanking,idfc,invalid_otp,1,15,0,0.459,1,0,0
txn_002804,2026-07-16T05:31:00,2411.51,wallet,axis,insufficient_funds,3,23,0,0.391,15,0,0
txn_002805,2026-07-17T01:55:00,921.87,netbanking,idfc,gateway_error,2,6,1,1.0,180,0,1
txn_002806,2026-06-07T09:13:00,1189.92,wallet,icici,network_timeout,1,18,0,0.594,30,0,1
txn_002807,2026-06-15T13:07:00,514.69,netbanking,yesbank,insufficient_funds,3,22,0,0.806,15,0,0
txn_002808,2026-07-30T00:43:00,3157.69,upi,sbi,card_expired,1,3,1,0.455,60,0,0
txn_002809,2026-06-21T15:41:00,99.17,upi,idfc,insufficient_funds,1,3,0,1.0,15,0,1
txn_002810,2026-07-10T14:43:00,576.45,netbanking,axis,insufficient_funds,1,3,0,0.528,30,0,0
txn_002811,2026-07-11T11:09:00,2094.67,netbanking,kotak,issuer_declined,1,3,1,1.0,15,0,1
txn_002812,2026-07-22T03:18:00,137.37,upi,sbi,bank_server_down,2,14,0,0.831,180,0,1
txn_002813,2026-07-29T10:38:00,1233.5,netbanking,kotak,card_expired,1,18,0,0.713,720,0,0
txn_002814,2026-07-21T23:58:00,1800.36,wallet,axis,gateway_error,1,10,0,0.942,720,0,1
txn_002815,2026-07-16T02:34:00,1712.67,card,other,issuer_declined,1,18,0,0.56,720,0,0
txn_002816,2026-06-06T08:36:00,1081.74,netbanking,axis,network_timeout,1,7,0,0.834,30,0,0
txn_002817,2026-06-15T04:14:00,2388.55,upi,axis,insufficient_funds,1,12,0,0.928,1,0,1
txn_002818,2026-07-22T20:01:00,574.74,wallet,icici,risk_block,2,10,1,0.729,180,1,0
txn_002819,2026-07-10T21:42:00,198.87,upi,kotak,issuer_declined,2,3,0,0.615,720,0,0
txn_002820,2026-07-14T22:01:00,397.32,netbanking,kotak,insufficient_funds,1,20,0,0.938,30,0,1
txn_002821,2026-06-02T22:50:00,1806.41,wallet,hdfc,insufficient_funds,1,14,0,0.78,5,0,0
txn_002822,2026-07-13T21:29:00,2525.52,upi,yesbank,network_timeout,1,1,0,0.845,1,0,0
txn_002823,2026-06-22T07:51:00,3588.82,card,sbi,bank_server_down,1,22,0,0.573,180,0,1
txn_002824,2026-06-02T02:16:00,2317.21,card,kotak,issuer_declined,1,10,1,1.0,1,0,0
txn_002825,2026-07-30T11:37:00,4309.59,upi,axis,bank_server_down,1,10,0,0.777,30,0,1
txn_002826,2026-07-16T07:17:00,401.69,netbanking,yesbank,card_expired,1,13,1,0.134,15,0,0
txn_002827,2026-07-24T09:37:00,155.2,card,yesbank,insufficient_funds,1,15,0,1.0,15,0,0
txn_002828,2026-06-18T00:41:00,2202.66,wallet,sbi,invalid_otp,2,12,0,0.725,1,0,1
txn_002829,2026-07-18T10:06:00,408.32,netbanking,icici,bank_server_down,1,18,0,0.796,60,0,1
txn_002830,2026-07-09T12:17:00,597.4,netbanking,axis,bank_server_down,1,8,0,0.54,60,0,0
txn_002831,2026-07-10T06:41:00,2744.0,upi,axis,invalid_otp,2,2,0,0.82,180,0,0
txn_002832,2026-06-01T05:16:00,1307.27,card,sbi,issuer_declined,3,21,0,0.728,180,0,0
txn_002833,2026-07-11T17:26:00,880.58,upi,sbi,insufficient_funds,1,19,0,0.759,180,0,1
txn_002834,2026-07-24T22:55:00,703.76,netbanking,icici,issuer_declined,2,19,1,0.682,60,0,0
txn_002835,2026-06-11T05:20:00,687.28,upi,yesbank,invalid_otp,1,8,1,0.709,1,0,1
txn_002836,2026-06-07T05:36:00,808.23,upi,yesbank,invalid_otp,1,13,0,0.844,1,0,0
txn_002837,2026-06-24T12:13:00,163.58,wallet,kotak,insufficient_funds,3,20,1,1.0,30,0,0
txn_002838,2026-06-25T08:18:00,2714.99,upi,sbi,insufficient_funds,2,11,0,0.626,30,0,0
txn_002839,2026-07-10T09:19:00,2254.51,netbanking,yesbank,invalid_otp,1,12,1,0.862,180,0,0
txn_002840,2026-07-27T18:19:00,1483.64,netbanking,other,bank_server_down,3,15,0,0.627,15,0,0
txn_002841,2026-06-14T02:56:00,244.12,upi,kotak,bank_server_down,1,21,0,0.848,1,0,1
txn_002842,2026-07-21T07:08:00,1259.54,netbanking,axis,risk_block,1,4,0,1.0,180,1,0
txn_002843,2026-06-23T20:57:00,259.42,wallet,kotak,gateway_error,2,3,0,0.386,720,0,1
txn_002844,2026-07-04T14:04:00,670.23,wallet,icici,bank_server_down,1,10,0,0.732,1,0,1
txn_002845,2026-07-05T20:50:00,1247.38,netbanking,sbi,bank_server_down,1,16,0,0.454,1,0,1
txn_002846,2026-06-22T11:27:00,37.02,card,sbi,network_timeout,3,13,0,0.61,5,0,1
txn_002847,2026-07-28T18:41:00,27.24,card,other,insufficient_funds,2,3,0,0.459,15,0,0
txn_002848,2026-07-06T04:29:00,2576.81,upi,sbi,gateway_error,1,21,0,0.545,1,0,1
txn_002849,2026-06-07T15:57:00,453.89,netbanking,kotak,invalid_otp,1,21,1,0.929,180,0,1
txn_002850,2026-07-15T06:27:00,147.47,card,sbi,insufficient_funds,3,21,0,0.897,30,0,0
txn_002851,2026-07-17T08:34:00,606.29,netbanking,other,gateway_error,1,1,0,0.683,1,0,1
txn_002852,2026-06-18T03:32:00,254.48,wallet,sbi,bank_server_down,1,20,0,0.445,15,0,1
txn_002853,2026-07-12T01:15:00,276.44,netbanking,sbi,risk_block,1,7,0,0.704,720,1,0
txn_002854,2026-06-10T02:01:00,286.08,wallet,other,issuer_declined,3,10,1,0.588,15,0,0
txn_002855,2026-07-20T08:03:00,582.31,netbanking,kotak,gateway_error,1,22,0,0.545,720,0,1
txn_002856,2026-07-16T18:45:00,2714.84,netbanking,sbi,issuer_declined,2,14,0,0.625,60,0,0
txn_002857,2026-06-22T23:13:00,1102.54,netbanking,other,issuer_declined,3,12,0,0.865,5,0,0
txn_002858,2026-07-11T12:20:00,450.68,upi,sbi,insufficient_funds,2,13,0,0.236,30,0,0
txn_002859,2026-07-24T07:38:00,265.76,upi,idfc,invalid_otp,2,2,0,0.574,720,0,0
txn_002860,2026-07-12T22:15:00,1215.43,upi,icici,insufficient_funds,3,14,1,0.581,1,0,0
txn_002861,2026-07-27T15:23:00,81.29,wallet,idfc,insufficient_funds,1,16,0,0.859,720,0,0
txn_002862,2026-06-03T02:46:00,1603.57,wallet,icici,risk_block,2,20,1,0.76,180,1,0
txn_002863,2026-07-24T00:54:00,1456.96,upi,kotak,issuer_declined,1,12,1,0.455,1,0,0
txn_002864,2026-07-03T03:13:00,502.29,upi,idfc,issuer_declined,1,21,0,0.709,15,0,0
txn_002865,2026-07-06T20:52:00,189.31,wallet,sbi,card_expired,2,15,0,0.574,180,0,0
txn_002866,2026-06-06T19:41:00,1399.89,card,kotak,network_timeout,1,1,0,0.464,5,0,0
txn_002867,2026-07-01T11:23:00,537.29,card,kotak,insufficient_funds,1,21,0,0.719,720,0,1
txn_002868,2026-07-17T10:07:00,1017.57,wallet,yesbank,card_expired,3,8,1,1.0,180,0,0
txn_002869,2026-06-25T20:16:00,944.36,wallet,icici,insufficient_funds,1,8,0,0.666,720,0,0
txn_002870,2026-07-02T16:47:00,397.32,upi,other,network_timeout,2,12,0,0.739,1,0,1
txn_002871,2026-06-06T00:59:00,367.82,wallet,yesbank,issuer_declined,1,23,0,0.708,60,0,0
txn_002872,2026-07-05T11:40:00,1001.81,card,axis,invalid_otp,1,14,0,0.67,1,0,1
txn_002873,2026-06-21T07:04:00,1012.97,card,idfc,insufficient_funds,2,18,0,0.876,180,0,1
txn_002874,2026-07-06T12:07:00,82.64,upi,yesbank,invalid_otp,3,10,0,0.727,180,0,1
txn_002875,2026-07-29T23:31:00,498.22,upi,hdfc,insufficient_funds,1,8,1,1.0,720,0,0
txn_002876,2026-07-26T00:13:00,101.33,netbanking,icici,insufficient_funds,2,6,0,0.44,180,0,0
txn_002877,2026-07-18T01:01:00,2295.84,card,other,network_timeout,1,18,0,0.42,15,0,1
txn_002878,2026-07-20T23:30:00,257.77,upi,other,invalid_otp,1,18,0,0.765,15,0,1
txn_002879,2026-06-02T19:03:00,79.18,wallet,hdfc,insufficient_funds,1,3,1,0.588,720,0,0
txn_002880,2026-07-27T22:12:00,355.18,card,idfc,insufficient_funds,1,15,1,0.662,15,0,1
txn_002881,2026-07-04T13:13:00,6401.03,upi,yesbank,invalid_otp,3,15,0,0.551,5,0,1
txn_002882,2026-06-17T03:23:00,916.53,card,yesbank,bank_server_down,2,13,1,0.786,720,0,1
txn_002883,2026-07-25T11:43:00,485.14,card,axis,invalid_otp,1,14,0,0.421,15,0,0
txn_002884,2026-07-12T09:38:00,2748.78,netbanking,other,invalid_otp,2,21,0,0.704,15,0,1
txn_002885,2026-06-29T06:17:00,136.51,card,icici,invalid_otp,1,11,0,0.273,30,0,1
txn_002886,2026-07-09T06:31:00,1346.19,netbanking,hdfc,issuer_declined,1,3,0,0.731,180,0,0
txn_002887,2026-07-05T23:04:00,292.02,wallet,kotak,network_timeout,1,18,1,0.755,30,0,1
txn_002888,2026-06-19T01:55:00,1279.78,netbanking,idfc,issuer_declined,2,7,1,0.411,30,0,0
txn_002889,2026-07-21T00:12:00,195.96,card,sbi,gateway_error,3,16,1,0.649,30,0,1
txn_002890,2026-07-14T01:48:00,371.78,wallet,axis,risk_block,1,10,0,0.677,180,1,1
txn_002891,2026-06-22T12:04:00,3747.01,wallet,hdfc,insufficient_funds,1,20,0,0.886,60,0,1
txn_002892,2026-07-10T16:06:00,1296.32,wallet,idfc,gateway_error,1,3,0,0.722,180,0,1
txn_002893,2026-06-23T06:38:00,840.06,wallet,yesbank,bank_server_down,2,16,0,0.554,15,0,1
txn_002894,2026-07-14T14:09:00,77.61,netbanking,kotak,insufficient_funds,1,19,0,0.366,15,0,1
txn_002895,2026-06-07T14:49:00,315.03,wallet,other,bank_server_down,1,5,1,0.687,15,0,1
txn_002896,2026-06-03T14:11:00,356.16,upi,other,issuer_declined,3,21,0,0.81,60,0,1
txn_002897,2026-06-07T02:42:00,393.85,netbanking,hdfc,gateway_error,1,3,0,0.565,15,0,0
txn_002898,2026-06-23T11:29:00,2062.74,netbanking,kotak,card_expired,2,4,0,0.169,5,0,0
txn_002899,2026-07-20T07:21:00,451.53,upi,idfc,gateway_error,1,6,0,0.883,720,0,1
txn_002900,2026-07-28T14:34:00,682.91,wallet,sbi,insufficient_funds,3,3,0,0.467,720,0,0
txn_002901,2026-06-23T12:08:00,3671.04,card,other,network_timeout,1,13,1,0.582,180,0,1
txn_002902,2026-06-06T00:41:00,111.88,wallet,idfc,risk_block,1,18,0,0.637,1,1,0
txn_002903,2026-06-08T10:27:00,587.79,netbanking,kotak,invalid_otp,2,12,1,1.0,720,0,0
txn_002904,2026-07-01T06:30:00,2395.47,wallet,axis,insufficient_funds,1,4,0,0.537,30,0,0
txn_002905,2026-07-11T06:13:00,566.65,upi,yesbank,invalid_otp,1,14,0,0.394,180,0,0
txn_002906,2026-06-29T17:03:00,1804.51,netbanking,icici,insufficient_funds,1,17,0,0.484,1,0,0
txn_002907,2026-07-12T06:33:00,258.79,upi,yesbank,issuer_declined,1,19,0,0.319,15,0,1
txn_002908,2026-07-06T07:52:00,251.26,upi,yesbank,issuer_declined,1,1,0,0.865,60,0,1
txn_002909,2026-06-27T06:51:00,1418.88,wallet,hdfc,card_expired,1,16,0,0.387,720,0,0
txn_002910,2026-07-19T04:00:00,150.16,card,kotak,gateway_error,2,15,1,0.603,1,0,0
txn_002911,2026-06-15T17:38:00,525.91,card,hdfc,network_timeout,2,16,1,0.78,1,0,1
txn_002912,2026-06-30T18:39:00,392.29,wallet,idfc,insufficient_funds,1,12,0,0.956,30,0,0
txn_002913,2026-07-19T12:46:00,1178.21,upi,yesbank,bank_server_down,3,21,1,0.686,180,0,0
txn_002914,2026-07-14T00:28:00,10373.89,upi,hdfc,invalid_otp,1,10,0,0.59,720,0,1
txn_002915,2026-06-11T19:42:00,207.44,upi,hdfc,invalid_otp,2,23,0,0.633,30,0,1
txn_002916,2026-07-30T13:34:00,416.96,upi,icici,network_timeout,1,12,0,0.698,15,0,1
txn_002917,2026-07-07T23:13:00,1843.28,upi,hdfc,bank_server_down,3,17,0,0.617,180,0,1
txn_002918,2026-06-04T16:57:00,121.16,upi,idfc,risk_block,1,19,1,0.541,180,1,0
txn_002919,2026-06-09T20:30:00,331.43,card,idfc,gateway_error,2,9,0,0.661,60,0,0
txn_002920,2026-07-28T09:43:00,180.36,card,axis,network_timeout,2,9,0,0.701,720,0,1
txn_002921,2026-06-25T20:52:00,2124.54,wallet,idfc,issuer_declined,2,1,0,0.711,180,0,0
txn_002922,2026-07-16T16:33:00,3222.24,wallet,other,issuer_declined,2,3,0,0.486,1,0,0
txn_002923,2026-06-10T08:14:00,662.37,card,icici,gateway_error,1,18,0,0.556,60,0,0
txn_002924,2026-06-30T15:05:00,2940.59,upi,axis,bank_server_down,2,12,0,0.539,1,0,1
txn_002925,2026-07-16T13:31:00,2930.61,wallet,idfc,bank_server_down,2,7,1,0.738,30,0,1
txn_002926,2026-07-22T08:13:00,5991.28,card,sbi,network_timeout,3,23,0,0.53,60,0,1
txn_002927,2026-06-16T16:48:00,612.23,wallet,icici,invalid_otp,1,7,1,0.255,1,0,0
txn_002928,2026-07-02T09:40:00,256.41,upi,kotak,network_timeout,1,10,1,0.739,30,0,1
txn_002929,2026-07-13T03:14:00,1249.23,card,idfc,invalid_otp,2,11,1,0.91,1,0,0
txn_002930,2026-06-15T23:58:00,1361.94,netbanking,other,card_expired,1,19,1,0.773,30,0,0
txn_002931,2026-07-10T14:59:00,1468.58,card,other,bank_server_down,1,21,1,0.958,1,0,0
txn_002932,2026-06-09T00:51:00,333.83,card,yesbank,invalid_otp,1,11,0,0.84,30,0,1
txn_002933,2026-07-03T22:51:00,1940.56,netbanking,icici,insufficient_funds,1,2,0,0.445,720,0,0
txn_002934,2026-06-02T04:55:00,140.22,wallet,yesbank,issuer_declined,1,17,0,0.959,60,0,0
txn_002935,2026-06-23T14:16:00,295.74,wallet,icici,network_timeout,2,9,1,0.644,60,0,0
txn_002936,2026-07-01T13:26:00,589.02,wallet,sbi,insufficient_funds,1,13,1,0.681,30,0,0
txn_002937,2026-07-26T06:13:00,1939.39,upi,kotak,gateway_error,1,14,0,0.636,60,0,1
txn_002938,2026-07-25T22:26:00,523.5,upi,axis,invalid_otp,2,15,1,0.662,30,0,1
txn_002939,2026-06-19T18:52:00,155.61,upi,yesbank,gateway_error,1,14,0,0.77,30,0,1
txn_002940,2026-06-30T00:38:00,877.99,wallet,other,risk_block,1,9,1,0.66,5,1,0
txn_002941,2026-07-25T08:08:00,191.15,upi,hdfc,issuer_declined,1,17,0,0.5,720,0,1
txn_002942,2026-06-08T21:09:00,190.64,netbanking,axis,bank_server_down,1,21,0,0.634,30,0,1
txn_002943,2026-06-04T10:44:00,2854.35,upi,hdfc,risk_block,2,0,0,0.738,1,1,0
txn_002944,2026-07-21T02:03:00,1553.49,wallet,sbi,gateway_error,2,15,0,0.999,15,0,1
txn_002945,2026-07-14T16:43:00,1379.87,card,idfc,gateway_error,1,1,0,0.873,1,0,1
txn_002946,2026-07-09T11:17:00,335.9,wallet,hdfc,risk_block,1,16,1,0.501,5,1,0
txn_002947,2026-06-04T19:41:00,107.61,wallet,yesbank,card_expired,2,13,0,0.379,5,0,0
txn_002948,2026-06-05T17:42:00,1263.68,card,other,network_timeout,1,8,0,0.73,5,0,1
txn_002949,2026-07-30T11:06:00,544.14,wallet,sbi,bank_server_down,3,0,0,0.934,60,0,0
txn_002950,2026-06-13T07:18:00,259.01,card,icici,network_timeout,1,17,1,0.844,720,0,1
txn_002951,2026-07-04T11:31:00,395.93,card,yesbank,card_expired,2,18,0,0.254,15,0,0
txn_002952,2026-06-25T12:56:00,1554.31,upi,idfc,bank_server_down,1,8,0,0.442,720,0,1
txn_002953,2026-06-26T11:58:00,437.89,card,idfc,issuer_declined,2,16,1,0.539,15,0,0
txn_002954,2026-06-18T03:18:00,747.78,netbanking,axis,issuer_declined,1,0,0,0.671,60,0,1
txn_002955,2026-06-11T00:16:00,868.11,card,icici,insufficient_funds,3,7,0,0.716,5,0,1
txn_002956,2026-06-20T00:07:00,818.16,netbanking,idfc,issuer_declined,1,3,1,1.0,180,0,1
txn_002957,2026-07-06T03:56:00,310.34,upi,idfc,bank_server_down,1,12,1,0.895,15,0,1
txn_002958,2026-07-23T23:34:00,101.95,card,axis,network_timeout,1,4,1,0.417,1,0,0
txn_002959,2026-07-01T06:49:00,1140.22,wallet,kotak,bank_server_down,1,11,1,0.744,720,0,1
txn_002960,2026-06-17T13:50:00,905.35,wallet,axis,network_timeout,1,13,0,0.566,30,0,1
txn_002961,2026-07-09T12:59:00,295.61,card,hdfc,bank_server_down,1,16,0,0.787,30,0,1
txn_002962,2026-07-16T08:43:00,2671.32,netbanking,sbi,insufficient_funds,1,14,0,0.585,15,0,0
txn_002963,2026-07-06T20:11:00,12769.81,card,sbi,bank_server_down,2,19,0,0.366,720,0,1
txn_002964,2026-07-21T09:52:00,3845.73,netbanking,other,gateway_error,3,22,0,0.458,30,0,0
txn_002965,2026-07-16T13:54:00,2443.71,upi,other,risk_block,1,3,1,0.703,15,1,0
txn_002966,2026-06-25T00:03:00,3196.19,netbanking,kotak,bank_server_down,3,2,0,0.295,30,0,0
txn_002967,2026-06-12T03:03:00,506.93,upi,idfc,insufficient_funds,1,10,0,0.357,5,0,1
txn_002968,2026-07-12T03:16:00,94.79,upi,other,invalid_otp,1,14,1,0.688,1,0,0
txn_002969,2026-07-03T13:18:00,1274.81,card,icici,insufficient_funds,1,20,1,1.0,30,0,0
txn_002970,2026-06-14T12:31:00,1941.54,wallet,kotak,gateway_error,1,10,0,0.665,720,0,1
txn_002971,2026-06-12T02:44:00,540.93,upi,icici,risk_block,1,8,0,1.0,720,1,1
txn_002972,2026-07-09T17:21:00,5373.07,wallet,yesbank,bank_server_down,3,13,1,0.617,720,0,1
txn_002973,2026-06-09T21:38:00,6300.14,netbanking,sbi,risk_block,1,13,0,0.948,60,1,0
txn_002974,2026-06-09T23:17:00,536.77,netbanking,sbi,invalid_otp,1,2,0,0.562,720,0,0
txn_002975,2026-06-21T08:49:00,102.99,netbanking,yesbank,gateway_error,2,3,1,0.0,180,0,1
txn_002976,2026-07-29T03:51:00,5881.43,netbanking,idfc,invalid_otp,2,20,1,0.956,720,0,0
txn_002977,2026-06-30T08:58:00,576.82,wallet,yesbank,network_timeout,2,3,0,0.725,1,0,0
txn_002978,2026-07-13T16:06:00,581.53,netbanking,kotak,invalid_otp,2,7,1,0.519,180,0,0
txn_002979,2026-07-15T00:37:00,174.72,wallet,hdfc,bank_server_down,3,11,1,0.761,720,0,0
txn_002980,2026-06-25T10:54:00,835.26,netbanking,hdfc,issuer_declined,1,2,0,0.626,60,0,0
txn_002981,2026-07-19T07:11:00,797.48,netbanking,sbi,invalid_otp,1,21,0,0.454,5,0,1
txn_002982,2026-07-28T20:09:00,543.43,card,idfc,bank_server_down,2,6,0,0.639,1,0,1
txn_002983,2026-06-05T21:48:00,202.64,netbanking,kotak,insufficient_funds,2,20,0,0.474,180,0,0
txn_002984,2026-06-15T13:56:00,1190.39,card,icici,network_timeout,1,21,0,0.484,60,0,1
txn_002985,2026-07-10T00:59:00,355.43,upi,sbi,insufficient_funds,2,4,0,0.684,720,0,0
txn_002986,2026-07-15T14:35:00,381.47,card,other,insufficient_funds,2,5,0,0.77,180,0,0
txn_002987,2026-07-04T15:26:00,1076.69,card,icici,risk_block,1,4,1,0.982,30,1,0
txn_002988,2026-07-01T00:54:00,1186.37,wallet,icici,invalid_otp,3,4,0,0.37,5,0,0
txn_002989,2026-06-17T13:52:00,114.86,upi,yesbank,bank_server_down,1,21,0,0.818,5,0,1
txn_002990,2026-06-08T17:49:00,594.63,wallet,yesbank,network_timeout,1,23,0,0.538,5,0,1
txn_002991,2026-06-05T00:53:00,1524.5,upi,icici,bank_server_down,1,7,0,0.895,15,0,1
txn_002992,2026-06-12T11:28:00,2301.63,netbanking,idfc,insufficient_funds,2,16,0,0.622,5,0,1
txn_002993,2026-07-23T09:14:00,1104.79,card,hdfc,insufficient_funds,2,16,0,0.865,720,0,0
txn_002994,2026-06-11T03:48:00,63.34,upi,axis,bank_server_down,1,11,0,0.493,5,0,1
txn_002995,2026-06-07T18:46:00,519.15,card,sbi,network_timeout,2,0,0,0.739,1,0,1
txn_002996,2026-06-22T01:18:00,1616.53,netbanking,kotak,gateway_error,1,7,0,0.346,30,0,0
txn_002997,2026-07-11T00:22:00,1802.34,upi,axis,card_expired,1,21,1,0.907,15,0,0
txn_002998,2026-06-10T04:53:00,428.16,upi,hdfc,risk_block,3,11,0,0.33,15,1,0
txn_002999,2026-07-14T19:17:00,1075.33,upi,sbi,invalid_otp,1,16,0,1.0,60,0,1
txn_003000,2026-06-22T09:03:00,742.88,card,yesbank,invalid_otp,3,7,0,0.571,15,0,0
txn_003001,2026-06-22T04:50:00,1523.95,upi,other,insufficient_funds,1,13,0,0.539,30,0,1
txn_003002,2026-07-15T09:19:00,448.29,upi,idfc,insufficient_funds,1,19,1,0.818,180,0,1
txn_003003,2026-06-27T02:30:00,618.06,upi,other,network_timeout,1,6,1,0.615,1,0,0
txn_003004,2026-06-23T04:39:00,262.06,netbanking,sbi,gateway_error,2,8,0,0.868,15,0,0
txn_003005,2026-06-11T21:22:00,2942.49,netbanking,hdfc,insufficient_funds,2,19,1,0.791,30,0,0
txn_003006,2026-06-30T04:50:00,173.61,wallet,sbi,insufficient_funds,3,17,0,0.865,180,0,0
txn_003007,2026-07-20T00:39:00,967.85,upi,idfc,insufficient_funds,1,23,1,0.575,180,0,0
txn_003008,2026-06-30T15:47:00,413.12,wallet,kotak,issuer_declined,3,10,1,0.435,15,0,0
txn_003009,2026-06-04T05:24:00,769.86,netbanking,hdfc,network_timeout,2,3,0,0.802,60,0,1
txn_003010,2026-07-14T13:51:00,329.88,upi,icici,gateway_error,2,20,1,0.556,1,0,1
txn_003011,2026-06-04T09:43:00,1386.38,upi,kotak,insufficient_funds,1,13,0,0.783,1,0,0
txn_003012,2026-06-16T12:14:00,1605.22,wallet,kotak,insufficient_funds,2,14,0,0.572,720,0,1
txn_003013,2026-07-13T19:51:00,2730.42,upi,kotak,bank_server_down,1,12,0,0.646,5,0,1
txn_003014,2026-07-01T00:40:00,947.71,upi,icici,invalid_otp,2,12,0,0.542,1,0,1
txn_003015,2026-07-15T01:44:00,327.3,netbanking,axis,invalid_otp,1,2,0,0.515,30,0,0
txn_003016,2026-07-17T09:53:00,5093.32,wallet,axis,risk_block,1,3,0,0.897,30,1,0
txn_003017,2026-06-08T15:29:00,449.92,netbanking,kotak,bank_server_down,2,11,0,0.456,15,0,1
txn_003018,2026-06-26T09:35:00,713.7,card,sbi,gateway_error,2,2,0,0.906,15,0,0
txn_003019,2026-07-23T08:39:00,1330.61,card,other,issuer_declined,2,18,1,0.865,60,0,0
txn_003020,2026-07-29T15:37:00,815.2,upi,hdfc,gateway_error,2,10,0,0.714,720,0,1
txn_003021,2026-07-23T01:55:00,1117.94,wallet,hdfc,issuer_declined,2,7,0,0.615,720,0,0
txn_003022,2026-06-12T12:59:00,725.31,card,other,network_timeout,1,8,0,0.357,30,0,1
txn_003023,2026-07-25T17:45:00,375.85,wallet,kotak,risk_block,3,13,0,0.727,1,1,0
txn_003024,2026-06-02T09:51:00,491.86,netbanking,sbi,insufficient_funds,2,10,0,0.773,720,0,0
txn_003025,2026-07-24T19:31:00,1573.09,netbanking,idfc,card_expired,2,18,1,0.841,720,0,0
txn_003026,2026-07-03T08:27:00,194.79,wallet,other,invalid_otp,1,8,0,0.349,1,0,1
txn_003027,2026-07-29T05:52:00,224.59,wallet,hdfc,issuer_declined,1,23,1,0.61,60,0,0
txn_003028,2026-07-03T11:44:00,1311.57,netbanking,other,issuer_declined,1,12,0,0.697,180,0,0
txn_003029,2026-07-01T09:33:00,192.09,netbanking,other,bank_server_down,1,21,0,0.636,5,0,1
txn_003030,2026-07-14T05:13:00,3582.79,netbanking,axis,insufficient_funds,2,5,0,0.911,180,0,0
txn_003031,2026-07-09T13:31:00,820.85,netbanking,other,network_timeout,2,5,0,0.538,5,0,1
txn_003032,2026-06-26T23:37:00,1683.05,upi,sbi,issuer_declined,1,9,1,0.943,720,0,0
txn_003033,2026-07-18T19:58:00,132.29,netbanking,hdfc,insufficient_funds,1,12,0,0.758,720,0,1
txn_003034,2026-07-13T20:20:00,757.2,netbanking,other,bank_server_down,3,3,0,0.558,720,0,0
txn_003035,2026-06-19T22:43:00,480.0,netbanking,sbi,issuer_declined,1,19,1,0.649,60,0,0
txn_003036,2026-06-22T02:09:00,703.53,upi,hdfc,insufficient_funds,2,23,0,0.856,720,0,1
txn_003037,2026-07-26T14:18:00,1305.99,wallet,sbi,insufficient_funds,1,9,1,0.622,180,0,0
txn_003038,2026-06-09T14:17:00,808.54,upi,sbi,invalid_otp,1,8,1,0.811,30,0,0
txn_003039,2026-07-29T19:52:00,2721.94,netbanking,yesbank,bank_server_down,3,23,0,0.563,30,0,1
txn_003040,2026-06-27T02:56:00,4521.64,card,axis,card_expired,1,6,0,0.31,180,0,0
txn_003041,2026-06-17T07:42:00,117.51,netbanking,idfc,risk_block,1,7,0,0.732,5,1,1
txn_003042,2026-06-19T00:14:00,969.42,wallet,sbi,risk_block,2,14,0,0.567,720,1,0
txn_003043,2026-07-21T19:44:00,46.96,wallet,sbi,insufficient_funds,2,20,0,0.414,5,0,0
txn_003044,2026-07-14T16:51:00,895.93,wallet,axis,issuer_declined,1,19,1,0.509,5,0,0
txn_003045,2026-06-26T15:22:00,112.42,wallet,icici,bank_server_down,2,5,0,0.909,5,0,1
txn_003046,2026-06-10T07:26:00,137.22,netbanking,other,insufficient_funds,1,1,1,0.693,1,0,0
txn_003047,2026-07-07T00:19:00,145.72,card,kotak,card_expired,3,14,1,0.53,1,0,0
txn_003048,2026-06-21T12:03:00,53.57,netbanking,yesbank,bank_server_down,2,21,1,0.674,15,0,1
txn_003049,2026-07-12T01:14:00,577.61,upi,axis,gateway_error,1,23,0,0.606,60,0,1
txn_003050,2026-07-08T15:48:00,603.36,upi,other,bank_server_down,2,1,1,1.0,15,0,1
txn_003051,2026-07-30T04:39:00,544.3,card,sbi,insufficient_funds,2,12,0,0.34,1,0,1
txn_003052,2026-06-03T23:05:00,236.75,upi,kotak,bank_server_down,2,1,0,1.0,180,0,1
txn_003053,2026-06-06T06:57:00,210.52,netbanking,hdfc,gateway_error,2,7,0,0.56,720,0,1
txn_003054,2026-07-08T23:15:00,297.09,card,other,issuer_declined,2,22,0,0.952,30,0,0
txn_003055,2026-06-06T04:17:00,458.43,netbanking,kotak,insufficient_funds,2,15,0,0.804,720,0,1
txn_003056,2026-06-10T22:55:00,6044.87,netbanking,idfc,network_timeout,1,15,0,0.91,30,0,1
txn_003057,2026-07-15T14:39:00,468.29,netbanking,icici,issuer_declined,1,17,1,0.369,15,0,0
txn_003058,2026-06-26T09:28:00,643.02,card,idfc,insufficient_funds,1,10,0,0.711,15,0,0
txn_003059,2026-06-12T06:34:00,1680.76,netbanking,sbi,issuer_declined,1,20,1,0.6,1,0,0
txn_003060,2026-07-16T22:59:00,530.97,wallet,sbi,bank_server_down,1,19,0,0.679,30,0,1
txn_003061,2026-07-03T18:19:00,562.78,card,hdfc,insufficient_funds,2,17,1,0.958,15,0,1
txn_003062,2026-06-08T14:29:00,1116.83,card,axis,card_expired,2,14,0,0.649,1,0,0
txn_003063,2026-07-11T20:22:00,579.02,upi,other,bank_server_down,3,14,0,0.659,1,0,1
txn_003064,2026-07-10T10:55:00,1096.1,netbanking,sbi,gateway_error,1,11,0,0.402,30,0,0
txn_003065,2026-07-28T19:22:00,840.25,card,icici,network_timeout,1,5,0,0.634,5,0,1
txn_003066,2026-06-26T12:31:00,413.93,card,icici,invalid_otp,2,5,0,0.591,720,0,1
txn_003067,2026-07-19T13:14:00,329.71,upi,icici,issuer_declined,2,8,0,0.481,60,0,0
txn_003068,2026-06-14T12:53:00,403.29,upi,icici,gateway_error,1,4,1,0.748,60,0,1
txn_003069,2026-06-12T05:14:00,1863.08,upi,icici,bank_server_down,3,14,1,0.969,60,0,1
txn_003070,2026-07-06T02:42:00,540.68,wallet,icici,network_timeout,2,18,0,0.493,720,0,1
txn_003071,2026-06-26T02:43:00,1339.16,upi,sbi,risk_block,1,12,0,0.764,5,1,0
txn_003072,2026-07-16T07:56:00,828.82,upi,idfc,bank_server_down,3,14,0,0.877,180,0,0
txn_003073,2026-07-22T07:07:00,558.1,card,kotak,gateway_error,3,9,0,0.865,180,0,0
txn_003074,2026-07-28T05:27:00,424.4,upi,hdfc,bank_server_down,2,22,0,0.718,60,0,1
txn_003075,2026-06-05T15:16:00,30.92,upi,idfc,network_timeout,1,21,1,0.767,30,0,1
txn_003076,2026-06-11T08:07:00,137.75,netbanking,axis,invalid_otp,1,4,0,1.0,30,0,1
txn_003077,2026-06-30T21:24:00,266.08,upi,hdfc,gateway_error,1,1,0,0.392,15,0,0
txn_003078,2026-07-02T08:30:00,732.53,card,hdfc,bank_server_down,1,9,1,0.811,1,0,1
txn_003079,2026-06-24T00:27:00,500.56,card,hdfc,bank_server_down,1,17,0,0.674,5,0,1
txn_003080,2026-07-19T07:06:00,804.02,upi,other,network_timeout,1,11,1,0.824,180,0,1
txn_003081,2026-06-04T19:07:00,495.95,upi,hdfc,invalid_otp,1,9,1,0.634,30,0,1
txn_003082,2026-07-05T19:57:00,311.31,netbanking,icici,gateway_error,2,6,1,0.414,5,0,0
txn_003083,2026-06-05T09:48:00,252.93,netbanking,other,card_expired,1,19,1,0.832,720,0,0
txn_003084,2026-07-26T12:00:00,502.87,upi,yesbank,network_timeout,1,1,0,0.906,5,0,1
txn_003085,2026-06-19T21:25:00,1199.23,upi,sbi,risk_block,2,2,0,0.594,5,1,0
txn_003086,2026-07-21T05:41:00,214.55,netbanking,axis,gateway_error,2,23,0,0.428,15,0,0
txn_003087,2026-07-27T04:39:00,2104.71,netbanking,hdfc,issuer_declined,1,3,0,0.752,1,0,0
txn_003088,2026-06-21T05:00:00,1336.39,wallet,idfc,card_expired,1,21,0,0.836,720,0,0
txn_003089,2026-06-03T04:58:00,1092.88,card,icici,invalid_otp,2,4,0,0.694,1,0,1
txn_003090,2026-06-29T14:59:00,2742.82,card,idfc,issuer_declined,2,9,0,0.606,180,0,1
txn_003091,2026-06-14T09:38:00,214.75,wallet,idfc,network_timeout,3,11,1,0.744,60,0,0
txn_003092,2026-07-22T06:51:00,306.38,upi,other,insufficient_funds,1,20,0,0.273,5,0,1
txn_003093,2026-06-02T06:05:00,452.93,wallet,axis,card_expired,2,21,1,0.911,60,0,0
txn_003094,2026-06-30T08:34:00,1544.76,wallet,icici,network_timeout,2,18,1,0.784,180,0,1
txn_003095,2026-07-26T00:33:00,730.49,upi,idfc,card_expired,1,14,0,0.655,60,0,0
txn_003096,2026-07-12T12:15:00,194.19,card,icici,network_timeout,3,0,0,0.538,15,0,0
txn_003097,2026-07-28T17:52:00,3324.75,upi,kotak,card_expired,3,6,1,0.639,180,0,0
txn_003098,2026-06-28T15:25:00,516.09,upi,sbi,insufficient_funds,1,23,0,0.961,60,0,1
txn_003099,2026-06-12T12:49:00,1325.31,upi,other,bank_server_down,2,5,0,0.491,5,0,1
txn_003100,2026-06-11T20:55:00,399.43,wallet,hdfc,network_timeout,2,3,1,0.745,720,0,1
txn_003101,2026-06-04T13:14:00,850.12,netbanking,idfc,risk_block,1,23,1,1.0,5,1,0
txn_003102,2026-06-02T05:36:00,585.64,wallet,idfc,bank_server_down,3,9,0,0.571,30,0,1
txn_003103,2026-07-02T05:10:00,565.65,netbanking,other,issuer_declined,1,12,1,0.643,15,0,0
txn_003104,2026-06-05T23:46:00,1035.38,netbanking,yesbank,invalid_otp,2,8,0,0.619,5,0,1
txn_003105,2026-06-21T17:20:00,3198.68,card,sbi,gateway_error,1,19,1,0.892,720,0,1
txn_003106,2026-07-26T03:26:00,922.81,wallet,axis,card_expired,1,16,1,0.809,60,0,0
txn_003107,2026-06-06T11:56:00,69.92,card,sbi,card_expired,2,13,0,0.8,30,0,0
txn_003108,2026-07-23T18:12:00,655.54,wallet,yesbank,bank_server_down,1,1,0,0.264,180,0,1
txn_003109,2026-07-06T12:45:00,299.53,card,other,insufficient_funds,1,20,0,1.0,30,0,0
txn_003110,2026-07-24T23:09:00,87.58,upi,idfc,invalid_otp,2,1,0,0.99,30,0,1
txn_003111,2026-06-28T03:14:00,402.7,netbanking,yesbank,risk_block,2,15,0,0.784,180,1,0
txn_003112,2026-06-18T23:27:00,2064.87,card,hdfc,risk_block,2,22,1,0.494,30,1,0
txn_003113,2026-07-07T18:35:00,231.2,card,sbi,insufficient_funds,1,12,0,0.72,60,0,0
txn_003114,2026-06-17T00:47:00,1277.88,upi,icici,issuer_declined,1,21,0,0.752,1,0,0
txn_003115,2026-07-03T09:58:00,1876.13,wallet,idfc,insufficient_funds,2,9,0,0.737,5,0,0
txn_003116,2026-07-21T00:15:00,1033.19,netbanking,axis,insufficient_funds,1,2,0,0.41,15,0,0
txn_003117,2026-07-02T08:03:00,318.33,wallet,yesbank,card_expired,1,17,0,0.837,15,0,0
txn_003118,2026-07-16T01:21:00,2075.72,card,sbi,risk_block,1,8,0,0.568,5,1,0
txn_003119,2026-07-10T00:15:00,972.23,netbanking,kotak,network_timeout,3,7,0,0.577,180,0,1
txn_003120,2026-06-20T05:07:00,1982.65,wallet,kotak,gateway_error,2,23,1,0.956,180,0,1
txn_003121,2026-07-21T21:14:00,749.91,netbanking,icici,invalid_otp,2,14,0,0.749,60,0,1
txn_003122,2026-07-26T00:25:00,810.78,card,sbi,bank_server_down,1,12,0,0.792,15,0,1
txn_003123,2026-07-19T03:09:00,245.05,upi,sbi,network_timeout,1,0,0,0.481,15,0,0
txn_003124,2026-06-25T03:25:00,1117.61,card,kotak,issuer_declined,1,12,0,0.926,15,0,1
txn_003125,2026-06-30T08:54:00,683.47,wallet,hdfc,bank_server_down,3,20,1,0.732,180,0,1
txn_003126,2026-06-07T11:54:00,1594.96,netbanking,yesbank,gateway_error,2,6,0,0.894,1,0,1
txn_003127,2026-07-13T06:29:00,70.12,netbanking,sbi,insufficient_funds,1,2,0,0.466,60,0,0
txn_003128,2026-06-12T20:18:00,640.88,wallet,hdfc,invalid_otp,2,0,0,1.0,180,0,1
txn_003129,2026-06-14T22:03:00,584.49,card,sbi,network_timeout,2,8,0,0.816,30,0,1
txn_003130,2026-07-18T01:39:00,268.48,wallet,hdfc,insufficient_funds,3,15,0,0.707,30,0,0
txn_003131,2026-07-18T06:09:00,1970.03,netbanking,sbi,network_timeout,1,19,0,0.82,720,0,1
txn_003132,2026-06-14T23:34:00,66.31,netbanking,kotak,bank_server_down,1,18,0,0.53,180,0,1
txn_003133,2026-07-20T11:03:00,104.24,wallet,sbi,card_expired,2,3,0,0.631,15,0,0
txn_003134,2026-06-20T09:39:00,449.42,wallet,icici,issuer_declined,1,7,1,0.935,720,0,1
txn_003135,2026-06-02T20:33:00,972.86,wallet,yesbank,invalid_otp,1,3,0,0.644,720,0,1
txn_003136,2026-07-13T05:45:00,718.57,card,other,issuer_declined,1,19,0,0.818,720,0,0
txn_003137,2026-06-20T15:20:00,338.5,upi,yesbank,insufficient_funds,2,20,1,0.641,180,0,1
txn_003138,2026-07-06T00:36:00,163.87,wallet,axis,risk_block,2,20,0,0.92,30,1,0
txn_003139,2026-06-13T04:43:00,628.38,card,idfc,issuer_declined,1,2,0,0.554,5,0,0
txn_003140,2026-06-11T11:18:00,289.99,upi,other,risk_block,2,23,1,0.63,15,1,0
txn_003141,2026-06-13T20:15:00,225.29,wallet,kotak,invalid_otp,2,20,0,0.597,1,0,0
txn_003142,2026-06-10T23:52:00,2165.89,wallet,icici,issuer_declined,1,7,0,0.579,1,0,0
txn_003143,2026-07-04T23:27:00,127.49,card,yesbank,risk_block,1,14,1,0.662,15,1,0
txn_003144,2026-06-25T18:26:00,5567.22,upi,idfc,network_timeout,1,21,0,0.871,180,0,1
txn_003145,2026-07-06T22:28:00,3019.37,upi,hdfc,gateway_error,1,11,0,0.656,720,0,1
txn_003146,2026-07-26T21:58:00,1864.93,wallet,axis,bank_server_down,1,15,0,0.737,30,0,1
txn_003147,2026-06-03T03:10:00,191.22,card,axis,insufficient_funds,1,9,0,0.691,180,0,0
txn_003148,2026-07-20T10:34:00,2387.59,upi,idfc,risk_block,2,14,1,0.855,720,1,0
txn_003149,2026-06-06T02:41:00,3032.18,wallet,icici,invalid_otp,1,4,0,0.462,1,0,0
txn_003150,2026-06-11T21:19:00,483.42,upi,idfc,network_timeout,2,1,1,0.546,1,0,1
txn_003151,2026-06-05T10:21:00,1250.26,wallet,other,network_timeout,3,3,0,0.676,60,0,1
txn_003152,2026-07-17T06:42:00,679.71,netbanking,idfc,card_expired,1,21,0,0.636,720,0,0
txn_003153,2026-06-24T02:04:00,1740.56,card,kotak,gateway_error,1,19,0,0.483,5,0,1
txn_003154,2026-06-20T16:02:00,197.22,card,axis,gateway_error,1,15,0,0.659,5,0,0
txn_003155,2026-06-17T14:42:00,196.58,card,icici,network_timeout,1,14,0,0.755,5,0,0
txn_003156,2026-06-20T17:12:00,258.28,wallet,kotak,gateway_error,1,2,0,0.449,5,0,0
txn_003157,2026-07-17T15:55:00,1089.02,netbanking,idfc,invalid_otp,1,17,1,0.998,1,0,1
txn_003158,2026-06-30T21:51:00,858.51,card,idfc,issuer_declined,1,23,0,0.892,720,0,0
txn_003159,2026-06-15T14:41:00,3048.31,card,kotak,insufficient_funds,3,18,0,0.561,60,0,0
txn_003160,2026-06-27T12:47:00,2964.52,upi,hdfc,network_timeout,1,13,0,0.32,1,0,0
txn_003161,2026-06-15T20:29:00,2452.65,upi,idfc,bank_server_down,1,23,0,0.738,720,0,1
txn_003162,2026-07-24T15:34:00,358.31,wallet,other,gateway_error,1,11,0,0.653,180,0,1
txn_003163,2026-07-13T14:53:00,204.59,netbanking,other,gateway_error,1,17,0,0.819,15,0,1
txn_003164,2026-06-13T09:43:00,1954.71,upi,kotak,network_timeout,1,16,0,0.544,1,0,1
txn_003165,2026-07-17T01:42:00,431.36,wallet,axis,risk_block,1,22,0,0.64,180,1,0
txn_003166,2026-07-29T23:28:00,155.01,netbanking,yesbank,insufficient_funds,1,8,0,0.736,1,0,1
txn_003167,2026-07-04T12:48:00,1587.42,wallet,idfc,risk_block,2,21,0,0.943,720,1,0
txn_003168,2026-06-16T04:27:00,1741.76,card,sbi,issuer_declined,2,11,1,0.605,30,0,0
txn_003169,2026-07-10T08:42:00,278.68,card,axis,issuer_declined,2,22,1,0.395,30,0,0
txn_003170,2026-07-18T14:57:00,805.64,wallet,sbi,bank_server_down,1,7,0,0.621,15,0,0
txn_003171,2026-07-11T02:41:00,899.39,netbanking,sbi,insufficient_funds,1,15,0,0.592,180,0,1
txn_003172,2026-07-18T15:46:00,138.09,card,other,issuer_declined,1,5,0,0.497,5,0,0
txn_003173,2026-06-02T19:52:00,1356.75,netbanking,sbi,insufficient_funds,3,4,0,0.446,30,0,0
txn_003174,2026-06-26T23:53:00,4083.25,netbanking,axis,insufficient_funds,3,14,0,0.757,1,0,0
txn_003175,2026-07-24T12:10:00,2852.45,wallet,other,gateway_error,1,22,0,0.574,30,0,0
txn_003176,2026-06-14T15:45:00,6027.25,upi,hdfc,card_expired,1,10,1,0.952,1,0,0
txn_003177,2026-06-27T05:28:00,1553.16,card,idfc,invalid_otp,2,22,0,0.734,720,0,1
txn_003178,2026-06-20T02:05:00,7003.86,card,yesbank,bank_server_down,2,8,0,0.895,180,0,1
txn_003179,2026-06-24T22:31:00,1714.13,wallet,icici,card_expired,2,12,1,0.397,5,0,0
txn_003180,2026-07-05T09:07:00,1253.26,upi,idfc,bank_server_down,2,16,0,0.821,60,0,1
txn_003181,2026-07-01T07:34:00,694.53,card,other,insufficient_funds,1,3,0,0.555,15,0,0
txn_003182,2026-07-26T22:17:00,464.2,wallet,sbi,invalid_otp,1,18,0,0.832,60,0,1
txn_003183,2026-06-19T14:22:00,1888.6,upi,idfc,invalid_otp,1,2,0,0.938,5,0,0
txn_003184,2026-06-25T18:10:00,1638.49,upi,axis,issuer_declined,1,0,0,0.498,15,0,0
txn_003185,2026-07-24T11:03:00,1478.06,wallet,sbi,insufficient_funds,1,15,0,0.259,720,0,0
txn_003186,2026-06-24T19:05:00,985.13,upi,kotak,insufficient_funds,1,18,0,0.217,30,0,0
txn_003187,2026-06-10T12:55:00,118.21,upi,hdfc,insufficient_funds,1,23,0,0.462,180,0,0
txn_003188,2026-06-11T07:33:00,994.21,wallet,yesbank,insufficient_funds,1,12,1,0.683,1,0,0
txn_003189,2026-07-26T14:49:00,297.39,upi,kotak,network_timeout,1,4,0,0.636,1,0,1
txn_003190,2026-06-21T12:03:00,220.58,upi,idfc,issuer_declined,1,14,1,0.476,1,0,0
txn_003191,2026-07-30T09:03:00,532.2,upi,hdfc,insufficient_funds,1,5,0,0.493,5,0,1
txn_003192,2026-06-26T05:39:00,4468.08,card,other,insufficient_funds,1,17,0,0.704,720,0,0
txn_003193,2026-06-26T16:46:00,1640.19,wallet,icici,network_timeout,1,12,1,0.865,1,0,1
txn_003194,2026-07-09T08:09:00,16042.74,upi,idfc,bank_server_down,3,11,1,0.657,30,0,1
txn_003195,2026-07-01T18:12:00,79.22,upi,hdfc,insufficient_funds,1,8,0,0.735,15,0,0
txn_003196,2026-06-01T00:15:00,152.92,card,sbi,insufficient_funds,2,6,1,0.318,720,0,1
txn_003197,2026-07-18T02:26:00,289.93,upi,axis,network_timeout,1,13,0,0.589,30,0,1
txn_003198,2026-06-10T06:45:00,388.35,netbanking,other,gateway_error,2,3,0,0.75,720,0,1
txn_003199,2026-06-02T14:51:00,497.74,wallet,other,network_timeout,1,9,0,0.864,1,0,0
txn_003200,2026-06-06T08:07:00,1966.74,netbanking,yesbank,bank_server_down,2,22,0,0.62,15,0,1
txn_003201,2026-06-02T10:33:00,293.92,upi,hdfc,insufficient_funds,1,3,0,0.516,60,0,1
txn_003202,2026-07-17T21:28:00,545.32,upi,other,risk_block,1,0,1,0.628,5,1,0
txn_003203,2026-06-15T23:43:00,2566.58,netbanking,axis,invalid_otp,2,11,0,0.895,720,0,0
txn_003204,2026-07-13T16:34:00,1492.72,upi,kotak,insufficient_funds,2,9,0,0.861,5,0,0
txn_003205,2026-07-28T04:10:00,478.88,wallet,kotak,insufficient_funds,1,9,0,0.975,1,0,1
txn_003206,2026-06-13T15:38:00,1255.89,upi,idfc,invalid_otp,1,15,1,0.85,720,0,1
txn_003207,2026-06-25T00:58:00,856.99,card,idfc,invalid_otp,1,19,1,0.815,180,0,1
txn_003208,2026-06-19T09:36:00,505.21,netbanking,other,issuer_declined,2,3,0,0.843,5,0,0
txn_003209,2026-07-15T18:19:00,399.12,upi,axis,invalid_otp,1,13,1,0.978,15,0,0
txn_003210,2026-07-26T14:42:00,602.09,upi,icici,bank_server_down,1,17,1,0.818,5,0,1
txn_003211,2026-07-05T20:10:00,3321.37,upi,hdfc,issuer_declined,2,18,0,0.42,5,0,0
txn_003212,2026-06-08T01:51:00,430.05,netbanking,idfc,bank_server_down,1,11,0,0.869,15,0,1
txn_003213,2026-06-01T18:05:00,915.16,netbanking,axis,invalid_otp,1,11,0,0.356,60,0,1
txn_003214,2026-07-20T06:56:00,1163.78,netbanking,yesbank,insufficient_funds,2,7,0,0.641,1,0,1
txn_003215,2026-07-26T01:03:00,4690.49,netbanking,icici,issuer_declined,1,18,0,0.743,720,0,1
txn_003216,2026-06-10T12:30:00,551.04,upi,yesbank,issuer_declined,1,23,0,0.963,60,0,1
txn_003217,2026-07-15T13:33:00,2568.17,wallet,other,issuer_declined,1,22,0,0.788,1,0,0
txn_003218,2026-07-13T20:31:00,40.66,wallet,hdfc,risk_block,3,18,0,0.836,30,1,0
txn_003219,2026-07-13T00:54:00,63.52,netbanking,axis,insufficient_funds,2,20,0,0.54,15,0,0
txn_003220,2026-07-28T18:31:00,1185.5,wallet,sbi,invalid_otp,1,22,0,0.707,720,0,1
txn_003221,2026-06-02T22:00:00,320.69,upi,yesbank,invalid_otp,1,21,0,0.786,5,0,1
txn_003222,2026-07-03T05:48:00,139.61,wallet,axis,risk_block,2,16,0,0.446,180,1,0
txn_003223,2026-06-20T13:43:00,629.21,upi,icici,issuer_declined,2,21,1,0.587,15,0,0
txn_003224,2026-07-10T19:36:00,374.0,upi,icici,network_timeout,1,8,1,0.553,180,0,1
txn_003225,2026-06-30T10:57:00,578.95,card,idfc,issuer_declined,2,17,0,0.744,1,0,1
txn_003226,2026-07-07T15:06:00,157.37,wallet,kotak,gateway_error,1,6,1,0.523,60,0,1
txn_003227,2026-07-17T03:46:00,848.09,upi,hdfc,bank_server_down,1,19,1,0.882,180,0,1
txn_003228,2026-07-27T12:12:00,436.43,upi,idfc,issuer_declined,1,16,0,0.51,1,0,0
txn_003229,2026-07-05T08:44:00,336.72,card,kotak,insufficient_funds,1,22,1,0.755,5,0,1
txn_003230,2026-06-13T04:03:00,1604.27,wallet,axis,insufficient_funds,1,6,1,0.631,5,0,0
txn_003231,2026-07-15T14:36:00,67.79,card,hdfc,issuer_declined,2,20,0,0.703,1,0,0
txn_003232,2026-06-15T16:30:00,105.27,card,other,network_timeout,1,13,0,1.0,30,0,1
txn_003233,2026-07-07T04:24:00,53.41,upi,icici,invalid_otp,1,21,0,0.569,5,0,1
txn_003234,2026-07-15T21:13:00,971.41,wallet,hdfc,network_timeout,2,9,1,0.733,1,0,1
txn_003235,2026-06-16T19:18:00,1403.65,upi,other,bank_server_down,2,2,1,0.721,30,0,1
txn_003236,2026-06-15T03:10:00,867.48,card,other,card_expired,3,20,0,0.285,1,0,0
txn_003237,2026-07-18T00:29:00,1177.64,card,other,gateway_error,1,8,0,0.595,720,0,1
txn_003238,2026-06-15T11:58:00,307.69,card,sbi,issuer_declined,1,3,0,0.338,720,0,0
txn_003239,2026-06-14T16:35:00,662.94,upi,idfc,bank_server_down,1,21,0,0.802,180,0,0
txn_003240,2026-07-16T20:32:00,431.54,upi,kotak,card_expired,1,5,1,0.725,60,0,0
txn_003241,2026-07-12T19:07:00,2466.15,card,axis,bank_server_down,1,17,0,1.0,5,0,1
txn_003242,2026-07-14T04:35:00,6399.23,upi,idfc,gateway_error,1,20,1,0.349,1,0,1
txn_003243,2026-07-17T03:59:00,64.36,wallet,kotak,bank_server_down,1,7,0,0.817,720,0,1
txn_003244,2026-07-08T16:23:00,622.62,card,yesbank,bank_server_down,1,15,0,0.897,15,0,1
txn_003245,2026-06-25T10:55:00,282.24,card,other,insufficient_funds,1,18,0,0.279,1,0,0
txn_003246,2026-07-24T11:52:00,106.11,upi,sbi,bank_server_down,1,15,0,1.0,5,0,1
txn_003247,2026-07-17T05:35:00,3891.04,upi,idfc,card_expired,1,7,0,0.744,1,0,0
txn_003248,2026-06-30T00:28:00,322.08,upi,kotak,gateway_error,2,20,1,0.926,60,0,0
txn_003249,2026-07-16T17:35:00,814.76,upi,hdfc,bank_server_down,1,3,0,0.734,30,0,0
txn_003250,2026-06-07T00:05:00,176.78,card,icici,insufficient_funds,1,1,1,0.609,15,0,0
txn_003251,2026-07-16T02:14:00,570.44,wallet,yesbank,risk_block,1,15,0,0.551,1,1,0
txn_003252,2026-06-05T14:57:00,140.93,upi,yesbank,invalid_otp,1,10,0,0.443,720,0,1
txn_003253,2026-06-15T23:24:00,1892.65,upi,hdfc,card_expired,2,21,0,0.748,30,0,0
txn_003254,2026-07-27T09:58:00,1260.54,netbanking,idfc,bank_server_down,1,2,0,0.758,720,0,1
txn_003255,2026-07-04T22:13:00,145.3,netbanking,other,gateway_error,1,8,0,0.572,5,0,1
txn_003256,2026-06-11T11:54:00,1091.89,card,kotak,insufficient_funds,1,13,0,1.0,720,0,0
txn_003257,2026-06-13T13:42:00,379.33,netbanking,hdfc,card_expired,3,0,1,0.946,15,0,0
txn_003258,2026-06-27T12:10:00,3964.11,wallet,icici,issuer_declined,2,5,1,0.399,60,0,0
txn_003259,2026-07-02T04:30:00,250.59,upi,sbi,bank_server_down,2,22,0,0.509,1,0,1
txn_003260,2026-06-10T00:21:00,81.83,wallet,sbi,network_timeout,1,6,0,0.68,720,0,1
txn_003261,2026-06-13T01:40:00,632.15,wallet,other,bank_server_down,2,15,0,0.561,180,0,1
txn_003262,2026-07-26T01:11:00,373.19,wallet,other,bank_server_down,1,13,0,0.18,720,0,1
txn_003263,2026-07-05T07:43:00,3738.43,netbanking,hdfc,bank_server_down,1,19,0,0.644,180,0,1
txn_003264,2026-07-26T00:11:00,14193.23,wallet,idfc,risk_block,1,7,0,0.689,30,1,0
txn_003265,2026-06-30T10:48:00,713.46,wallet,hdfc,gateway_error,3,13,1,0.887,60,0,0
txn_003266,2026-06-14T16:54:00,3568.92,netbanking,hdfc,invalid_otp,1,8,0,0.823,15,0,1
txn_003267,2026-06-09T05:24:00,191.67,wallet,icici,network_timeout,1,14,0,0.291,30,0,1
txn_003268,2026-07-08T16:11:00,2483.63,card,icici,risk_block,1,0,1,1.0,1,1,0
txn_003269,2026-07-23T09:40:00,915.61,upi,hdfc,card_expired,1,17,0,0.894,1,0,1
txn_003270,2026-07-06T21:36:00,3010.66,card,sbi,invalid_otp,3,14,0,0.948,720,0,1
txn_003271,2026-07-07T18:00:00,1166.45,upi,other,issuer_declined,1,12,1,0.404,60,0,0
txn_003272,2026-07-26T23:25:00,203.5,card,idfc,gateway_error,1,7,1,0.713,15,0,0
txn_003273,2026-06-28T00:40:00,941.51,netbanking,hdfc,card_expired,1,11,0,0.671,15,0,0
txn_003274,2026-06-17T01:51:00,418.85,card,kotak,bank_server_down,1,20,0,0.96,720,0,1
txn_003275,2026-07-09T19:18:00,984.86,card,kotak,risk_block,2,0,0,0.648,15,1,0
txn_003276,2026-06-12T04:19:00,5023.55,upi,hdfc,invalid_otp,2,6,1,0.574,1,0,0
txn_003277,2026-07-11T20:59:00,689.6,wallet,yesbank,gateway_error,1,4,0,0.807,720,0,1
txn_003278,2026-07-05T10:12:00,310.14,card,axis,issuer_declined,1,9,0,0.574,15,0,0
txn_003279,2026-06-17T10:31:00,157.54,card,yesbank,insufficient_funds,1,2,1,0.62,30,0,0
txn_003280,2026-07-30T23:48:00,150.3,netbanking,sbi,invalid_otp,2,13,0,0.583,1,0,1
txn_003281,2026-07-17T16:41:00,1423.9,card,kotak,issuer_declined,1,21,1,0.684,60,0,0
txn_003282,2026-07-10T02:51:00,4739.18,upi,kotak,invalid_otp,2,6,0,0.71,180,0,0
txn_003283,2026-07-01T07:39:00,349.79,wallet,hdfc,insufficient_funds,1,2,0,0.949,180,0,0
txn_003284,2026-06-13T14:40:00,1746.55,card,kotak,risk_block,1,8,0,0.716,180,1,0
txn_003285,2026-07-29T16:19:00,1067.39,upi,yesbank,invalid_otp,1,8,0,0.858,1,0,1
txn_003286,2026-07-05T11:01:00,1699.75,upi,yesbank,network_timeout,1,20,0,0.757,15,0,1
txn_003287,2026-06-10T18:45:00,884.07,netbanking,kotak,bank_server_down,1,8,0,1.0,180,0,1
txn_003288,2026-07-28T13:36:00,772.83,upi,other,card_expired,1,10,0,0.806,15,0,0
txn_003289,2026-06-14T10:35:00,1534.26,card,sbi,insufficient_funds,2,10,0,0.596,180,0,0
txn_003290,2026-07-25T19:52:00,201.78,netbanking,other,risk_block,1,23,0,0.829,5,1,0
txn_003291,2026-06-18T00:05:00,97.8,netbanking,axis,invalid_otp,1,11,1,0.382,60,0,1
txn_003292,2026-07-22T04:42:00,588.78,upi,yesbank,issuer_declined,1,16,1,0.816,1,0,0
txn_003293,2026-06-30T01:42:00,277.21,netbanking,kotak,network_timeout,2,22,0,0.724,30,0,1
txn_003294,2026-06-13T00:42:00,795.67,wallet,other,invalid_otp,1,14,0,0.552,60,0,0
txn_003295,2026-06-24T15:19:00,159.19,netbanking,sbi,insufficient_funds,2,18,0,0.856,1,0,0
txn_003296,2026-06-10T05:09:00,318.36,netbanking,other,gateway_error,2,20,0,0.726,30,0,1
txn_003297,2026-07-06T22:25:00,277.66,upi,hdfc,card_expired,1,6,0,0.849,180,0,1
txn_003298,2026-07-09T06:09:00,504.55,netbanking,sbi,invalid_otp,1,15,1,0.672,5,0,1
txn_003299,2026-06-17T05:52:00,63.08,upi,axis,bank_server_down,1,6,1,0.713,720,0,1
txn_003300,2026-06-28T00:17:00,89.49,card,hdfc,insufficient_funds,2,12,0,0.665,60,0,1
txn_003301,2026-06-04T11:18:00,531.51,card,icici,insufficient_funds,1,4,0,0.799,15,0,0
txn_003302,2026-07-20T11:02:00,25.79,wallet,hdfc,network_timeout,1,7,0,0.448,1,0,1
txn_003303,2026-06-10T12:47:00,129.99,upi,other,insufficient_funds,1,16,0,0.859,180,0,1
txn_003304,2026-07-04T04:36:00,4470.69,wallet,hdfc,invalid_otp,2,8,0,0.558,180,0,1
txn_003305,2026-07-25T21:43:00,1399.59,upi,axis,network_timeout,2,20,0,0.497,15,0,0
txn_003306,2026-06-18T14:55:00,749.94,upi,axis,gateway_error,1,12,0,0.738,15,0,0
txn_003307,2026-07-13T15:41:00,57.55,card,hdfc,bank_server_down,1,5,1,0.763,30,0,1
txn_003308,2026-07-02T02:00:00,143.0,netbanking,other,bank_server_down,1,19,0,0.603,5,0,1
txn_003309,2026-07-06T08:13:00,3476.82,wallet,sbi,insufficient_funds,2,1,1,0.633,720,0,0
txn_003310,2026-07-17T22:10:00,1625.16,card,hdfc,gateway_error,1,23,0,1.0,180,0,1
txn_003311,2026-07-13T06:33:00,245.81,upi,icici,issuer_declined,2,0,0,0.743,15,0,0
txn_003312,2026-07-12T07:30:00,170.57,card,icici,gateway_error,1,22,0,0.326,720,0,0
txn_003313,2026-07-29T16:32:00,557.95,wallet,axis,gateway_error,1,14,1,0.764,60,0,1
txn_003314,2026-07-13T11:19:00,159.44,wallet,kotak,network_timeout,2,7,0,0.626,15,0,1
txn_003315,2026-06-21T03:00:00,211.98,card,yesbank,bank_server_down,2,12,0,0.572,30,0,1
txn_003316,2026-06-03T17:49:00,79.53,netbanking,icici,invalid_otp,1,1,1,0.645,30,0,0
txn_003317,2026-07-28T10:48:00,3480.52,upi,yesbank,insufficient_funds,3,2,0,0.944,30,0,0
txn_003318,2026-07-29T11:26:00,199.61,card,axis,issuer_declined,2,15,1,0.449,15,0,0
txn_003319,2026-06-02T13:48:00,67.23,netbanking,axis,invalid_otp,1,9,1,0.733,60,0,0
txn_003320,2026-07-02T23:33:00,3073.24,upi,yesbank,network_timeout,2,12,1,0.759,60,0,1
txn_003321,2026-07-27T00:40:00,2039.81,card,kotak,gateway_error,1,18,1,0.655,60,0,1
txn_003322,2026-06-27T10:01:00,642.82,card,kotak,invalid_otp,2,22,1,0.611,720,0,1
txn_003323,2026-07-29T02:35:00,664.82,wallet,kotak,bank_server_down,1,20,1,0.735,30,0,1
txn_003324,2026-07-10T20:59:00,555.46,netbanking,icici,insufficient_funds,1,22,0,0.578,5,0,1
txn_003325,2026-06-01T15:20:00,473.89,card,axis,network_timeout,2,21,0,0.89,30,0,1
txn_003326,2026-07-24T22:48:00,405.66,upi,other,bank_server_down,2,4,0,0.429,720,0,1
txn_003327,2026-06-01T15:31:00,328.09,wallet,yesbank,insufficient_funds,1,20,0,0.69,180,0,0
txn_003328,2026-06-21T13:21:00,337.29,netbanking,other,invalid_otp,1,16,0,0.504,60,0,1
txn_003329,2026-06-12T14:37:00,227.21,card,icici,card_expired,1,15,0,0.623,5,0,0
txn_003330,2026-07-09T14:03:00,1894.52,netbanking,sbi,gateway_error,2,12,0,0.984,15,0,1
txn_003331,2026-07-13T02:17:00,268.41,netbanking,kotak,issuer_declined,2,3,1,0.691,1,0,0
txn_003332,2026-06-10T00:22:00,2333.89,upi,sbi,risk_block,2,20,1,0.559,180,1,1
txn_003333,2026-07-25T18:09:00,193.68,wallet,icici,insufficient_funds,3,15,0,0.543,15,0,1
txn_003334,2026-07-19T22:58:00,297.85,upi,other,insufficient_funds,1,8,1,0.693,720,0,0
txn_003335,2026-06-03T23:57:00,758.03,card,sbi,invalid_otp,1,12,1,0.573,60,0,0
txn_003336,2026-07-06T00:40:00,533.54,card,other,insufficient_funds,1,13,0,0.958,5,0,1
txn_003337,2026-07-18T16:27:00,679.78,card,idfc,bank_server_down,1,7,1,0.804,60,0,0
txn_003338,2026-06-16T03:17:00,228.19,card,sbi,issuer_declined,1,1,0,0.89,180,0,0
txn_003339,2026-06-06T09:59:00,2642.53,wallet,idfc,insufficient_funds,1,3,0,0.904,60,0,0
txn_003340,2026-07-08T05:15:00,2122.3,card,other,network_timeout,2,5,0,0.587,5,0,1
txn_003341,2026-06-25T12:21:00,1133.45,card,kotak,insufficient_funds,1,12,1,1.0,30,0,0
txn_003342,2026-07-30T02:45:00,1301.04,netbanking,icici,invalid_otp,2,7,0,0.5,5,0,0
txn_003343,2026-06-19T22:17:00,3024.53,wallet,axis,bank_server_down,1,3,0,0.57,60,0,1
txn_003344,2026-07-30T22:49:00,1467.18,card,idfc,insufficient_funds,3,21,0,0.658,60,0,0
txn_003345,2026-06-08T08:40:00,488.77,upi,sbi,insufficient_funds,2,16,0,0.867,15,0,0
txn_003346,2026-06-05T00:21:00,1085.57,upi,other,issuer_declined,1,10,0,0.709,15,0,1
txn_003347,2026-07-21T17:45:00,701.01,card,idfc,card_expired,1,23,0,0.94,1,0,0
txn_003348,2026-07-11T15:05:00,612.05,upi,yesbank,invalid_otp,1,18,0,0.804,180,0,0
txn_003349,2026-07-01T21:33:00,2248.19,card,sbi,bank_server_down,1,0,0,0.479,1,0,1
txn_003350,2026-06-04T09:12:00,1561.95,upi,sbi,invalid_otp,1,4,1,0.311,15,0,0
txn_003351,2026-07-03T17:25:00,766.47,netbanking,icici,insufficient_funds,1,20,0,0.601,1,0,0
txn_003352,2026-07-11T00:02:00,749.59,wallet,other,issuer_declined,3,14,0,1.0,60,0,0
txn_003353,2026-06-08T07:51:00,5314.29,upi,icici,insufficient_funds,2,1,0,0.72,15,0,0
txn_003354,2026-07-21T12:59:00,286.53,netbanking,sbi,card_expired,1,18,0,0.723,720,0,0
txn_003355,2026-07-09T19:02:00,440.87,card,other,issuer_declined,1,4,0,0.632,60,0,0
txn_003356,2026-07-03T01:43:00,764.08,netbanking,other,issuer_declined,1,9,0,0.766,1,0,1
txn_003357,2026-07-12T10:13:00,1577.88,netbanking,yesbank,bank_server_down,1,14,0,0.475,60,0,1
txn_003358,2026-06-06T23:27:00,463.92,upi,kotak,insufficient_funds,2,23,0,0.51,15,0,0
txn_003359,2026-06-10T09:25:00,133.49,wallet,icici,card_expired,1,11,0,0.61,60,0,0
txn_003360,2026-06-10T19:48:00,235.61,card,sbi,invalid_otp,3,19,0,0.637,60,0,1
txn_003361,2026-07-01T04:55:00,1325.99,wallet,other,issuer_declined,2,6,0,0.207,720,0,0
txn_003362,2026-07-18T00:55:00,333.21,wallet,icici,invalid_otp,2,15,1,0.888,30,0,1
txn_003363,2026-06-29T19:09:00,77.85,card,idfc,card_expired,1,2,0,0.5,15,0,0
txn_003364,2026-06-30T05:51:00,524.65,upi,kotak,card_expired,2,23,1,0.89,180,0,0
txn_003365,2026-07-27T12:58:00,72.11,upi,sbi,insufficient_funds,3,9,1,0.966,15,0,0
txn_003366,2026-06-20T02:06:00,829.53,wallet,idfc,bank_server_down,1,3,0,0.765,60,0,1
txn_003367,2026-06-17T01:26:00,830.48,card,yesbank,insufficient_funds,2,5,0,0.898,180,0,1
txn_003368,2026-06-19T21:38:00,370.56,upi,sbi,issuer_declined,1,15,1,0.627,180,0,0
txn_003369,2026-06-04T00:44:00,696.41,netbanking,sbi,bank_server_down,1,4,0,0.782,180,0,1
txn_003370,2026-07-05T03:59:00,1075.8,upi,hdfc,insufficient_funds,1,7,0,0.799,1,0,1
txn_003371,2026-06-16T13:40:00,1344.83,card,axis,gateway_error,2,2,0,0.509,30,0,1
txn_003372,2026-07-05T17:01:00,198.27,upi,yesbank,bank_server_down,1,23,1,0.878,180,0,1
txn_003373,2026-06-23T08:59:00,115.78,netbanking,hdfc,gateway_error,1,21,0,0.503,720,0,1
txn_003374,2026-06-07T23:54:00,1732.73,wallet,sbi,bank_server_down,3,10,0,0.859,1,0,0
txn_003375,2026-07-17T02:38:00,152.24,card,hdfc,gateway_error,1,16,0,0.534,5,0,1
txn_003376,2026-07-21T12:00:00,2228.02,netbanking,idfc,network_timeout,1,21,1,0.913,60,0,1
txn_003377,2026-07-03T17:29:00,4294.49,card,kotak,insufficient_funds,2,14,0,0.668,720,0,1
txn_003378,2026-07-04T16:52:00,1602.28,card,axis,network_timeout,1,4,0,0.574,15,0,1
txn_003379,2026-07-07T04:50:00,140.35,wallet,yesbank,insufficient_funds,1,12,0,0.493,180,0,1
txn_003380,2026-07-23T06:15:00,1074.62,wallet,other,bank_server_down,1,5,0,0.724,5,0,1
txn_003381,2026-06-09T06:35:00,2330.36,upi,idfc,insufficient_funds,1,3,0,0.73,1,0,0
txn_003382,2026-06-01T04:19:00,532.52,card,hdfc,risk_block,1,4,1,0.529,720,1,0
txn_003383,2026-06-12T23:16:00,2112.29,card,kotak,issuer_declined,1,4,1,0.791,5,0,0
txn_003384,2026-07-15T10:43:00,134.09,upi,hdfc,issuer_declined,2,5,0,0.706,1,0,0
txn_003385,2026-07-18T06:44:00,362.38,card,yesbank,card_expired,1,10,0,1.0,5,0,0
txn_003386,2026-06-01T07:35:00,5459.18,wallet,idfc,bank_server_down,1,19,0,0.848,1,0,0
txn_003387,2026-06-07T06:25:00,509.25,upi,other,card_expired,2,6,0,0.606,180,0,1
txn_003388,2026-07-20T12:08:00,333.2,card,idfc,network_timeout,2,10,0,0.438,720,0,1
txn_003389,2026-06-21T07:20:00,208.59,card,kotak,issuer_declined,1,2,1,0.789,5,0,0
txn_003390,2026-06-03T11:52:00,666.93,upi,axis,insufficient_funds,1,5,0,0.682,5,0,0
txn_003391,2026-06-23T21:42:00,6495.27,netbanking,hdfc,issuer_declined,1,8,0,0.658,60,0,0
txn_003392,2026-06-26T10:40:00,1329.88,wallet,other,issuer_declined,1,20,0,0.779,180,0,1
txn_003393,2026-07-18T12:57:00,348.65,card,axis,network_timeout,1,6,0,0.879,720,0,1
txn_003394,2026-07-14T21:25:00,6360.5,netbanking,icici,network_timeout,1,19,1,1.0,15,0,1
txn_003395,2026-06-01T12:24:00,4453.72,netbanking,hdfc,bank_server_down,1,11,0,0.771,180,0,1
txn_003396,2026-07-02T20:45:00,874.43,wallet,icici,network_timeout,1,9,0,0.651,180,0,1
txn_003397,2026-06-13T16:31:00,940.32,upi,kotak,insufficient_funds,1,20,0,0.398,60,0,1
txn_003398,2026-06-11T01:32:00,462.92,upi,sbi,network_timeout,2,21,0,0.643,180,0,1
txn_003399,2026-07-17T04:25:00,418.27,upi,yesbank,issuer_declined,1,20,0,0.539,30,0,0
txn_003400,2026-06-30T13:46:00,1891.07,netbanking,hdfc,insufficient_funds,1,9,0,0.58,720,0,1
txn_003401,2026-06-06T08:08:00,555.21,card,hdfc,issuer_declined,1,23,0,0.658,5,0,0
txn_003402,2026-06-03T17:53:00,1602.86,card,other,invalid_otp,1,3,1,0.509,60,0,1
txn_003403,2026-07-13T04:37:00,1180.71,netbanking,axis,invalid_otp,2,11,1,0.503,15,0,1
txn_003404,2026-07-18T17:08:00,414.64,wallet,idfc,insufficient_funds,2,13,0,1.0,180,0,1
txn_003405,2026-06-28T01:29:00,1089.96,upi,icici,insufficient_funds,3,9,0,0.693,30,0,0
txn_003406,2026-06-06T14:51:00,1589.06,upi,icici,gateway_error,1,22,0,0.671,720,0,1
txn_003407,2026-06-27T07:41:00,6321.82,card,icici,network_timeout,1,18,1,0.596,180,0,0
txn_003408,2026-07-12T11:30:00,1033.13,netbanking,icici,insufficient_funds,1,0,0,0.806,180,0,0
txn_003409,2026-06-07T13:13:00,331.09,upi,idfc,card_expired,1,14,0,0.794,60,0,0
txn_003410,2026-06-12T02:52:00,3127.0,upi,yesbank,bank_server_down,1,21,1,0.744,1,0,0
txn_003411,2026-07-29T21:44:00,2445.08,wallet,sbi,insufficient_funds,2,3,1,0.604,1,0,0
txn_003412,2026-06-18T00:16:00,1581.55,netbanking,hdfc,risk_block,1,10,0,0.646,30,1,0
txn_003413,2026-07-10T18:32:00,470.07,wallet,sbi,insufficient_funds,1,20,0,0.7,1,0,0
txn_003414,2026-07-26T19:20:00,969.95,upi,idfc,issuer_declined,1,7,0,0.748,60,0,0
txn_003415,2026-06-11T01:36:00,418.46,upi,icici,card_expired,1,19,0,0.883,60,0,0
txn_003416,2026-07-03T09:34:00,703.34,card,sbi,gateway_error,1,9,0,0.356,60,0,1
txn_003417,2026-07-25T04:16:00,5928.2,card,kotak,bank_server_down,1,4,0,0.789,180,0,1
txn_003418,2026-07-13T15:04:00,1419.23,wallet,kotak,risk_block,3,1,0,0.856,5,1,0
txn_003419,2026-07-15T21:20:00,136.9,netbanking,axis,insufficient_funds,1,15,0,0.606,60,0,1
txn_003420,2026-06-09T20:05:00,3828.13,card,kotak,insufficient_funds,1,7,0,0.578,5,0,0
txn_003421,2026-06-14T17:55:00,288.74,wallet,sbi,gateway_error,1,2,0,0.763,720,0,0
txn_003422,2026-06-11T01:04:00,1149.0,netbanking,icici,invalid_otp,2,12,1,0.9,60,0,1
txn_003423,2026-06-19T19:43:00,1651.77,upi,kotak,gateway_error,1,15,0,0.722,60,0,1
txn_003424,2026-06-03T09:54:00,333.65,netbanking,hdfc,insufficient_funds,1,20,0,0.768,1,0,0
txn_003425,2026-07-16T23:12:00,949.92,netbanking,hdfc,invalid_otp,2,6,1,0.744,180,0,1
txn_003426,2026-06-05T09:14:00,452.38,netbanking,yesbank,issuer_declined,2,18,0,0.807,30,0,1
txn_003427,2026-06-20T03:49:00,587.41,card,hdfc,network_timeout,1,3,0,0.698,60,0,0
txn_003428,2026-07-04T19:13:00,168.13,netbanking,hdfc,network_timeout,2,18,0,1.0,30,0,1
txn_003429,2026-06-13T00:57:00,208.12,upi,kotak,insufficient_funds,2,20,0,1.0,15,0,0
txn_003430,2026-07-21T12:53:00,1144.08,netbanking,hdfc,risk_block,3,17,0,0.786,30,1,0
txn_003431,2026-07-15T22:43:00,611.82,netbanking,idfc,network_timeout,1,6,0,0.875,15,0,1
txn_003432,2026-06-14T01:03:00,105.5,card,other,bank_server_down,1,22,1,0.731,1,0,1
txn_003433,2026-07-15T12:22:00,1606.17,upi,sbi,issuer_declined,1,3,0,0.494,60,0,0
txn_003434,2026-06-21T07:59:00,2237.53,netbanking,icici,issuer_declined,2,18,1,0.709,60,0,1
txn_003435,2026-06-10T12:37:00,1373.96,netbanking,idfc,issuer_declined,2,20,1,1.0,30,0,1
txn_003436,2026-07-24T05:21:00,242.53,netbanking,hdfc,insufficient_funds,1,23,0,0.605,15,0,0
txn_003437,2026-07-24T05:55:00,425.07,upi,yesbank,insufficient_funds,2,12,0,0.418,720,0,1
txn_003438,2026-07-29T03:54:00,150.55,netbanking,yesbank,network_timeout,1,2,0,0.473,30,0,1
txn_003439,2026-06-06T15:18:00,11668.49,netbanking,axis,bank_server_down,1,21,0,0.759,180,0,1
txn_003440,2026-06-17T08:36:00,90.17,wallet,yesbank,card_expired,1,19,0,0.772,5,0,0
txn_003441,2026-06-15T12:45:00,194.55,upi,hdfc,issuer_declined,1,10,1,0.324,1,0,0
txn_003442,2026-07-11T13:49:00,743.28,wallet,other,insufficient_funds,1,1,1,1.0,60,0,0
txn_003443,2026-07-29T03:04:00,219.39,card,kotak,card_expired,1,13,0,0.494,15,0,0
txn_003444,2026-07-05T07:35:00,847.33,netbanking,kotak,gateway_error,1,7,0,0.864,5,0,1
txn_003445,2026-06-21T07:00:00,290.58,wallet,hdfc,gateway_error,2,1,1,0.881,5,0,0
txn_003446,2026-06-21T13:28:00,289.56,netbanking,axis,risk_block,3,15,0,0.784,180,1,0
txn_003447,2026-07-21T23:29:00,841.71,card,kotak,gateway_error,1,20,0,0.725,5,0,0
txn_003448,2026-06-05T04:06:00,3415.94,netbanking,other,card_expired,1,4,0,0.776,60,0,0
txn_003449,2026-06-18T07:18:00,2798.78,netbanking,hdfc,issuer_declined,1,14,0,0.841,1,0,0
txn_003450,2026-06-17T10:53:00,2630.28,netbanking,other,gateway_error,1,22,1,0.806,30,0,1
txn_003451,2026-07-29T08:51:00,196.77,wallet,kotak,gateway_error,2,2,0,0.823,30,0,0
txn_003452,2026-07-14T03:37:00,1089.56,card,kotak,bank_server_down,1,17,0,0.835,15,0,1
txn_003453,2026-07-24T12:52:00,115.59,wallet,icici,insufficient_funds,1,8,0,0.571,1,0,1
txn_003454,2026-06-01T00:19:00,567.65,wallet,axis,insufficient_funds,2,16,1,0.506,30,0,0
txn_003455,2026-06-15T20:54:00,1325.35,netbanking,other,insufficient_funds,1,3,0,0.708,5,0,0
txn_003456,2026-06-02T06:18:00,137.81,netbanking,idfc,network_timeout,1,15,0,0.616,180,0,1
txn_003457,2026-07-23T15:29:00,907.21,netbanking,axis,bank_server_down,1,11,0,0.578,5,0,1
txn_003458,2026-06-02T00:24:00,357.97,upi,yesbank,bank_server_down,2,12,0,0.632,720,0,1
txn_003459,2026-07-12T00:39:00,211.92,wallet,idfc,insufficient_funds,1,8,0,0.564,720,0,0
txn_003460,2026-06-29T06:48:00,1309.3,netbanking,axis,insufficient_funds,2,4,0,0.496,5,0,0
txn_003461,2026-06-05T06:09:00,347.05,card,kotak,bank_server_down,2,16,0,0.501,60,0,1
txn_003462,2026-06-18T14:46:00,172.62,wallet,idfc,card_expired,1,15,1,0.625,30,0,0
txn_003463,2026-07-16T01:52:00,1568.3,upi,yesbank,network_timeout,1,23,0,0.636,180,0,1
txn_003464,2026-07-07T03:30:00,3934.13,netbanking,hdfc,insufficient_funds,1,3,0,0.736,5,0,0
txn_003465,2026-06-12T11:09:00,2168.06,wallet,other,invalid_otp,1,23,1,0.621,180,0,1
txn_003466,2026-07-12T12:22:00,579.9,wallet,idfc,bank_server_down,1,14,1,0.625,60,0,1
txn_003467,2026-07-02T01:11:00,808.39,card,axis,card_expired,1,0,0,0.728,30,0,0
txn_003468,2026-06-09T09:08:00,2895.76,netbanking,other,bank_server_down,3,5,0,0.37,15,0,1
txn_003469,2026-07-06T14:34:00,1954.43,upi,other,issuer_declined,3,15,0,0.425,1,0,0
txn_003470,2026-06-23T06:49:00,364.42,netbanking,yesbank,gateway_error,1,12,0,0.709,5,0,0
txn_003471,2026-07-11T20:51:00,446.08,card,icici,bank_server_down,1,19,1,0.628,60,0,1
txn_003472,2026-06-25T04:32:00,1389.06,card,icici,network_timeout,2,11,0,0.898,5,0,1
txn_003473,2026-06-21T23:25:00,366.27,card,yesbank,issuer_declined,2,6,0,0.54,720,0,0
txn_003474,2026-07-07T18:07:00,238.34,wallet,axis,network_timeout,1,9,0,0.624,1,0,1
txn_003475,2026-06-27T19:24:00,2064.4,card,sbi,gateway_error,2,20,1,0.754,720,0,0
txn_003476,2026-06-16T10:14:00,365.79,card,icici,insufficient_funds,2,6,0,0.605,180,0,0
txn_003477,2026-06-10T13:03:00,719.91,card,other,insufficient_funds,1,19,0,0.836,720,0,0
txn_003478,2026-06-22T14:47:00,643.79,upi,yesbank,bank_server_down,2,13,0,0.628,60,0,1
txn_003479,2026-06-25T23:00:00,1847.25,upi,hdfc,insufficient_funds,1,22,1,1.0,720,0,1
txn_003480,2026-07-30T16:14:00,383.13,card,idfc,insufficient_funds,1,23,0,0.877,15,0,0
txn_003481,2026-06-05T07:05:00,1681.82,card,icici,invalid_otp,1,23,0,1.0,60,0,0
txn_003482,2026-07-23T05:48:00,521.21,upi,axis,invalid_otp,3,20,0,0.685,720,0,0
txn_003483,2026-07-26T07:40:00,437.08,card,idfc,bank_server_down,1,9,1,0.333,180,0,1
txn_003484,2026-07-10T07:49:00,324.62,card,hdfc,network_timeout,2,20,0,0.641,720,0,1
txn_003485,2026-06-09T20:29:00,1776.32,netbanking,hdfc,issuer_declined,1,19,0,0.652,15,0,1
txn_003486,2026-07-04T15:24:00,174.22,card,sbi,invalid_otp,2,14,0,0.738,180,0,1
txn_003487,2026-07-03T19:01:00,162.81,upi,hdfc,insufficient_funds,1,18,1,0.748,180,0,1
txn_003488,2026-07-17T20:32:00,815.43,netbanking,idfc,insufficient_funds,1,8,0,0.703,1,0,0
txn_003489,2026-07-14T12:46:00,7576.61,card,yesbank,invalid_otp,1,20,0,0.818,60,0,1
txn_003490,2026-07-03T07:01:00,363.43,wallet,other,insufficient_funds,1,1,0,0.477,180,0,0
txn_003491,2026-06-11T16:53:00,280.16,upi,other,insufficient_funds,1,17,1,1.0,15,0,0
txn_003492,2026-06-13T07:16:00,1019.79,upi,yesbank,gateway_error,3,1,1,0.533,180,0,0
txn_003493,2026-06-08T03:05:00,363.94,netbanking,icici,invalid_otp,1,10,0,0.619,720,0,1
txn_003494,2026-06-18T08:42:00,1970.61,upi,sbi,bank_server_down,3,22,0,0.651,720,0,1
txn_003495,2026-06-15T08:10:00,270.84,upi,yesbank,invalid_otp,1,15,0,1.0,60,0,0
txn_003496,2026-06-09T00:19:00,79.21,upi,idfc,bank_server_down,1,2,1,0.878,60,0,1
txn_003497,2026-06-23T08:49:00,140.96,upi,hdfc,gateway_error,1,18,0,0.32,180,0,1
txn_003498,2026-06-25T00:21:00,672.06,card,idfc,insufficient_funds,1,7,0,0.894,1,0,0
txn_003499,2026-06-25T14:32:00,4286.6,upi,yesbank,invalid_otp,2,23,0,0.568,1,0,1
txn_003500,2026-06-27T02:16:00,761.95,upi,idfc,insufficient_funds,1,10,0,0.986,30,0,1
txn_003501,2026-06-08T15:40:00,1809.4,upi,hdfc,gateway_error,3,2,0,0.696,60,0,0
txn_003502,2026-06-13T12:52:00,845.72,netbanking,icici,network_timeout,1,22,0,0.61,180,0,1
txn_003503,2026-06-15T02:25:00,745.18,card,sbi,insufficient_funds,2,16,0,0.837,180,0,1
txn_003504,2026-07-17T22:33:00,251.4,wallet,sbi,invalid_otp,2,20,0,0.826,15,0,0
txn_003505,2026-06-02T09:13:00,1472.49,card,icici,issuer_declined,1,11,1,0.841,1,0,1
txn_003506,2026-06-03T12:42:00,368.51,card,icici,insufficient_funds,1,9,1,0.497,180,0,0
txn_003507,2026-06-28T19:58:00,1491.24,netbanking,yesbank,gateway_error,1,23,1,0.248,5,0,1
txn_003508,2026-06-28T19:51:00,1487.4,wallet,other,card_expired,2,16,0,0.542,30,0,0
txn_003509,2026-06-18T07:03:00,126.96,card,yesbank,insufficient_funds,2,13,0,0.631,30,0,0
txn_003510,2026-06-17T17:59:00,3008.74,wallet,hdfc,insufficient_funds,1,3,0,0.605,720,0,0
txn_003511,2026-06-22T03:27:00,374.91,upi,icici,insufficient_funds,2,7,1,0.939,1,0,0
txn_003512,2026-06-04T14:39:00,534.84,wallet,icici,insufficient_funds,1,19,0,0.528,30,0,0
txn_003513,2026-07-17T22:44:00,159.81,upi,yesbank,network_timeout,1,14,1,0.92,15,0,1
txn_003514,2026-07-23T20:41:00,413.86,card,idfc,network_timeout,1,5,0,0.792,15,0,1
txn_003515,2026-07-28T01:51:00,1988.8,wallet,icici,risk_block,2,17,0,0.677,180,1,0
txn_003516,2026-06-28T22:18:00,940.0,wallet,kotak,insufficient_funds,1,1,1,0.704,15,0,1
txn_003517,2026-07-20T00:30:00,487.87,wallet,axis,gateway_error,1,1,0,0.15,30,0,1
txn_003518,2026-07-18T03:19:00,803.66,wallet,icici,card_expired,1,22,0,0.82,60,0,0
txn_003519,2026-07-08T19:26:00,606.84,netbanking,sbi,issuer_declined,2,7,0,0.481,60,0,1
txn_003520,2026-07-25T17:11:00,109.13,netbanking,icici,network_timeout,2,20,0,0.487,1,0,0
txn_003521,2026-06-18T19:49:00,5289.61,upi,other,issuer_declined,1,9,0,0.766,1,0,1
txn_003522,2026-06-12T13:49:00,300.46,netbanking,icici,insufficient_funds,1,11,0,0.834,15,0,1
txn_003523,2026-07-10T05:41:00,286.57,netbanking,yesbank,bank_server_down,2,20,1,0.898,180,0,1
txn_003524,2026-06-07T15:07:00,1210.77,wallet,kotak,bank_server_down,2,9,1,0.729,5,0,1
txn_003525,2026-06-22T02:32:00,232.07,netbanking,idfc,insufficient_funds,1,21,1,0.66,30,0,0
txn_003526,2026-06-17T07:50:00,220.73,netbanking,hdfc,network_timeout,2,5,0,0.545,60,0,1
txn_003527,2026-07-18T07:36:00,1042.66,upi,idfc,insufficient_funds,2,18,0,0.561,15,0,0
txn_003528,2026-07-19T22:46:00,326.67,netbanking,sbi,bank_server_down,3,8,1,0.771,180,0,1
txn_003529,2026-07-13T10:32:00,1290.49,wallet,idfc,card_expired,3,13,1,0.876,180,0,0
txn_003530,2026-06-20T06:40:00,818.42,wallet,other,bank_server_down,1,18,0,0.588,15,0,1
txn_003531,2026-07-25T09:09:00,1752.91,card,sbi,bank_server_down,1,21,1,0.775,30,0,1
txn_003532,2026-07-19T05:20:00,641.84,card,idfc,risk_block,1,17,0,0.521,180,1,0
txn_003533,2026-06-15T23:08:00,134.95,card,hdfc,network_timeout,1,5,0,0.951,15,0,0
txn_003534,2026-07-26T11:23:00,434.72,wallet,other,insufficient_funds,1,16,0,0.726,15,0,0
txn_003535,2026-07-22T22:56:00,515.01,netbanking,idfc,network_timeout,2,23,0,0.902,5,0,1
txn_003536,2026-07-05T14:14:00,1886.73,card,icici,network_timeout,1,12,1,0.881,15,0,1
txn_003537,2026-07-13T07:37:00,1587.12,card,idfc,insufficient_funds,1,11,1,0.716,15,0,1
txn_003538,2026-06-18T00:10:00,348.19,card,idfc,risk_block,1,10,1,0.787,5,1,0
txn_003539,2026-07-24T23:47:00,2655.64,netbanking,idfc,gateway_error,1,12,1,0.87,1,0,1
txn_003540,2026-07-15T17:26:00,3943.79,wallet,yesbank,insufficient_funds,2,5,0,0.643,1,0,1
txn_003541,2026-06-14T06:34:00,245.59,upi,sbi,card_expired,2,21,0,0.542,15,0,0
txn_003542,2026-07-05T01:49:00,349.54,card,yesbank,insufficient_funds,2,17,0,0.264,1,0,0
txn_003543,2026-06-02T06:42:00,6885.68,card,sbi,invalid_otp,2,11,0,0.325,5,0,1
txn_003544,2026-06-17T14:41:00,733.18,card,axis,network_timeout,1,6,0,0.778,720,0,1
txn_003545,2026-06-17T23:13:00,420.09,wallet,idfc,risk_block,1,17,0,0.597,1,1,1
txn_003546,2026-06-08T22:02:00,264.38,wallet,yesbank,issuer_declined,1,8,0,0.75,5,0,0
txn_003547,2026-07-16T19:28:00,1491.83,upi,axis,bank_server_down,1,5,0,0.472,180,0,1
txn_003548,2026-06-20T12:04:00,1120.19,netbanking,kotak,invalid_otp,2,7,0,1.0,720,0,0
txn_003549,2026-07-08T21:44:00,1001.23,netbanking,hdfc,insufficient_funds,3,16,1,0.851,1,0,0
txn_003550,2026-06-25T10:57:00,1021.77,upi,hdfc,gateway_error,2,1,1,0.758,30,0,1
txn_003551,2026-06-17T08:00:00,263.51,netbanking,sbi,issuer_declined,1,8,1,0.81,180,0,0
txn_003552,2026-07-11T06:51:00,321.55,card,icici,insufficient_funds,2,3,0,0.875,60,0,0
txn_003553,2026-06-27T22:59:00,1258.73,upi,icici,bank_server_down,2,22,0,0.498,5,0,1
txn_003554,2026-06-14T13:21:00,192.5,netbanking,icici,issuer_declined,1,13,0,0.703,30,0,0
txn_003555,2026-07-23T04:30:00,125.15,wallet,idfc,invalid_otp,1,2,0,0.953,30,0,1
txn_003556,2026-07-17T07:01:00,2521.27,upi,kotak,insufficient_funds,2,11,0,0.917,180,0,0
txn_003557,2026-07-25T08:02:00,492.29,upi,idfc,bank_server_down,1,13,0,0.375,60,0,1
txn_003558,2026-06-10T11:29:00,335.58,wallet,other,network_timeout,1,4,1,0.611,720,0,0
txn_003559,2026-07-10T02:58:00,2208.23,card,other,risk_block,1,6,0,0.874,720,1,0
txn_003560,2026-06-10T19:18:00,614.41,wallet,other,insufficient_funds,1,8,1,0.909,5,0,0
txn_003561,2026-06-17T01:54:00,6118.84,wallet,axis,issuer_declined,1,18,1,0.632,15,0,1
txn_003562,2026-06-30T08:47:00,1263.09,netbanking,axis,invalid_otp,1,16,0,0.676,15,0,1
txn_003563,2026-07-28T14:20:00,1914.09,card,yesbank,insufficient_funds,3,21,0,0.917,1,0,0
txn_003564,2026-06-23T03:04:00,1822.94,wallet,axis,gateway_error,2,11,1,0.599,720,0,0
txn_003565,2026-06-13T02:26:00,322.9,card,yesbank,gateway_error,3,13,0,0.678,30,0,0
txn_003566,2026-06-10T02:24:00,3452.4,netbanking,yesbank,card_expired,3,5,0,0.663,60,0,0
txn_003567,2026-06-10T02:02:00,1378.21,upi,idfc,issuer_declined,1,9,0,0.875,180,0,0
txn_003568,2026-06-22T22:29:00,1675.15,wallet,icici,insufficient_funds,1,22,0,0.528,1,0,1
txn_003569,2026-07-05T02:54:00,6658.11,upi,other,bank_server_down,1,7,0,0.565,1,0,1
txn_003570,2026-06-13T19:36:00,2888.4,upi,sbi,gateway_error,1,0,0,0.734,60,0,1
txn_003571,2026-07-28T14:23:00,753.04,netbanking,icici,risk_block,2,6,1,0.873,30,1,0
txn_003572,2026-07-01T11:32:00,650.74,wallet,kotak,network_timeout,1,3,0,0.621,1,0,1
txn_003573,2026-07-25T21:17:00,528.97,upi,kotak,bank_server_down,1,3,0,0.964,15,0,1
txn_003574,2026-06-06T15:01:00,625.78,card,idfc,risk_block,1,14,0,0.876,15,1,1
txn_003575,2026-06-20T03:01:00,350.32,wallet,axis,invalid_otp,2,6,0,0.899,5,0,1
txn_003576,2026-07-26T04:51:00,819.85,wallet,other,insufficient_funds,1,9,1,0.627,60,0,0
txn_003577,2026-06-25T13:18:00,314.95,wallet,idfc,network_timeout,2,12,0,0.828,180,0,1
txn_003578,2026-07-28T23:22:00,554.9,wallet,axis,bank_server_down,1,15,1,0.991,15,0,1
txn_003579,2026-06-06T13:33:00,479.26,netbanking,yesbank,bank_server_down,2,19,0,0.828,30,0,1
txn_003580,2026-06-20T23:09:00,704.41,wallet,sbi,invalid_otp,1,20,1,0.827,60,0,1
txn_003581,2026-07-03T20:01:00,123.75,upi,kotak,insufficient_funds,1,1,0,0.587,5,0,0
txn_003582,2026-07-13T00:59:00,94.72,upi,kotak,network_timeout,1,15,0,0.756,15,0,1
txn_003583,2026-07-03T04:31:00,1137.92,card,hdfc,network_timeout,1,19,0,0.558,30,0,1
txn_003584,2026-07-17T17:28:00,1385.42,upi,kotak,issuer_declined,2,13,1,0.677,1,0,0
txn_003585,2026-06-09T12:37:00,161.42,card,sbi,insufficient_funds,1,6,0,0.559,1,0,0
txn_003586,2026-06-03T12:58:00,159.65,netbanking,other,bank_server_down,1,22,0,0.881,5,0,1
txn_003587,2026-06-23T08:35:00,564.9,wallet,yesbank,bank_server_down,1,10,0,0.642,5,0,1
txn_003588,2026-06-19T23:22:00,333.05,netbanking,idfc,issuer_declined,1,1,1,0.74,5,0,0
txn_003589,2026-07-22T12:22:00,305.56,wallet,hdfc,insufficient_funds,2,8,0,0.739,15,0,0
txn_003590,2026-07-12T07:31:00,2219.36,netbanking,icici,bank_server_down,2,6,1,0.448,180,0,1
txn_003591,2026-06-21T00:01:00,1102.71,card,icici,insufficient_funds,2,2,0,0.941,60,0,1
txn_003592,2026-07-03T09:25:00,3955.05,wallet,other,insufficient_funds,2,12,0,1.0,5,0,0
txn_003593,2026-07-12T02:00:00,1674.92,netbanking,axis,network_timeout,3,8,0,0.482,15,0,1
txn_003594,2026-07-27T16:58:00,991.19,wallet,axis,invalid_otp,2,12,1,0.645,180,0,1
txn_003595,2026-07-04T05:49:00,618.71,card,icici,insufficient_funds,1,2,1,0.996,180,0,1
txn_003596,2026-07-14T18:23:00,1172.6,card,idfc,issuer_declined,2,7,0,1.0,1,0,0
txn_003597,2026-06-28T07:14:00,19.99,card,sbi,bank_server_down,3,10,0,0.636,720,0,1
txn_003598,2026-07-28T18:00:00,215.36,wallet,sbi,card_expired,1,17,0,0.752,180,0,0
txn_003599,2026-07-21T00:06:00,388.36,netbanking,kotak,invalid_otp,1,9,0,0.655,1,0,0
txn_003600,2026-07-28T01:57:00,70.51,wallet,hdfc,risk_block,2,14,0,0.893,15,1,0
txn_003601,2026-06-14T16:04:00,91.85,card,icici,invalid_otp,1,3,0,0.483,1,0,1
txn_003602,2026-07-29T13:57:00,1784.89,wallet,sbi,gateway_error,1,14,0,0.834,5,0,1
txn_003603,2026-07-15T12:27:00,263.61,wallet,axis,insufficient_funds,1,14,0,0.451,1,0,0
txn_003604,2026-07-02T21:35:00,1553.51,card,icici,bank_server_down,2,11,0,0.456,15,0,0
txn_003605,2026-07-16T08:53:00,1303.63,upi,sbi,network_timeout,2,19,1,0.348,1,0,0
txn_003606,2026-07-17T05:51:00,561.19,card,other,bank_server_down,3,14,0,0.843,30,0,0
txn_003607,2026-07-22T00:56:00,3496.58,wallet,kotak,bank_server_down,2,18,0,0.618,1,0,1
txn_003608,2026-06-29T11:47:00,408.28,netbanking,hdfc,network_timeout,1,18,0,0.672,60,0,1
txn_003609,2026-07-20T15:34:00,669.03,netbanking,idfc,invalid_otp,1,5,0,0.507,1,0,0
txn_003610,2026-06-27T22:04:00,557.66,netbanking,idfc,insufficient_funds,1,20,0,0.796,60,0,0
txn_003611,2026-06-21T09:48:00,68.66,card,other,insufficient_funds,1,20,0,0.625,5,0,1
txn_003612,2026-07-13T05:42:00,56.8,card,kotak,card_expired,1,4,0,0.577,720,0,0
txn_003613,2026-07-20T17:09:00,451.87,wallet,icici,bank_server_down,1,21,0,0.473,60,0,1
txn_003614,2026-07-02T15:00:00,665.97,card,yesbank,bank_server_down,2,18,0,0.562,1,0,1
txn_003615,2026-07-20T21:34:00,148.88,netbanking,yesbank,bank_server_down,1,15,0,0.736,180,0,1
txn_003616,2026-07-26T12:54:00,401.5,netbanking,other,insufficient_funds,2,2,0,0.735,1,0,0
txn_003617,2026-06-25T12:03:00,1038.21,upi,yesbank,issuer_declined,1,10,0,0.883,30,0,0
txn_003618,2026-06-28T06:40:00,394.42,netbanking,other,insufficient_funds,3,8,0,0.516,5,0,1
txn_003619,2026-06-16T20:15:00,1593.48,netbanking,icici,insufficient_funds,1,20,0,0.713,30,0,0
txn_003620,2026-06-01T04:51:00,388.98,upi,yesbank,bank_server_down,1,3,0,0.354,720,0,1
txn_003621,2026-06-10T03:42:00,903.28,wallet,idfc,gateway_error,3,21,0,0.577,5,0,0
txn_003622,2026-07-08T05:58:00,376.89,netbanking,axis,insufficient_funds,1,11,0,0.946,180,0,1
txn_003623,2026-06-02T21:32:00,248.38,card,sbi,invalid_otp,1,3,0,0.524,60,0,1
txn_003624,2026-06-24T13:24:00,575.43,card,other,risk_block,1,5,0,0.816,60,1,0
txn_003625,2026-06-19T05:51:00,159.44,wallet,icici,bank_server_down,2,6,0,0.908,180,0,1
txn_003626,2026-07-17T22:55:00,804.54,netbanking,kotak,insufficient_funds,1,23,0,0.657,1,0,1
txn_003627,2026-06-16T03:33:00,1145.79,upi,icici,insufficient_funds,2,15,0,0.846,1,0,1
txn_003628,2026-07-15T04:10:00,9162.96,wallet,hdfc,bank_server_down,1,3,1,0.748,5,0,0
txn_003629,2026-07-25T22:51:00,676.19,upi,icici,issuer_declined,1,1,0,0.548,720,0,0
txn_003630,2026-07-27T15:07:00,3773.92,upi,idfc,network_timeout,2,15,1,0.889,180,0,0
txn_003631,2026-06-21T07:28:00,682.19,upi,sbi,invalid_otp,1,8,0,0.653,720,0,0
txn_003632,2026-07-14T01:16:00,643.89,upi,axis,risk_block,1,6,1,0.774,15,1,0
txn_003633,2026-07-01T11:06:00,661.94,netbanking,icici,card_expired,1,11,0,0.382,1,0,0
txn_003634,2026-06-10T15:03:00,546.15,wallet,idfc,risk_block,1,12,0,0.833,60,1,0
txn_003635,2026-07-23T08:11:00,463.96,netbanking,hdfc,issuer_declined,2,12,0,0.525,5,0,0
txn_003636,2026-07-24T16:39:00,239.22,card,yesbank,insufficient_funds,3,19,0,1.0,60,0,0
txn_003637,2026-06-13T19:34:00,692.12,upi,kotak,insufficient_funds,1,18,1,0.945,180,0,0
txn_003638,2026-07-03T20:00:00,2360.59,wallet,sbi,bank_server_down,2,9,0,0.684,1,0,1
txn_003639,2026-06-27T14:46:00,49.81,netbanking,hdfc,network_timeout,1,9,1,0.793,60,0,1
txn_003640,2026-06-23T18:08:00,1877.76,card,yesbank,issuer_declined,1,12,0,0.975,5,0,0
txn_003641,2026-07-16T10:37:00,2089.66,upi,other,bank_server_down,1,2,1,0.755,60,0,1
txn_003642,2026-06-15T20:34:00,635.85,card,axis,bank_server_down,3,4,0,0.664,15,0,0
txn_003643,2026-06-14T07:27:00,709.58,card,yesbank,bank_server_down,1,3,1,0.95,720,0,1
txn_003644,2026-07-25T23:44:00,885.39,netbanking,icici,insufficient_funds,2,15,1,0.811,5,0,0
txn_003645,2026-07-08T18:42:00,1334.73,wallet,other,card_expired,1,6,0,0.435,720,0,0
txn_003646,2026-07-23T15:35:00,714.84,card,icici,gateway_error,2,11,0,0.547,60,0,1
txn_003647,2026-06-01T04:31:00,865.1,upi,icici,card_expired,2,17,1,0.684,5,0,0
txn_003648,2026-07-12T07:13:00,1372.24,card,axis,network_timeout,1,20,0,0.785,5,0,1
txn_003649,2026-06-03T21:45:00,920.07,wallet,sbi,issuer_declined,1,18,0,0.679,5,0,0
txn_003650,2026-06-16T12:54:00,289.46,upi,other,risk_block,2,7,1,0.961,720,1,0
txn_003651,2026-07-20T02:58:00,7555.69,wallet,axis,bank_server_down,1,15,1,0.822,30,0,1
txn_003652,2026-06-26T13:48:00,196.52,wallet,icici,gateway_error,1,3,0,0.77,720,0,1
txn_003653,2026-07-15T20:59:00,951.77,netbanking,sbi,bank_server_down,2,2,0,0.638,720,0,1
txn_003654,2026-06-14T02:24:00,535.43,netbanking,icici,card_expired,2,1,0,0.904,15,0,0
txn_003655,2026-07-08T09:50:00,282.11,wallet,hdfc,network_timeout,1,10,0,0.772,5,0,1
txn_003656,2026-06-09T06:57:00,1628.19,netbanking,other,issuer_declined,1,15,0,0.675,180,0,0
txn_003657,2026-06-18T11:25:00,693.02,netbanking,yesbank,issuer_declined,3,7,0,0.929,1,0,0
txn_003658,2026-06-05T19:09:00,463.44,wallet,sbi,network_timeout,1,4,0,1.0,720,0,1
txn_003659,2026-06-14T20:56:00,557.93,card,axis,insufficient_funds,2,12,0,0.285,180,0,0
txn_003660,2026-07-04T17:33:00,123.61,netbanking,kotak,card_expired,1,22,0,0.734,60,0,1
txn_003661,2026-06-24T06:26:00,502.49,upi,axis,bank_server_down,2,23,0,0.972,30,0,1
txn_003662,2026-06-26T06:11:00,1129.54,wallet,idfc,network_timeout,1,13,0,0.872,30,0,1
txn_003663,2026-07-26T00:05:00,1319.29,netbanking,sbi,issuer_declined,1,5,0,0.751,5,0,0
txn_003664,2026-07-17T13:33:00,289.53,upi,idfc,network_timeout,3,19,0,0.771,180,0,1
txn_003665,2026-07-29T04:18:00,103.41,card,icici,invalid_otp,1,7,0,0.406,1,0,0
txn_003666,2026-06-06T12:49:00,1465.27,netbanking,kotak,issuer_declined,2,2,0,0.693,30,0,0
txn_003667,2026-06-21T10:13:00,750.45,wallet,hdfc,issuer_declined,2,10,0,1.0,180,0,0
txn_003668,2026-06-27T14:51:00,1050.65,netbanking,kotak,network_timeout,1,19,0,0.736,5,0,1
txn_003669,2026-06-06T14:51:00,210.01,upi,kotak,gateway_error,1,15,0,0.519,180,0,1
txn_003670,2026-07-07T18:40:00,2927.51,wallet,idfc,issuer_declined,1,5,0,0.726,60,0,1
txn_003671,2026-07-01T14:26:00,7013.45,netbanking,yesbank,gateway_error,1,9,0,0.662,60,0,1
txn_003672,2026-07-12T04:16:00,2638.19,wallet,icici,insufficient_funds,1,19,0,1.0,720,0,1
txn_003673,2026-07-14T21:47:00,492.83,card,sbi,insufficient_funds,1,20,1,0.776,1,0,0
txn_003674,2026-07-18T17:22:00,970.21,netbanking,icici,insufficient_funds,3,15,0,0.455,5,0,1
txn_003675,2026-07-08T12:15:00,248.75,netbanking,hdfc,risk_block,3,1,0,0.443,1,1,0
txn_003676,2026-07-02T09:44:00,572.83,upi,other,issuer_declined,2,15,1,1.0,720,0,1
txn_003677,2026-06-05T16:35:00,560.72,wallet,kotak,invalid_otp,1,1,1,0.495,30,0,0
txn_003678,2026-07-05T09:35:00,232.5,wallet,hdfc,insufficient_funds,2,11,0,0.455,1,0,0
txn_003679,2026-07-21T22:28:00,662.41,netbanking,axis,insufficient_funds,1,3,1,0.924,5,0,0
txn_003680,2026-07-13T03:52:00,730.16,upi,yesbank,issuer_declined,2,12,0,0.706,720,0,0
txn_003681,2026-06-14T19:37:00,367.64,wallet,icici,network_timeout,3,2,0,0.864,5,0,0
txn_003682,2026-06-30T17:49:00,679.34,wallet,kotak,bank_server_down,1,13,0,0.905,720,0,1
txn_003683,2026-06-13T22:02:00,464.09,netbanking,idfc,bank_server_down,3,5,0,0.896,720,0,1
txn_003684,2026-06-23T22:08:00,366.24,netbanking,hdfc,gateway_error,3,11,0,1.0,15,0,1
txn_003685,2026-06-18T16:26:00,335.69,card,idfc,invalid_otp,1,14,0,0.272,720,0,0
txn_003686,2026-07-13T01:46:00,363.09,card,hdfc,insufficient_funds,1,19,0,0.752,30,0,1
txn_003687,2026-06-21T23:17:00,690.89,card,sbi,bank_server_down,1,0,0,1.0,15,0,1
txn_003688,2026-07-10T12:26:00,458.52,wallet,idfc,insufficient_funds,1,13,1,0.394,180,0,0
txn_003689,2026-06-24T09:29:00,5530.19,netbanking,icici,gateway_error,1,8,0,0.887,60,0,1
txn_003690,2026-07-13T09:05:00,385.14,netbanking,kotak,gateway_error,2,3,1,0.655,5,0,1
txn_003691,2026-06-30T03:57:00,865.96,card,sbi,card_expired,2,6,1,0.824,30,0,0
txn_003692,2026-06-06T08:01:00,664.45,netbanking,sbi,bank_server_down,1,19,0,0.566,180,0,1
txn_003693,2026-07-21T08:20:00,360.45,upi,hdfc,insufficient_funds,2,10,0,0.546,5,0,0
txn_003694,2026-07-18T16:22:00,2453.18,card,sbi,insufficient_funds,1,10,0,0.537,5,0,0
txn_003695,2026-07-26T22:56:00,3133.89,wallet,yesbank,invalid_otp,2,9,0,0.445,5,0,0
txn_003696,2026-06-01T17:32:00,166.71,upi,axis,card_expired,2,20,0,0.888,30,0,0
txn_003697,2026-06-07T16:08:00,1799.0,netbanking,icici,insufficient_funds,1,20,0,0.855,15,0,1
txn_003698,2026-07-10T23:23:00,322.79,wallet,idfc,insufficient_funds,2,2,0,0.45,1,0,0
txn_003699,2026-06-25T02:28:00,2027.74,card,icici,issuer_declined,2,1,0,0.754,180,0,0
txn_003700,2026-07-08T14:21:00,175.86,upi,hdfc,bank_server_down,2,4,0,0.587,5,0,1
txn_003701,2026-06-29T03:53:00,504.71,upi,sbi,invalid_otp,2,5,0,0.596,180,0,1
txn_003702,2026-06-17T22:12:00,77.2,upi,other,bank_server_down,2,16,0,0.64,1,0,1
txn_003703,2026-07-17T01:50:00,795.49,netbanking,sbi,network_timeout,2,12,0,0.669,15,0,0
txn_003704,2026-07-19T10:49:00,653.28,upi,idfc,issuer_declined,2,4,0,0.938,720,0,1
txn_003705,2026-06-15T17:45:00,67.58,wallet,kotak,bank_server_down,1,9,0,0.86,30,0,1
txn_003706,2026-07-30T06:37:00,3837.56,netbanking,other,invalid_otp,1,18,0,0.774,180,0,1
txn_003707,2026-06-20T00:00:00,1287.89,card,icici,gateway_error,2,3,1,0.479,720,0,1
txn_003708,2026-06-22T13:32:00,494.23,upi,yesbank,card_expired,1,12,0,0.71,720,0,0
txn_003709,2026-07-07T10:29:00,5740.64,card,hdfc,card_expired,1,23,0,0.571,720,0,0
txn_003710,2026-06-12T04:43:00,998.22,wallet,other,invalid_otp,1,5,0,0.513,30,0,0
txn_003711,2026-07-28T12:34:00,186.39,upi,icici,bank_server_down,1,15,1,0.527,15,0,0
txn_003712,2026-07-26T09:26:00,324.29,netbanking,icici,insufficient_funds,1,9,1,0.647,1,0,1
txn_003713,2026-06-19T09:29:00,1249.99,upi,hdfc,insufficient_funds,3,13,1,0.769,15,0,1
txn_003714,2026-07-13T23:21:00,827.62,wallet,icici,risk_block,1,17,0,0.681,15,1,0
txn_003715,2026-07-05T22:29:00,144.09,upi,yesbank,network_timeout,1,4,1,0.934,15,0,1
txn_003716,2026-06-08T15:03:00,719.17,upi,sbi,network_timeout,1,8,0,0.784,1,0,0
txn_003717,2026-06-01T21:22:00,461.82,wallet,yesbank,insufficient_funds,1,12,0,0.521,180,0,0
txn_003718,2026-07-03T05:33:00,92.15,wallet,axis,issuer_declined,1,23,1,0.847,1,0,0
txn_003719,2026-06-30T05:55:00,7284.15,card,hdfc,network_timeout,1,7,0,0.453,15,0,1
txn_003720,2026-06-27T11:43:00,126.9,netbanking,axis,gateway_error,2,9,0,0.764,180,0,1
txn_003721,2026-07-04T09:28:00,7425.01,netbanking,idfc,insufficient_funds,1,11,0,0.843,720,0,1
txn_003722,2026-06-06T07:28:00,282.3,card,idfc,bank_server_down,2,23,0,0.799,1,0,1
txn_003723,2026-06-08T10:51:00,576.61,netbanking,hdfc,insufficient_funds,2,12,0,1.0,180,0,1
txn_003724,2026-06-24T15:17:00,119.91,wallet,idfc,gateway_error,1,23,1,0.952,720,0,1
txn_003725,2026-07-06T07:06:00,5059.93,netbanking,hdfc,insufficient_funds,1,6,0,0.583,60,0,0
txn_003726,2026-06-20T14:49:00,910.46,upi,icici,insufficient_funds,1,0,0,0.614,60,0,1
txn_003727,2026-07-08T14:54:00,1640.22,card,other,issuer_declined,1,17,0,0.545,60,0,1
txn_003728,2026-06-30T01:45:00,600.36,upi,icici,bank_server_down,1,13,0,0.957,180,0,1
txn_003729,2026-07-07T17:54:00,118.21,card,idfc,issuer_declined,2,2,0,0.629,1,0,0
txn_003730,2026-06-11T12:47:00,635.11,netbanking,icici,risk_block,2,2,1,0.745,15,1,0
txn_003731,2026-06-06T16:46:00,1188.63,card,other,bank_server_down,1,5,0,0.354,30,0,1
txn_003732,2026-07-01T00:16:00,253.27,card,yesbank,insufficient_funds,1,20,0,0.741,5,0,0
txn_003733,2026-06-26T18:46:00,336.26,card,idfc,bank_server_down,1,23,0,0.973,1,0,1
txn_003734,2026-06-29T16:47:00,3256.54,wallet,kotak,network_timeout,1,20,0,0.448,15,0,1
txn_003735,2026-07-17T10:20:00,2464.05,netbanking,sbi,bank_server_down,2,19,0,0.802,15,0,1
txn_003736,2026-07-04T23:44:00,431.19,wallet,other,card_expired,2,11,1,0.646,720,0,0
txn_003737,2026-06-08T02:51:00,1735.61,wallet,yesbank,insufficient_funds,1,13,0,0.563,30,0,0
txn_003738,2026-06-03T07:43:00,446.86,upi,sbi,bank_server_down,3,16,0,0.745,720,0,0
txn_003739,2026-06-04T21:07:00,1423.26,wallet,sbi,network_timeout,1,19,0,0.565,5,0,0
txn_003740,2026-06-19T11:24:00,468.53,wallet,hdfc,risk_block,2,14,1,1.0,180,1,0
txn_003741,2026-07-01T12:32:00,10034.05,upi,icici,invalid_otp,1,1,0,0.859,60,0,0
txn_003742,2026-06-01T23:30:00,1099.16,card,other,issuer_declined,2,15,1,1.0,1,0,1
txn_003743,2026-07-02T19:50:00,3142.63,wallet,kotak,network_timeout,3,16,0,0.544,60,0,0
txn_003744,2026-07-08T22:22:00,568.77,wallet,yesbank,risk_block,2,2,1,1.0,60,1,0
txn_003745,2026-07-30T02:24:00,4111.54,upi,idfc,insufficient_funds,2,5,0,0.551,1,0,0
txn_003746,2026-06-28T11:00:00,2982.66,card,sbi,gateway_error,2,12,0,0.436,60,0,1
txn_003747,2026-06-09T19:06:00,254.69,upi,axis,insufficient_funds,1,10,1,0.886,5,0,1
txn_003748,2026-06-23T15:18:00,511.34,card,hdfc,bank_server_down,1,7,1,0.47,30,0,1
txn_003749,2026-07-07T06:23:00,998.19,wallet,icici,issuer_declined,1,22,0,0.739,30,0,0
txn_003750,2026-06-26T13:17:00,651.82,wallet,idfc,insufficient_funds,1,20,0,0.666,720,0,1
txn_003751,2026-07-04T00:16:00,5458.38,upi,yesbank,issuer_declined,1,21,0,0.853,60,0,0
txn_003752,2026-06-20T13:30:00,774.11,upi,sbi,bank_server_down,1,1,0,0.762,180,0,1
txn_003753,2026-07-17T15:44:00,1138.59,netbanking,sbi,network_timeout,2,6,0,0.657,180,0,1
txn_003754,2026-07-29T10:00:00,485.1,wallet,idfc,card_expired,2,19,0,0.67,180,0,0
txn_003755,2026-07-01T16:22:00,2163.61,upi,hdfc,invalid_otp,1,15,0,0.93,1,0,0
txn_003756,2026-07-27T15:28:00,349.71,wallet,idfc,gateway_error,2,8,0,0.696,30,0,0
txn_003757,2026-07-10T10:58:00,936.86,netbanking,icici,gateway_error,1,15,1,0.919,180,0,1
txn_003758,2026-07-23T08:35:00,220.48,wallet,sbi,issuer_declined,1,22,0,0.48,1,0,0
txn_003759,2026-07-29T20:42:00,632.87,card,icici,invalid_otp,2,15,1,1.0,1,0,1
txn_003760,2026-06-20T23:19:00,1265.62,wallet,sbi,network_timeout,3,5,0,0.687,180,0,0
txn_003761,2026-07-20T04:46:00,331.75,wallet,hdfc,invalid_otp,3,9,0,0.806,60,0,1
txn_003762,2026-07-07T15:37:00,1693.17,netbanking,other,network_timeout,1,6,0,0.7,30,0,1
txn_003763,2026-07-06T04:22:00,608.59,upi,axis,card_expired,1,23,0,0.757,30,0,0
txn_003764,2026-07-12T21:57:00,815.8,card,hdfc,risk_block,1,13,0,0.578,5,1,0
txn_003765,2026-06-29T16:33:00,204.27,netbanking,icici,network_timeout,2,9,0,0.483,60,0,1
txn_003766,2026-07-16T17:19:00,559.75,wallet,axis,bank_server_down,1,21,1,1.0,5,0,1
txn_003767,2026-07-30T15:23:00,212.17,upi,hdfc,insufficient_funds,2,16,0,0.626,1,0,0
txn_003768,2026-07-18T23:12:00,1174.55,wallet,other,invalid_otp,2,20,1,0.735,5,0,0
txn_003769,2026-07-10T11:23:00,1074.21,wallet,axis,network_timeout,1,16,0,0.662,30,0,1
txn_003770,2026-06-22T10:44:00,219.03,upi,idfc,gateway_error,1,7,0,0.848,180,0,1
txn_003771,2026-06-18T22:17:00,1321.07,wallet,axis,network_timeout,1,3,0,0.548,60,0,1
txn_003772,2026-07-28T10:49:00,1990.37,netbanking,sbi,gateway_error,1,19,0,0.629,180,0,1
txn_003773,2026-06-21T20:05:00,561.04,upi,hdfc,network_timeout,2,23,0,0.519,30,0,1
txn_003774,2026-07-23T06:16:00,710.76,wallet,icici,issuer_declined,2,19,1,0.317,60,0,0
txn_003775,2026-06-26T10:54:00,646.91,card,axis,risk_block,1,13,1,0.669,5,1,0
txn_003776,2026-06-08T09:04:00,268.64,wallet,other,gateway_error,2,16,0,0.91,30,0,1
txn_003777,2026-06-14T10:03:00,22.48,netbanking,hdfc,insufficient_funds,1,15,1,0.877,15,0,0
txn_003778,2026-07-24T14:15:00,2484.42,netbanking,hdfc,issuer_declined,1,22,0,0.738,60,0,0
txn_003779,2026-06-25T07:53:00,1209.92,wallet,idfc,gateway_error,2,8,0,0.706,15,0,1
txn_003780,2026-07-05T17:50:00,1357.2,netbanking,other,invalid_otp,1,19,0,0.974,15,0,1
txn_003781,2026-07-10T01:46:00,1472.0,wallet,icici,risk_block,2,23,0,0.616,5,1,0
txn_003782,2026-06-06T10:49:00,1359.59,wallet,icici,bank_server_down,1,7,1,0.738,30,0,1
txn_003783,2026-07-03T14:49:00,1622.15,wallet,idfc,risk_block,1,22,0,0.91,15,1,0
txn_003784,2026-07-07T15:22:00,185.16,wallet,hdfc,bank_server_down,3,2,1,0.898,1,0,1
txn_003785,2026-06-24T12:24:00,74.26,upi,yesbank,invalid_otp,1,11,0,0.467,720,0,1
txn_003786,2026-06-18T06:02:00,452.01,netbanking,idfc,bank_server_down,2,4,1,0.451,15,0,0
txn_003787,2026-07-24T10:52:00,2425.22,netbanking,icici,invalid_otp,3,19,1,0.726,30,0,0
txn_003788,2026-06-11T04:36:00,288.56,wallet,hdfc,gateway_error,2,13,0,0.932,720,0,1
txn_003789,2026-07-05T04:51:00,712.8,upi,sbi,invalid_otp,1,1,0,0.887,5,0,0
txn_003790,2026-07-07T02:13:00,203.39,card,sbi,card_expired,3,17,0,0.45,60,0,0
txn_003791,2026-07-21T22:32:00,1276.5,card,hdfc,insufficient_funds,1,9,1,0.658,30,0,0
txn_003792,2026-07-26T19:41:00,217.64,upi,icici,gateway_error,1,8,0,0.711,30,0,1
txn_003793,2026-06-05T16:22:00,3121.19,upi,kotak,gateway_error,1,13,0,1.0,30,0,1
txn_003794,2026-06-05T07:19:00,684.12,netbanking,kotak,invalid_otp,1,15,1,0.747,720,0,0
txn_003795,2026-06-21T03:09:00,328.25,wallet,hdfc,issuer_declined,2,3,0,0.991,720,0,0
txn_003796,2026-07-17T13:00:00,484.04,upi,idfc,gateway_error,1,12,0,0.908,15,0,1
txn_003797,2026-07-25T18:44:00,511.35,netbanking,other,risk_block,2,18,1,0.251,60,1,0
txn_003798,2026-07-22T13:35:00,370.57,netbanking,axis,bank_server_down,1,18,1,0.777,720,0,1
txn_003799,2026-06-18T01:08:00,795.81,wallet,hdfc,issuer_declined,2,14,0,0.282,720,0,0
txn_003800,2026-07-21T06:19:00,864.94,card,sbi,bank_server_down,2,13,0,0.874,5,0,0
txn_003801,2026-06-29T02:20:00,719.02,card,axis,insufficient_funds,1,8,0,0.27,720,0,1
txn_003802,2026-07-19T09:01:00,691.18,card,sbi,network_timeout,1,4,0,0.368,60,0,1
txn_003803,2026-06-05T20:04:00,4073.65,netbanking,hdfc,insufficient_funds,2,11,0,0.742,30,0,0
txn_003804,2026-07-14T18:30:00,209.8,netbanking,kotak,gateway_error,3,22,0,0.629,180,0,1
txn_003805,2026-07-25T07:20:00,73.5,netbanking,icici,network_timeout,2,20,0,0.873,30,0,1
txn_003806,2026-07-01T06:25:00,2567.61,netbanking,kotak,invalid_otp,1,4,0,0.535,720,0,0
txn_003807,2026-06-21T19:27:00,650.21,wallet,axis,bank_server_down,2,13,0,0.933,1,0,1
txn_003808,2026-06-10T19:18:00,3619.53,card,axis,bank_server_down,1,13,1,0.955,15,0,1
txn_003809,2026-06-19T19:24:00,29.23,wallet,icici,card_expired,1,17,0,0.662,1,0,0
txn_003810,2026-07-17T03:01:00,867.61,netbanking,icici,insufficient_funds,1,6,0,0.888,1,0,1
txn_003811,2026-07-05T14:41:00,797.27,card,kotak,bank_server_down,1,5,0,0.457,1,0,1
txn_003812,2026-06-11T22:24:00,1998.46,wallet,sbi,insufficient_funds,3,17,0,1.0,15,0,0
txn_003813,2026-07-09T05:13:00,304.44,netbanking,other,insufficient_funds,1,9,0,0.458,5,0,0
txn_003814,2026-06-24T21:31:00,486.92,wallet,yesbank,insufficient_funds,2,18,0,0.542,5,0,0
txn_003815,2026-06-12T18:35:00,684.23,upi,icici,insufficient_funds,1,8,0,0.956,15,0,1
txn_003816,2026-07-05T15:30:00,413.42,wallet,axis,card_expired,2,2,0,0.907,720,0,0
txn_003817,2026-07-26T19:10:00,417.82,upi,kotak,bank_server_down,3,7,0,0.742,720,0,1
txn_003818,2026-06-09T01:36:00,2793.23,wallet,icici,insufficient_funds,1,15,1,0.911,1,0,0
txn_003819,2026-06-10T06:05:00,673.91,upi,other,insufficient_funds,1,0,0,0.628,15,0,0
txn_003820,2026-06-04T07:15:00,36.26,netbanking,icici,bank_server_down,1,20,0,0.806,5,0,1
txn_003821,2026-06-07T05:49:00,908.45,wallet,sbi,gateway_error,1,2,0,0.575,60,0,1
txn_003822,2026-07-06T01:24:00,7012.96,netbanking,sbi,network_timeout,1,6,0,0.678,1,0,0
txn_003823,2026-07-17T13:39:00,151.76,netbanking,hdfc,bank_server_down,1,12,0,0.696,60,0,1
txn_003824,2026-06-21T04:55:00,616.88,wallet,axis,insufficient_funds,1,7,0,0.847,5,0,0
txn_003825,2026-06-30T19:09:00,377.13,netbanking,hdfc,issuer_declined,1,20,0,0.586,5,0,0
txn_003826,2026-07-22T06:37:00,2743.37,card,idfc,risk_block,1,11,1,1.0,15,1,0
txn_003827,2026-06-03T07:42:00,1109.23,card,kotak,network_timeout,1,19,0,0.471,720,0,1
txn_003828,2026-06-09T07:04:00,391.86,wallet,sbi,invalid_otp,1,22,0,0.689,720,0,1
txn_003829,2026-06-16T18:39:00,536.99,upi,axis,issuer_declined,2,22,1,0.742,15,0,0
txn_003830,2026-07-29T19:48:00,791.29,upi,idfc,network_timeout,1,6,0,0.882,60,0,1
txn_003831,2026-06-25T15:32:00,3364.63,netbanking,yesbank,invalid_otp,1,5,1,0.321,15,0,1
txn_003832,2026-07-10T15:40:00,502.47,wallet,yesbank,invalid_otp,2,5,0,0.303,180,0,1
txn_003833,2026-06-21T10:25:00,644.68,card,idfc,insufficient_funds,1,14,1,0.841,180,0,1
txn_003834,2026-07-01T13:33:00,2991.46,wallet,yesbank,invalid_otp,1,21,0,0.616,5,0,0
txn_003835,2026-07-03T22:50:00,296.32,netbanking,other,bank_server_down,2,22,0,1.0,60,0,1
txn_003836,2026-06-02T22:25:00,2285.6,netbanking,axis,insufficient_funds,1,2,0,0.65,30,0,0
txn_003837,2026-06-20T10:02:00,206.49,wallet,sbi,gateway_error,1,10,0,0.436,1,0,1
txn_003838,2026-06-14T22:52:00,290.62,card,sbi,issuer_declined,1,11,1,0.824,5,0,1
txn_003839,2026-06-27T20:22:00,397.53,netbanking,icici,card_expired,1,5,0,0.941,180,0,1
txn_003840,2026-07-16T12:21:00,81.6,card,other,bank_server_down,2,8,0,0.524,30,0,1
txn_003841,2026-07-06T19:03:00,1996.23,upi,icici,issuer_declined,1,3,1,0.68,5,0,0
txn_003842,2026-07-02T01:25:00,401.48,netbanking,kotak,insufficient_funds,1,6,1,0.693,1,0,1
txn_003843,2026-07-10T18:43:00,84.76,wallet,axis,network_timeout,1,3,0,1.0,60,0,1
txn_003844,2026-07-17T07:33:00,259.35,card,idfc,invalid_otp,1,0,0,0.994,60,0,1
txn_003845,2026-07-29T19:22:00,96.68,upi,yesbank,invalid_otp,2,12,0,0.77,1,0,0
txn_003846,2026-07-03T23:25:00,409.2,netbanking,other,insufficient_funds,1,7,0,0.711,5,0,1
txn_003847,2026-06-04T02:50:00,707.43,wallet,yesbank,bank_server_down,3,6,0,0.753,5,0,0
txn_003848,2026-06-07T02:25:00,3836.6,wallet,idfc,insufficient_funds,1,17,0,0.717,1,0,0
txn_003849,2026-06-19T06:59:00,254.89,wallet,yesbank,insufficient_funds,2,14,1,0.564,720,0,1
txn_003850,2026-07-08T17:09:00,587.92,netbanking,yesbank,insufficient_funds,2,1,0,1.0,30,0,1
txn_003851,2026-06-26T04:06:00,1128.41,netbanking,idfc,insufficient_funds,1,10,0,0.716,1,0,1
txn_003852,2026-07-17T14:52:00,78.69,card,icici,issuer_declined,1,17,0,0.509,720,0,0
txn_003853,2026-06-10T10:48:00,89.61,upi,kotak,insufficient_funds,2,23,0,0.57,720,0,0
txn_003854,2026-07-07T13:10:00,743.76,netbanking,hdfc,bank_server_down,2,2,0,0.562,5,0,0
txn_003855,2026-06-17T05:30:00,247.71,wallet,kotak,gateway_error,1,13,0,0.611,180,0,1
txn_003856,2026-07-07T10:10:00,243.62,card,idfc,bank_server_down,2,2,0,0.688,5,0,0
txn_003857,2026-06-14T20:57:00,410.57,netbanking,sbi,card_expired,1,13,0,0.491,60,0,0
txn_003858,2026-07-13T14:27:00,254.39,wallet,idfc,bank_server_down,1,5,0,0.537,5,0,1
txn_003859,2026-06-22T10:58:00,1109.47,upi,idfc,invalid_otp,2,3,0,0.663,15,0,0
txn_003860,2026-06-22T10:49:00,1092.07,upi,sbi,insufficient_funds,1,6,1,0.919,15,0,0
txn_003861,2026-06-21T16:14:00,746.85,wallet,yesbank,network_timeout,1,11,1,0.916,15,0,1
txn_003862,2026-06-10T03:19:00,403.67,card,sbi,insufficient_funds,2,13,1,0.784,5,0,1
txn_003863,2026-07-26T23:15:00,3093.09,wallet,axis,bank_server_down,2,5,1,0.782,5,0,1
txn_003864,2026-07-16T03:49:00,1001.57,card,kotak,insufficient_funds,1,2,0,0.502,180,0,0
txn_003865,2026-06-13T08:22:00,127.93,wallet,kotak,insufficient_funds,2,6,0,0.681,60,0,0
txn_003866,2026-06-24T06:29:00,2386.59,netbanking,axis,insufficient_funds,2,10,0,0.44,60,0,1
txn_003867,2026-07-06T06:38:00,3438.64,wallet,yesbank,invalid_otp,2,17,1,0.663,60,0,1
txn_003868,2026-07-12T21:21:00,253.01,wallet,kotak,bank_server_down,2,22,0,0.864,5,0,1
txn_003869,2026-07-02T12:23:00,533.72,upi,other,card_expired,1,20,1,0.708,1,0,0
txn_003870,2026-06-24T19:15:00,1868.89,wallet,axis,insufficient_funds,3,9,1,0.704,720,0,0
txn_003871,2026-07-28T07:19:00,461.82,netbanking,axis,invalid_otp,1,20,0,0.94,15,0,1
txn_003872,2026-07-22T01:23:00,903.01,card,idfc,risk_block,2,6,1,0.671,5,1,0
txn_003873,2026-07-20T03:47:00,1049.81,card,icici,issuer_declined,1,15,1,1.0,15,0,0
txn_003874,2026-06-17T17:47:00,2270.59,netbanking,other,bank_server_down,3,18,0,0.749,30,0,1
txn_003875,2026-07-27T11:49:00,1020.73,wallet,yesbank,risk_block,1,2,0,0.664,15,1,0
txn_003876,2026-06-18T09:44:00,3165.27,card,yesbank,risk_block,1,19,1,0.508,30,1,0
txn_003877,2026-06-13T15:35:00,7756.18,card,kotak,insufficient_funds,1,23,1,0.81,720,0,0
txn_003878,2026-06-18T22:21:00,5595.95,netbanking,yesbank,gateway_error,1,22,0,1.0,30,0,1
txn_003879,2026-06-22T22:40:00,386.76,card,axis,insufficient_funds,1,7,1,0.686,180,0,1
txn_003880,2026-06-15T05:36:00,1893.65,wallet,other,invalid_otp,1,21,0,0.507,30,0,0
txn_003881,2026-06-24T16:27:00,152.41,upi,kotak,bank_server_down,2,12,0,0.812,15,0,1
txn_003882,2026-07-21T16:58:00,604.7,wallet,yesbank,issuer_declined,1,12,1,0.551,180,0,0
txn_003883,2026-07-29T21:07:00,293.29,upi,other,invalid_otp,1,18,0,0.739,15,0,1
txn_003884,2026-06-18T18:01:00,3970.97,upi,kotak,insufficient_funds,3,17,1,0.634,60,0,0
txn_003885,2026-07-30T04:08:00,205.24,netbanking,hdfc,insufficient_funds,1,7,0,1.0,5,0,0
txn_003886,2026-06-25T20:23:00,1160.77,card,kotak,gateway_error,1,13,1,0.79,30,0,1
txn_003887,2026-06-27T18:48:00,568.5,netbanking,icici,issuer_declined,1,16,1,1.0,30,0,0
txn_003888,2026-07-19T14:40:00,544.67,card,other,insufficient_funds,1,13,0,0.685,5,0,1
txn_003889,2026-07-10T11:29:00,1401.67,netbanking,icici,insufficient_funds,3,15,0,0.84,720,0,1
txn_003890,2026-07-30T01:30:00,265.85,netbanking,other,network_timeout,1,21,0,1.0,5,0,0
txn_003891,2026-06-05T03:42:00,5830.45,netbanking,yesbank,insufficient_funds,1,17,0,1.0,1,0,1
txn_003892,2026-06-05T09:04:00,4964.0,netbanking,axis,insufficient_funds,1,18,0,0.686,720,0,1
txn_003893,2026-07-24T01:36:00,446.16,card,axis,card_expired,2,2,0,0.632,1,0,0
txn_003894,2026-07-16T09:18:00,717.47,netbanking,other,insufficient_funds,1,14,0,0.801,60,0,1
txn_003895,2026-07-21T11:52:00,485.61,wallet,hdfc,invalid_otp,2,20,0,0.715,1,0,0
txn_003896,2026-06-28T09:18:00,108.29,card,icici,insufficient_funds,1,22,0,0.564,1,0,0
txn_003897,2026-06-28T08:03:00,1354.05,upi,kotak,issuer_declined,2,18,0,0.617,60,0,0
txn_003898,2026-06-10T11:10:00,4825.91,upi,hdfc,card_expired,2,13,0,0.744,1,0,1
txn_003899,2026-06-13T07:58:00,62.75,upi,icici,invalid_otp,1,12,0,0.414,60,0,0
txn_003900,2026-06-13T17:09:00,239.65,upi,other,issuer_declined,2,16,0,0.473,60,0,0
txn_003901,2026-06-18T20:14:00,499.58,netbanking,kotak,bank_server_down,1,9,0,0.843,60,0,1
txn_003902,2026-07-27T19:18:00,1009.96,wallet,sbi,invalid_otp,3,21,0,0.413,720,0,1
txn_003903,2026-07-21T11:54:00,1230.58,wallet,hdfc,insufficient_funds,1,16,0,0.635,60,0,0
txn_003904,2026-06-15T11:11:00,3026.46,netbanking,kotak,card_expired,2,9,0,0.997,1,0,0
txn_003905,2026-07-12T17:21:00,2734.6,netbanking,idfc,issuer_declined,2,22,1,0.64,30,0,1
txn_003906,2026-07-22T14:00:00,1349.16,upi,icici,issuer_declined,1,15,1,0.551,180,0,0
txn_003907,2026-07-12T21:49:00,636.8,netbanking,idfc,insufficient_funds,2,5,0,0.852,15,0,1
txn_003908,2026-07-28T20:43:00,128.25,netbanking,hdfc,network_timeout,1,20,0,0.95,1,0,1
txn_003909,2026-06-12T06:36:00,1417.57,card,hdfc,card_expired,2,4,1,0.601,15,0,0
txn_003910,2026-07-15T14:23:00,1110.05,upi,icici,invalid_otp,2,18,0,0.753,1,0,1
txn_003911,2026-06-01T00:53:00,1229.58,wallet,yesbank,gateway_error,2,21,0,0.854,15,0,1
txn_003912,2026-07-12T22:57:00,731.14,netbanking,other,insufficient_funds,1,23,0,0.509,5,0,0
txn_003913,2026-07-09T05:27:00,473.32,upi,kotak,issuer_declined,2,2,0,0.924,5,0,0
txn_003914,2026-07-12T10:52:00,124.52,card,idfc,risk_block,2,13,1,0.554,30,1,0
txn_003915,2026-07-03T13:00:00,242.59,wallet,yesbank,gateway_error,1,21,0,0.662,30,0,1
txn_003916,2026-07-03T21:57:00,1033.27,wallet,icici,risk_block,1,22,1,0.832,720,1,0
txn_003917,2026-07-19T12:03:00,555.6,wallet,yesbank,insufficient_funds,2,17,1,0.819,180,0,0
txn_003918,2026-07-12T23:43:00,718.17,wallet,other,invalid_otp,1,11,0,0.794,60,0,1
txn_003919,2026-07-21T06:05:00,421.38,netbanking,icici,insufficient_funds,2,3,1,0.861,720,0,0
txn_003920,2026-07-11T01:17:00,2191.83,card,icici,gateway_error,1,9,0,0.422,5,0,0
txn_003921,2026-06-29T04:57:00,543.72,card,axis,gateway_error,1,7,1,0.586,15,0,0
txn_003922,2026-07-13T23:39:00,855.41,netbanking,axis,network_timeout,1,19,0,0.361,180,0,1
txn_003923,2026-06-26T09:19:00,2490.32,upi,icici,card_expired,3,19,0,0.497,60,0,0
txn_003924,2026-06-15T20:03:00,565.65,wallet,icici,network_timeout,2,11,1,0.803,30,0,1
txn_003925,2026-06-03T02:54:00,1908.89,wallet,sbi,bank_server_down,1,4,0,0.74,180,0,1
txn_003926,2026-06-15T05:37:00,440.59,upi,kotak,insufficient_funds,2,13,0,0.611,15,0,0
txn_003927,2026-06-30T03:58:00,328.5,wallet,sbi,network_timeout,1,14,0,0.833,60,0,1
txn_003928,2026-06-20T17:02:00,2411.28,upi,icici,insufficient_funds,2,22,0,1.0,5,0,1
txn_003929,2026-06-25T15:57:00,1375.7,netbanking,axis,insufficient_funds,3,20,0,0.901,30,0,0
txn_003930,2026-07-21T02:10:00,335.21,wallet,yesbank,gateway_error,1,3,0,0.677,60,0,1
txn_003931,2026-06-28T05:49:00,88.31,wallet,other,issuer_declined,1,9,0,0.544,60,0,0
txn_003932,2026-06-09T07:13:00,136.64,card,kotak,bank_server_down,2,8,0,0.879,60,0,0
txn_003933,2026-07-28T01:50:00,1234.81,card,sbi,network_timeout,1,6,0,0.479,5,0,1
txn_003934,2026-06-02T15:48:00,1161.88,netbanking,other,insufficient_funds,2,14,0,0.467,1,0,0
txn_003935,2026-07-10T21:01:00,638.9,wallet,sbi,insufficient_funds,2,13,0,0.602,60,0,0
txn_003936,2026-06-14T03:06:00,2375.64,netbanking,sbi,invalid_otp,2,22,1,0.608,15,0,1
txn_003937,2026-06-06T19:06:00,311.76,wallet,axis,issuer_declined,1,2,0,0.679,5,0,1
txn_003938,2026-07-17T07:56:00,1051.56,upi,axis,bank_server_down,2,19,0,0.544,720,0,1
txn_003939,2026-07-26T21:29:00,543.26,upi,kotak,network_timeout,1,1,0,1.0,15,0,1
txn_003940,2026-07-05T01:08:00,241.69,upi,icici,network_timeout,1,5,1,0.708,30,0,0
txn_003941,2026-07-13T03:42:00,19899.53,netbanking,other,bank_server_down,1,6,0,0.614,720,0,1
txn_003942,2026-07-19T13:36:00,1183.41,upi,axis,issuer_declined,2,1,1,0.668,180,0,0
txn_003943,2026-06-12T14:17:00,287.79,netbanking,yesbank,bank_server_down,2,7,0,0.794,60,0,1
txn_003944,2026-06-25T17:11:00,455.76,upi,axis,gateway_error,2,23,0,0.722,180,0,1
txn_003945,2026-07-27T21:36:00,584.54,wallet,axis,network_timeout,1,8,0,0.296,5,0,1
txn_003946,2026-06-03T13:22:00,2666.24,netbanking,idfc,insufficient_funds,3,11,0,0.68,30,0,0
txn_003947,2026-06-25T09:15:00,162.23,wallet,axis,card_expired,1,10,0,0.488,5,0,0
txn_003948,2026-06-05T00:44:00,3680.58,wallet,axis,issuer_declined,1,21,0,0.8,5,0,0
txn_003949,2026-07-01T05:04:00,1161.63,upi,icici,invalid_otp,1,2,1,0.882,1,0,0
txn_003950,2026-07-10T05:20:00,2294.81,card,other,insufficient_funds,2,15,0,0.721,5,0,0
txn_003951,2026-06-25T18:33:00,1662.96,card,kotak,insufficient_funds,1,23,0,0.569,60,0,1
txn_003952,2026-06-23T02:11:00,11514.02,card,icici,gateway_error,3,6,1,0.436,15,0,0
txn_003953,2026-07-25T20:12:00,92.93,wallet,other,network_timeout,1,17,0,0.418,15,0,0
txn_003954,2026-07-16T16:14:00,281.75,wallet,sbi,gateway_error,2,4,0,1.0,15,0,0
txn_003955,2026-07-12T14:54:00,743.9,card,sbi,invalid_otp,2,4,0,0.431,30,0,0
txn_003956,2026-06-21T23:39:00,131.75,card,kotak,network_timeout,2,10,0,0.434,30,0,1
txn_003957,2026-06-22T00:15:00,124.91,netbanking,idfc,issuer_declined,1,4,0,0.643,720,0,0
txn_003958,2026-07-02T09:34:00,724.15,netbanking,idfc,card_expired,2,6,0,0.731,720,0,0
txn_003959,2026-07-06T09:29:00,323.04,wallet,sbi,card_expired,1,22,0,0.843,1,0,0
txn_003960,2026-07-10T13:36:00,168.9,upi,hdfc,bank_server_down,3,14,0,0.338,1,0,0
txn_003961,2026-06-25T07:29:00,2844.39,netbanking,other,gateway_error,2,19,1,0.545,30,0,0
txn_003962,2026-06-05T00:27:00,544.58,card,yesbank,bank_server_down,1,10,0,1.0,60,0,1
txn_003963,2026-07-22T23:54:00,489.61,upi,sbi,gateway_error,1,5,1,0.552,720,0,1
txn_003964,2026-07-13T09:31:00,153.65,netbanking,idfc,card_expired,1,3,0,0.909,60,0,0
txn_003965,2026-07-16T18:04:00,1709.94,upi,icici,issuer_declined,1,1,0,0.91,60,0,0
txn_003966,2026-07-06T20:31:00,246.07,wallet,hdfc,bank_server_down,1,7,0,0.817,720,0,1
txn_003967,2026-07-09T21:48:00,5541.37,card,sbi,issuer_declined,2,1,0,0.494,15,0,0
txn_003968,2026-07-08T11:26:00,552.68,netbanking,yesbank,invalid_otp,1,17,0,0.788,180,0,0
txn_003969,2026-07-11T09:03:00,186.04,upi,kotak,invalid_otp,3,0,1,0.915,1,0,1
txn_003970,2026-07-20T08:25:00,650.16,wallet,kotak,bank_server_down,2,15,1,0.766,15,0,1
txn_003971,2026-06-11T12:32:00,366.34,card,other,invalid_otp,1,5,0,1.0,15,0,1
txn_003972,2026-06-02T17:30:00,652.94,upi,other,bank_server_down,3,17,0,0.666,180,0,1
txn_003973,2026-06-28T10:22:00,728.13,upi,icici,risk_block,1,20,0,0.724,180,1,0
txn_003974,2026-07-02T15:26:00,166.66,upi,kotak,card_expired,1,18,0,0.845,15,0,0
txn_003975,2026-07-21T04:54:00,671.91,upi,hdfc,invalid_otp,1,10,0,0.684,720,0,1
txn_003976,2026-07-17T02:34:00,381.5,card,other,insufficient_funds,1,17,0,0.825,60,0,1
txn_003977,2026-07-13T18:35:00,760.67,netbanking,icici,bank_server_down,3,19,1,0.681,30,0,1
txn_003978,2026-06-08T13:08:00,921.29,wallet,axis,risk_block,1,13,0,0.52,720,1,0
txn_003979,2026-07-25T10:03:00,1112.52,card,icici,insufficient_funds,2,12,1,0.516,720,0,0
txn_003980,2026-06-10T03:10:00,1126.31,upi,idfc,invalid_otp,2,16,0,1.0,30,0,1
txn_003981,2026-07-15T21:04:00,6867.72,card,sbi,insufficient_funds,1,15,0,0.769,5,0,1
txn_003982,2026-07-06T22:13:00,103.46,card,idfc,bank_server_down,1,13,0,0.68,30,0,1
txn_003983,2026-07-22T16:21:00,6154.93,card,kotak,card_expired,3,18,0,0.66,1,0,0
txn_003984,2026-07-21T05:23:00,1990.51,card,yesbank,risk_block,1,7,1,0.843,180,1,0
txn_003985,2026-07-21T17:55:00,345.92,netbanking,idfc,issuer_declined,2,3,0,0.535,5,0,0
txn_003986,2026-06-05T06:51:00,2591.31,card,icici,gateway_error,2,5,0,0.8,720,0,1
txn_003987,2026-06-11T20:24:00,3519.75,card,sbi,network_timeout,2,17,1,1.0,30,0,1
txn_003988,2026-06-07T00:56:00,651.53,netbanking,hdfc,insufficient_funds,1,2,0,0.727,30,0,0
txn_003989,2026-06-23T12:05:00,3880.9,upi,hdfc,card_expired,2,23,1,0.59,1,0,1
txn_003990,2026-06-23T17:42:00,313.86,card,icici,issuer_declined,1,23,0,0.492,5,0,0
txn_003991,2026-07-28T19:45:00,462.8,wallet,kotak,invalid_otp,2,23,0,0.625,1,0,1
txn_003992,2026-06-11T19:18:00,1002.41,card,axis,card_expired,3,15,0,0.536,15,0,0
txn_003993,2026-07-23T20:26:00,222.56,upi,axis,invalid_otp,1,4,0,0.492,60,0,0
txn_003994,2026-07-12T15:34:00,448.37,upi,sbi,network_timeout,1,19,0,0.938,720,0,1
txn_003995,2026-07-11T22:51:00,1204.26,upi,idfc,risk_block,2,14,0,1.0,15,1,0
txn_003996,2026-07-08T10:53:00,642.37,netbanking,other,network_timeout,2,22,0,0.663,30,0,1
txn_003997,2026-07-10T12:05:00,1328.15,card,axis,card_expired,1,7,0,0.763,180,0,0
txn_003998,2026-07-03T17:07:00,558.55,wallet,yesbank,network_timeout,3,20,0,0.461,1,0,0
txn_003999,2026-07-17T05:33:00,266.17,wallet,axis,insufficient_funds,1,0,0,0.482,5,0,0
txn_004000,2026-07-17T14:37:00,5057.05,upi,sbi,card_expired,2,11,0,0.802,720,0,0
txn_004001,2026-07-30T02:15:00,1037.53,card,other,card_expired,2,2,0,0.726,5,0,0
txn_004002,2026-06-26T23:10:00,1378.99,netbanking,axis,insufficient_funds,1,2,0,0.892,180,0,0
txn_004003,2026-07-09T10:57:00,60.9,wallet,other,card_expired,1,5,0,0.613,5,0,0
txn_004004,2026-07-15T19:50:00,2041.77,upi,kotak,network_timeout,1,12,0,0.993,5,0,1
txn_004005,2026-07-13T07:17:00,1888.48,card,sbi,insufficient_funds,1,12,0,0.597,60,0,0
txn_004006,2026-07-21T02:11:00,1723.53,netbanking,yesbank,insufficient_funds,2,19,1,0.64,60,0,0
txn_004007,2026-07-28T16:58:00,294.21,upi,sbi,gateway_error,1,17,0,0.67,15,0,1
txn_004008,2026-06-17T16:24:00,1832.41,card,kotak,insufficient_funds,2,2,1,0.625,1,0,0
txn_004009,2026-07-05T18:09:00,504.17,card,yesbank,gateway_error,1,9,0,0.606,1,0,0
txn_004010,2026-07-30T07:09:00,682.23,wallet,kotak,insufficient_funds,1,1,0,0.752,720,0,0
txn_004011,2026-07-14T16:19:00,436.98,upi,idfc,insufficient_funds,1,14,1,0.526,720,0,0
txn_004012,2026-06-06T21:37:00,349.88,upi,axis,network_timeout,3,10,1,0.645,15,0,0
txn_004013,2026-06-04T13:48:00,493.87,netbanking,axis,invalid_otp,1,0,0,0.52,720,0,1
txn_004014,2026-06-08T19:25:00,1060.25,wallet,axis,gateway_error,1,8,0,1.0,5,0,0
txn_004015,2026-07-26T12:35:00,2228.08,netbanking,icici,insufficient_funds,1,8,0,0.386,180,0,1
txn_004016,2026-07-06T14:13:00,192.7,card,hdfc,card_expired,2,6,1,0.994,720,0,0
txn_004017,2026-06-27T16:14:00,2265.7,card,sbi,insufficient_funds,1,15,0,1.0,60,0,1
txn_004018,2026-06-20T06:47:00,720.59,upi,sbi,gateway_error,1,6,1,0.789,60,0,1
txn_004019,2026-07-27T10:46:00,429.19,card,kotak,gateway_error,1,18,1,0.948,30,0,1
txn_004020,2026-06-23T12:05:00,1649.46,upi,other,issuer_declined,1,22,0,0.698,1,0,0
txn_004021,2026-06-24T02:11:00,2895.51,card,other,bank_server_down,2,11,0,0.763,180,0,1
txn_004022,2026-06-09T19:22:00,815.67,wallet,other,insufficient_funds,1,19,0,0.623,30,0,0
txn_004023,2026-06-21T23:56:00,896.22,wallet,sbi,network_timeout,2,9,0,1.0,180,0,1
txn_004024,2026-07-15T03:48:00,761.36,card,axis,insufficient_funds,1,16,0,0.719,5,0,0
txn_004025,2026-06-28T06:22:00,351.95,netbanking,other,gateway_error,1,2,0,0.708,15,0,1
txn_004026,2026-07-19T22:24:00,1034.65,upi,idfc,invalid_otp,1,11,1,0.613,720,0,1
txn_004027,2026-07-20T11:49:00,31.39,netbanking,yesbank,issuer_declined,2,17,0,0.271,15,0,0
txn_004028,2026-06-28T09:00:00,140.0,netbanking,other,issuer_declined,2,5,0,0.888,5,0,1
txn_004029,2026-07-18T05:26:00,3063.7,wallet,other,insufficient_funds,1,15,1,0.629,1,0,1
txn_004030,2026-07-14T03:19:00,371.75,card,hdfc,risk_block,2,4,0,0.662,5,1,0
txn_004031,2026-07-02T10:45:00,1736.03,upi,sbi,invalid_otp,2,20,1,0.771,5,0,1
txn_004032,2026-06-08T21:51:00,88.77,wallet,icici,invalid_otp,1,15,0,0.288,1,0,1
txn_004033,2026-07-18T19:49:00,608.18,card,sbi,insufficient_funds,2,4,0,0.403,720,0,0
txn_004034,2026-06-10T15:07:00,286.59,netbanking,axis,bank_server_down,2,20,0,0.948,60,0,1
txn_004035,2026-06-15T17:07:00,730.17,upi,idfc,issuer_declined,1,12,1,1.0,15,0,0
txn_004036,2026-07-23T02:43:00,215.76,upi,yesbank,gateway_error,2,5,1,0.55,1,0,1
txn_004037,2026-07-16T14:03:00,4018.61,wallet,kotak,invalid_otp,1,3,0,1.0,5,0,1
txn_004038,2026-07-17T01:40:00,226.74,card,other,issuer_declined,2,21,0,0.723,60,0,0
txn_004039,2026-07-01T12:16:00,3390.04,card,kotak,bank_server_down,2,18,0,0.436,180,0,1
txn_004040,2026-07-13T13:46:00,3809.41,card,yesbank,bank_server_down,1,15,1,0.345,30,0,1
txn_004041,2026-06-25T04:26:00,356.77,upi,hdfc,gateway_error,3,12,0,0.65,30,0,1
txn_004042,2026-07-30T01:53:00,397.87,netbanking,icici,insufficient_funds,2,23,0,0.582,1,0,0
txn_004043,2026-06-24T08:57:00,470.05,card,other,bank_server_down,2,3,1,0.487,720,0,1
txn_004044,2026-07-20T22:41:00,1329.58,upi,sbi,invalid_otp,1,21,0,0.775,30,0,1
txn_004045,2026-06-11T15:45:00,252.52,card,icici,insufficient_funds,2,8,1,0.808,60,0,1
txn_004046,2026-06-29T14:27:00,376.45,upi,idfc,issuer_declined,1,8,0,0.462,60,0,0
txn_004047,2026-07-21T19:04:00,667.33,upi,other,insufficient_funds,1,10,1,0.844,5,0,1
txn_004048,2026-07-18T17:48:00,222.94,upi,axis,gateway_error,1,8,0,1.0,60,0,1
txn_004049,2026-06-18T08:31:00,2905.41,upi,hdfc,insufficient_funds,1,10,0,0.472,5,0,0
txn_004050,2026-07-22T07:54:00,473.72,wallet,sbi,insufficient_funds,2,0,0,0.725,15,0,1
txn_004051,2026-06-02T14:34:00,280.05,upi,idfc,issuer_declined,1,1,0,0.528,30,0,0
txn_004052,2026-06-08T17:53:00,501.43,netbanking,sbi,issuer_declined,1,15,0,0.605,5,0,0
txn_004053,2026-07-08T08:21:00,1284.68,wallet,idfc,card_expired,1,18,0,0.488,720,0,0
txn_004054,2026-06-06T08:43:00,312.41,upi,hdfc,card_expired,2,20,0,1.0,180,0,0
txn_004055,2026-06-16T17:29:00,906.23,wallet,hdfc,insufficient_funds,1,15,0,0.515,5,0,0
txn_004056,2026-07-20T15:42:00,1768.91,upi,icici,bank_server_down,1,19,0,0.526,15,0,1
txn_004057,2026-07-02T10:07:00,210.05,netbanking,kotak,insufficient_funds,2,13,0,0.872,180,0,0
txn_004058,2026-07-03T02:49:00,660.48,wallet,yesbank,invalid_otp,1,8,0,0.537,60,0,1
txn_004059,2026-07-21T05:06:00,48.82,wallet,icici,insufficient_funds,2,13,1,0.456,30,0,1
txn_004060,2026-07-29T15:25:00,3623.29,wallet,axis,gateway_error,1,14,0,0.566,5,0,0
txn_004061,2026-06-26T06:06:00,291.96,upi,axis,bank_server_down,3,15,1,0.574,1,0,0
txn_004062,2026-07-22T18:36:00,570.48,upi,other,bank_server_down,2,7,0,0.488,1,0,0
txn_004063,2026-07-11T17:26:00,543.6,card,other,insufficient_funds,1,19,0,0.728,30,0,0
txn_004064,2026-06-13T10:17:00,477.09,wallet,yesbank,insufficient_funds,3,6,1,0.867,720,0,1
txn_004065,2026-06-21T06:37:00,1393.27,upi,icici,issuer_declined,2,6,0,0.45,1,0,0
txn_004066,2026-07-17T03:45:00,547.82,wallet,other,insufficient_funds,1,22,0,0.781,30,0,1
txn_004067,2026-07-05T11:16:00,807.86,wallet,sbi,insufficient_funds,2,6,0,0.695,720,0,1
txn_004068,2026-07-30T02:46:00,129.87,card,icici,bank_server_down,1,18,0,0.389,30,0,1
txn_004069,2026-07-01T10:31:00,1519.1,upi,axis,invalid_otp,1,14,1,0.777,180,0,0
txn_004070,2026-06-08T02:17:00,1131.86,netbanking,icici,bank_server_down,1,3,0,0.82,1,0,0
txn_004071,2026-07-05T07:10:00,154.77,upi,kotak,network_timeout,2,10,0,0.979,60,0,1
txn_004072,2026-06-25T10:18:00,600.37,card,idfc,insufficient_funds,1,15,1,0.794,180,0,0
txn_004073,2026-07-11T23:15:00,5425.64,wallet,yesbank,insufficient_funds,1,5,1,0.837,5,0,1
txn_004074,2026-07-27T16:01:00,345.25,wallet,kotak,insufficient_funds,2,23,1,0.9,1,0,0
txn_004075,2026-07-23T15:33:00,200.64,card,icici,invalid_otp,2,19,1,1.0,60,0,0
txn_004076,2026-07-16T09:20:00,1864.11,upi,idfc,insufficient_funds,2,8,1,0.641,180,0,0
txn_004077,2026-07-06T05:33:00,1056.96,card,icici,gateway_error,1,1,1,0.683,60,0,1
txn_004078,2026-07-19T04:16:00,252.17,wallet,yesbank,risk_block,1,19,0,0.648,720,1,0
txn_004079,2026-07-10T15:49:00,292.59,card,hdfc,bank_server_down,3,17,0,0.032,60,0,0
txn_004080,2026-06-07T15:18:00,426.2,wallet,idfc,bank_server_down,3,11,0,0.633,30,0,1
txn_004081,2026-07-17T08:32:00,1062.11,netbanking,yesbank,insufficient_funds,2,8,0,0.771,1,0,1
txn_004082,2026-06-28T11:53:00,756.01,wallet,icici,bank_server_down,1,6,0,0.686,15,0,1
txn_004083,2026-07-13T04:27:00,8213.71,netbanking,idfc,card_expired,3,23,0,0.857,1,0,0
txn_004084,2026-07-07T16:50:00,56.92,upi,kotak,insufficient_funds,1,15,1,0.581,60,0,1
txn_004085,2026-06-11T04:12:00,1311.8,wallet,icici,issuer_declined,3,8,0,0.647,15,0,0
txn_004086,2026-06-22T22:54:00,488.81,wallet,sbi,issuer_declined,1,20,0,1.0,30,0,0
txn_004087,2026-06-08T22:31:00,487.39,card,kotak,risk_block,1,1,0,0.851,1,1,0
txn_004088,2026-07-27T15:40:00,736.22,card,sbi,issuer_declined,2,2,0,0.958,1,0,0
txn_004089,2026-07-28T18:18:00,683.49,netbanking,yesbank,card_expired,1,21,1,0.491,30,0,0
txn_004090,2026-06-28T18:19:00,522.33,upi,other,network_timeout,1,14,0,0.75,1,0,0
txn_004091,2026-06-24T19:29:00,221.65,netbanking,idfc,bank_server_down,1,10,1,0.664,5,0,1
txn_004092,2026-07-16T18:21:00,1237.71,netbanking,yesbank,bank_server_down,1,20,1,0.494,60,0,1
txn_004093,2026-06-14T19:02:00,226.34,upi,axis,bank_server_down,1,16,0,1.0,180,0,1
txn_004094,2026-07-20T20:00:00,129.24,card,kotak,issuer_declined,2,18,0,0.981,720,0,0
txn_004095,2026-06-21T03:37:00,1352.62,card,idfc,insufficient_funds,1,1,0,1.0,180,0,0
txn_004096,2026-06-18T04:39:00,112.54,netbanking,idfc,bank_server_down,1,19,0,0.785,15,0,1
txn_004097,2026-07-28T18:28:00,125.88,card,yesbank,insufficient_funds,1,6,0,0.592,1,0,0
txn_004098,2026-07-01T01:56:00,403.09,wallet,kotak,bank_server_down,1,2,1,0.923,15,0,0
txn_004099,2026-07-03T00:30:00,231.62,wallet,sbi,gateway_error,3,23,0,0.765,15,0,0
txn_004100,2026-06-14T13:02:00,3015.95,card,idfc,bank_server_down,3,11,1,0.851,1,0,1
txn_004101,2026-07-28T13:33:00,1181.58,netbanking,axis,gateway_error,2,22,0,0.475,1,0,1
txn_004102,2026-06-09T16:50:00,369.02,card,yesbank,invalid_otp,1,6,1,0.879,1,0,0
txn_004103,2026-06-05T19:39:00,659.4,card,other,network_timeout,1,4,0,1.0,180,0,0
txn_004104,2026-06-05T07:00:00,2461.43,netbanking,hdfc,insufficient_funds,2,19,0,0.415,60,0,0
txn_004105,2026-06-29T01:31:00,164.23,netbanking,icici,gateway_error,2,8,1,0.516,15,0,1
txn_004106,2026-07-02T18:59:00,2193.98,netbanking,other,insufficient_funds,2,21,0,0.767,720,0,0
txn_004107,2026-07-24T00:05:00,1241.09,upi,yesbank,risk_block,1,18,0,0.937,30,1,0
txn_004108,2026-07-23T22:56:00,767.92,upi,idfc,insufficient_funds,1,0,0,0.599,1,0,0
txn_004109,2026-07-12T13:43:00,222.69,upi,kotak,bank_server_down,3,18,1,0.611,30,0,1
txn_004110,2026-07-11T08:21:00,276.84,wallet,yesbank,bank_server_down,2,13,0,0.549,30,0,1
txn_004111,2026-06-13T14:01:00,379.99,netbanking,axis,insufficient_funds,3,22,1,0.785,720,0,0
txn_004112,2026-06-30T13:12:00,512.87,wallet,icici,bank_server_down,1,15,0,0.617,180,0,1
txn_004113,2026-06-08T17:19:00,2424.74,upi,icici,insufficient_funds,2,6,0,0.41,15,0,1
txn_004114,2026-06-09T18:45:00,3425.12,card,hdfc,insufficient_funds,2,9,0,0.864,30,0,0
txn_004115,2026-07-14T11:51:00,205.21,netbanking,sbi,gateway_error,1,5,0,0.585,5,0,1
txn_004116,2026-06-29T04:18:00,775.7,upi,other,issuer_declined,1,14,1,0.679,15,0,1
txn_004117,2026-06-01T03:16:00,114.46,upi,sbi,invalid_otp,2,20,0,0.667,60,0,1
txn_004118,2026-06-22T22:06:00,3739.89,card,other,network_timeout,2,23,0,0.956,30,0,1
txn_004119,2026-07-17T17:58:00,338.45,netbanking,kotak,insufficient_funds,1,11,0,0.918,1,0,0
txn_004120,2026-06-19T05:16:00,1693.28,netbanking,idfc,issuer_declined,1,1,0,0.637,5,0,0
txn_004121,2026-07-12T16:04:00,1931.58,card,idfc,network_timeout,1,8,0,0.6,15,0,0
txn_004122,2026-07-10T06:10:00,607.24,netbanking,kotak,invalid_otp,2,7,0,0.932,1,0,0
txn_004123,2026-07-14T20:20:00,997.9,card,axis,insufficient_funds,2,21,1,0.826,1,0,1
txn_004124,2026-06-10T10:05:00,445.94,card,kotak,issuer_declined,1,6,1,0.771,5,0,0
txn_004125,2026-07-16T01:05:00,1508.03,upi,axis,network_timeout,2,17,0,0.983,5,0,1
txn_004126,2026-07-24T04:00:00,1534.16,netbanking,kotak,insufficient_funds,1,1,0,0.992,15,0,0
txn_004127,2026-07-24T03:07:00,1026.19,netbanking,sbi,invalid_otp,2,5,0,0.368,30,0,1
txn_004128,2026-06-29T22:41:00,676.76,upi,hdfc,card_expired,1,16,0,0.804,180,0,0
txn_004129,2026-06-25T01:00:00,1486.09,card,icici,issuer_declined,1,11,0,0.875,180,0,1
txn_004130,2026-07-17T21:16:00,1230.96,wallet,kotak,gateway_error,2,5,0,0.806,5,0,1
txn_004131,2026-06-01T09:40:00,824.46,netbanking,hdfc,risk_block,2,14,0,0.759,1,1,0
txn_004132,2026-07-18T05:21:00,1076.17,card,hdfc,issuer_declined,2,7,0,0.471,60,0,0
txn_004133,2026-06-17T18:42:00,76.49,wallet,icici,network_timeout,3,7,1,0.485,60,0,0
txn_004134,2026-07-18T17:46:00,296.9,netbanking,hdfc,bank_server_down,1,9,0,0.757,5,0,1
txn_004135,2026-06-13T02:10:00,927.58,upi,other,insufficient_funds,2,8,0,0.775,5,0,1
txn_004136,2026-06-03T01:41:00,178.08,netbanking,idfc,issuer_declined,1,7,0,0.934,180,0,0
txn_004137,2026-07-12T06:14:00,982.96,wallet,yesbank,insufficient_funds,2,12,0,0.53,1,0,0
txn_004138,2026-07-28T03:38:00,3707.79,netbanking,kotak,issuer_declined,1,16,0,0.596,180,0,0
txn_004139,2026-06-28T13:08:00,131.54,upi,axis,network_timeout,2,4,1,1.0,60,0,1
txn_004140,2026-07-17T09:08:00,4018.26,wallet,icici,insufficient_funds,2,21,1,0.623,720,0,0
txn_004141,2026-06-03T14:59:00,1273.69,upi,axis,gateway_error,1,3,0,0.711,180,0,1
txn_004142,2026-07-24T02:15:00,2028.55,netbanking,icici,issuer_declined,2,22,0,0.588,180,0,1
txn_004143,2026-07-23T14:33:00,870.07,wallet,hdfc,insufficient_funds,2,16,1,0.519,30,0,1
txn_004144,2026-06-06T18:54:00,287.6,upi,idfc,insufficient_funds,1,13,0,1.0,720,0,1
txn_004145,2026-06-24T08:06:00,783.98,upi,kotak,risk_block,2,14,0,1.0,720,1,0
txn_004146,2026-07-12T19:31:00,220.3,netbanking,icici,bank_server_down,1,1,1,0.894,5,0,1
txn_004147,2026-06-17T08:33:00,703.11,upi,hdfc,bank_server_down,2,16,0,0.838,180,0,1
txn_004148,2026-06-11T23:22:00,219.58,netbanking,sbi,network_timeout,3,5,0,1.0,5,0,1
txn_004149,2026-07-13T08:04:00,176.16,card,kotak,issuer_declined,1,7,0,0.543,60,0,0
txn_004150,2026-06-06T13:05:00,507.8,upi,kotak,network_timeout,3,22,0,0.876,30,0,1
txn_004151,2026-07-07T11:00:00,1439.52,card,kotak,invalid_otp,1,13,0,0.509,15,0,0
txn_004152,2026-07-20T11:46:00,1730.18,card,icici,issuer_declined,1,6,0,0.74,1,0,0
txn_004153,2026-06-15T05:49:00,117.1,upi,hdfc,gateway_error,1,22,0,1.0,60,0,0
txn_004154,2026-07-17T21:29:00,882.72,card,other,issuer_declined,2,17,0,0.753,15,0,1
txn_004155,2026-06-26T19:31:00,877.88,card,axis,insufficient_funds,1,15,0,0.671,180,0,0
txn_004156,2026-07-12T20:15:00,194.3,wallet,sbi,issuer_declined,1,22,0,0.676,180,0,0
txn_004157,2026-07-05T05:12:00,365.07,upi,other,gateway_error,1,12,0,0.763,5,0,0
txn_004158,2026-06-19T14:18:00,1033.3,wallet,idfc,insufficient_funds,1,5,1,0.766,180,0,0
txn_004159,2026-07-21T13:14:00,898.48,wallet,other,gateway_error,1,5,0,1.0,30,0,1
txn_004160,2026-07-17T04:37:00,1667.04,wallet,other,insufficient_funds,2,22,0,0.827,15,0,1
txn_004161,2026-07-03T07:09:00,645.87,netbanking,axis,risk_block,3,17,1,0.712,1,1,0
txn_004162,2026-07-14T19:47:00,212.13,card,hdfc,risk_block,1,1,0,0.908,1,1,0
txn_004163,2026-06-05T13:40:00,348.54,wallet,idfc,gateway_error,1,14,0,0.948,60,0,1
txn_004164,2026-07-30T10:30:00,464.53,card,other,invalid_otp,2,13,0,0.866,1,0,1
txn_004165,2026-06-25T17:47:00,1545.1,wallet,other,insufficient_funds,2,3,0,0.825,60,0,0
txn_004166,2026-07-02T14:00:00,252.29,wallet,yesbank,gateway_error,1,2,0,0.578,15,0,0
txn_004167,2026-07-01T22:02:00,135.87,card,kotak,invalid_otp,2,5,0,0.994,5,0,1
txn_004168,2026-07-14T05:27:00,284.62,netbanking,hdfc,network_timeout,2,19,1,0.806,720,0,1
txn_004169,2026-06-13T01:28:00,1449.43,netbanking,kotak,insufficient_funds,2,11,0,0.721,60,0,1
txn_004170,2026-07-20T11:14:00,993.61,wallet,other,bank_server_down,1,15,0,0.89,1,0,1
txn_004171,2026-06-13T09:35:00,469.16,wallet,sbi,insufficient_funds,2,9,1,0.981,30,0,1
txn_004172,2026-06-17T14:15:00,426.82,upi,other,insufficient_funds,1,6,0,0.627,15,0,1
txn_004173,2026-06-12T12:57:00,259.23,netbanking,idfc,invalid_otp,1,10,0,0.544,15,0,1
txn_004174,2026-06-18T05:42:00,1527.4,netbanking,idfc,card_expired,1,11,0,0.552,60,0,0
txn_004175,2026-06-10T13:10:00,455.44,card,hdfc,network_timeout,2,1,0,0.763,15,0,0
txn_004176,2026-07-29T17:02:00,542.41,card,icici,network_timeout,1,2,0,0.648,30,0,1
txn_004177,2026-06-30T03:06:00,267.51,netbanking,other,insufficient_funds,1,10,1,0.541,15,0,0
txn_004178,2026-07-17T04:22:00,2027.7,wallet,other,insufficient_funds,1,13,0,0.653,60,0,0
txn_004179,2026-06-26T22:58:00,1075.47,netbanking,kotak,card_expired,2,5,1,1.0,15,0,0
txn_004180,2026-07-04T23:22:00,443.01,wallet,hdfc,risk_block,2,20,0,0.495,5,1,0
txn_004181,2026-07-29T11:25:00,1166.75,netbanking,axis,risk_block,1,2,0,0.572,1,1,0
txn_004182,2026-07-24T12:15:00,104.22,wallet,sbi,bank_server_down,1,19,0,0.899,30,0,0
txn_004183,2026-07-07T13:48:00,362.4,upi,yesbank,insufficient_funds,2,3,0,0.665,30,0,1
txn_004184,2026-06-09T02:12:00,317.02,card,sbi,invalid_otp,1,22,0,0.401,5,0,1
txn_004185,2026-06-01T17:26:00,456.68,card,sbi,bank_server_down,2,10,0,0.251,180,0,1
txn_004186,2026-07-19T20:56:00,569.44,wallet,idfc,gateway_error,3,15,0,0.726,1,0,1
txn_004187,2026-07-27T21:12:00,1447.2,upi,hdfc,gateway_error,1,2,0,0.644,720,0,1
txn_004188,2026-06-06T16:22:00,651.08,upi,idfc,gateway_error,1,13,0,0.682,720,0,1
txn_004189,2026-06-07T15:32:00,2660.09,card,sbi,issuer_declined,1,11,0,0.154,5,0,0
txn_004190,2026-07-14T04:21:00,478.65,wallet,idfc,gateway_error,1,19,0,0.625,180,0,1
txn_004191,2026-06-11T15:46:00,414.67,upi,icici,risk_block,1,9,0,0.831,30,1,1
txn_004192,2026-06-21T14:16:00,470.4,netbanking,hdfc,network_timeout,1,6,1,0.748,15,0,0
txn_004193,2026-07-08T04:03:00,218.52,wallet,idfc,bank_server_down,1,20,1,0.662,60,0,1
txn_004194,2026-07-27T20:00:00,971.19,card,axis,invalid_otp,1,6,0,0.67,720,0,1
txn_004195,2026-07-22T14:02:00,2106.75,wallet,axis,gateway_error,3,11,0,0.787,60,0,0
txn_004196,2026-07-22T19:35:00,279.97,netbanking,yesbank,issuer_declined,1,10,0,1.0,30,0,0
txn_004197,2026-06-07T09:36:00,2869.14,upi,yesbank,issuer_declined,1,9,0,0.585,15,0,0
txn_004198,2026-06-12T23:05:00,681.83,upi,axis,insufficient_funds,1,0,0,0.868,1,0,0
txn_004199,2026-07-10T06:52:00,150.82,upi,hdfc,insufficient_funds,1,15,0,1.0,60,0,1
txn_004200,2026-07-29T13:25:00,1098.16,card,yesbank,bank_server_down,1,13,0,0.769,60,0,1
txn_004201,2026-07-29T16:12:00,1940.52,netbanking,kotak,bank_server_down,2,0,0,0.449,5,0,1
txn_004202,2026-06-18T02:29:00,251.94,upi,other,network_timeout,1,15,1,0.748,720,0,1
txn_004203,2026-07-11T15:44:00,594.39,netbanking,icici,gateway_error,1,4,1,0.889,5,0,0
txn_004204,2026-07-06T22:08:00,2032.35,wallet,axis,network_timeout,1,6,0,0.702,5,0,1
txn_004205,2026-06-22T02:34:00,389.73,card,sbi,issuer_declined,1,6,0,0.75,180,0,1
txn_004206,2026-06-30T17:44:00,2362.99,upi,kotak,risk_block,3,13,0,0.864,1,1,0
txn_004207,2026-06-25T14:42:00,984.8,upi,yesbank,issuer_declined,2,18,0,0.76,1,0,1
txn_004208,2026-07-08T05:12:00,2197.48,upi,yesbank,insufficient_funds,1,1,0,0.84,1,0,0
txn_004209,2026-06-17T20:16:00,2196.22,upi,other,invalid_otp,1,9,0,0.581,5,0,1
txn_004210,2026-07-15T23:43:00,720.54,wallet,idfc,risk_block,2,11,0,0.85,5,1,0
txn_004211,2026-06-16T18:06:00,835.24,upi,icici,network_timeout,1,11,1,0.464,5,0,0
txn_004212,2026-06-27T04:35:00,4739.21,wallet,hdfc,insufficient_funds,2,5,1,0.991,30,0,1
txn_004213,2026-07-05T21:13:00,1177.75,upi,axis,insufficient_funds,1,15,0,0.749,60,0,1
txn_004214,2026-06-28T02:00:00,280.02,card,idfc,issuer_declined,1,2,0,0.637,30,0,0
txn_004215,2026-07-28T07:02:00,1372.35,wallet,idfc,gateway_error,1,17,0,0.877,15,0,1
txn_004216,2026-06-30T04:34:00,10670.71,upi,yesbank,issuer_declined,2,18,0,0.519,720,0,0
txn_004217,2026-07-19T10:27:00,1785.61,upi,kotak,gateway_error,2,20,0,0.949,180,0,1
txn_004218,2026-06-04T22:44:00,615.64,upi,hdfc,network_timeout,3,12,1,0.523,15,0,0
txn_004219,2026-07-15T10:02:00,809.75,netbanking,icici,network_timeout,2,19,0,0.938,60,0,1
txn_004220,2026-06-16T08:29:00,4103.41,wallet,sbi,insufficient_funds,2,2,0,0.434,15,0,0
txn_004221,2026-07-21T05:16:00,1603.67,netbanking,sbi,invalid_otp,1,15,0,0.702,5,0,0
txn_004222,2026-07-14T03:07:00,1025.64,upi,kotak,issuer_declined,1,23,1,0.724,1,0,1
txn_004223,2026-07-17T07:18:00,2536.59,card,yesbank,issuer_declined,1,4,1,0.857,5,0,0
txn_004224,2026-07-29T19:16:00,529.77,upi,yesbank,invalid_otp,2,6,0,0.397,1,0,0
txn_004225,2026-07-22T13:13:00,1150.16,wallet,axis,invalid_otp,1,2,0,0.888,1,0,0
txn_004226,2026-06-27T14:32:00,175.74,card,yesbank,card_expired,1,9,0,0.584,1,0,0
txn_004227,2026-07-14T22:40:00,159.36,upi,other,gateway_error,1,0,0,1.0,30,0,1
txn_004228,2026-06-26T14:50:00,930.67,wallet,sbi,insufficient_funds,1,13,0,1.0,5,0,0
txn_004229,2026-06-28T10:14:00,1947.59,upi,other,card_expired,2,17,0,0.365,15,0,0
txn_004230,2026-07-15T03:16:00,541.06,card,sbi,insufficient_funds,1,12,0,0.657,720,0,0
txn_004231,2026-07-24T14:08:00,1322.46,card,other,insufficient_funds,1,23,0,0.665,1,0,0
txn_004232,2026-06-26T04:25:00,425.35,wallet,other,insufficient_funds,2,23,0,0.848,30,0,1
txn_004233,2026-06-24T11:48:00,334.15,wallet,icici,bank_server_down,3,23,0,0.777,5,0,1
txn_004234,2026-07-01T06:19:00,446.35,wallet,sbi,card_expired,2,16,0,0.716,5,0,0
txn_004235,2026-06-01T20:46:00,315.95,card,yesbank,risk_block,1,18,1,0.708,5,1,0
txn_004236,2026-06-04T01:17:00,1097.87,wallet,other,bank_server_down,2,5,0,0.947,180,0,1
txn_004237,2026-06-03T23:49:00,220.52,upi,sbi,issuer_declined,1,17,0,0.577,720,0,1
txn_004238,2026-07-01T20:10:00,183.22,card,icici,issuer_declined,1,7,0,0.58,720,0,1
txn_004239,2026-06-27T17:43:00,976.05,netbanking,icici,card_expired,2,22,0,0.826,180,0,0
txn_004240,2026-06-09T01:51:00,1665.37,netbanking,axis,issuer_declined,1,15,0,0.651,5,0,0
txn_004241,2026-07-01T20:55:00,476.95,wallet,icici,card_expired,1,7,1,0.817,60,0,0
txn_004242,2026-06-24T17:24:00,684.38,upi,idfc,bank_server_down,2,14,0,0.652,60,0,1
txn_004243,2026-07-25T08:30:00,536.22,wallet,yesbank,risk_block,1,5,0,0.575,180,1,0
txn_004244,2026-06-28T11:40:00,1601.55,wallet,yesbank,risk_block,1,6,0,0.64,60,1,0
txn_004245,2026-06-28T05:54:00,1383.07,netbanking,idfc,invalid_otp,1,22,0,0.853,1,0,1
txn_004246,2026-06-20T21:17:00,837.8,upi,yesbank,network_timeout,2,23,0,0.609,60,0,1
txn_004247,2026-06-16T00:27:00,194.72,netbanking,kotak,bank_server_down,1,18,0,0.71,60,0,1
txn_004248,2026-06-21T10:50:00,940.76,upi,kotak,risk_block,2,15,0,0.532,60,1,0
txn_004249,2026-07-18T20:31:00,1383.78,upi,idfc,insufficient_funds,2,14,0,0.688,60,0,0
txn_004250,2026-07-13T12:02:00,893.49,card,sbi,gateway_error,3,3,0,0.506,180,0,1
txn_004251,2026-07-24T01:30:00,201.02,upi,yesbank,invalid_otp,3,21,0,1.0,1,0,0
txn_004252,2026-06-29T05:51:00,931.15,netbanking,yesbank,issuer_declined,1,3,0,0.587,5,0,0
txn_004253,2026-06-22T11:19:00,711.3,netbanking,icici,insufficient_funds,2,16,0,0.763,60,0,1
txn_004254,2026-06-11T23:16:00,3786.42,netbanking,axis,bank_server_down,1,3,1,1.0,15,0,1
txn_004255,2026-06-10T02:55:00,178.69,card,yesbank,risk_block,3,18,0,0.599,720,1,0
txn_004256,2026-07-11T20:45:00,128.62,upi,icici,invalid_otp,1,14,0,0.673,60,0,1
txn_004257,2026-07-16T14:07:00,429.33,card,yesbank,invalid_otp,2,12,1,0.58,15,0,0
txn_004258,2026-06-22T15:36:00,949.54,wallet,idfc,bank_server_down,3,9,0,0.664,5,0,1
txn_004259,2026-07-06T14:55:00,45.03,wallet,hdfc,bank_server_down,1,6,0,0.546,5,0,1
txn_004260,2026-07-10T08:42:00,237.95,card,idfc,bank_server_down,1,16,0,0.884,1,0,0
txn_004261,2026-06-26T10:40:00,810.12,netbanking,other,insufficient_funds,1,23,0,0.717,30,0,0
txn_004262,2026-07-25T22:01:00,1073.13,netbanking,idfc,card_expired,1,13,0,0.735,720,0,0
txn_004263,2026-07-22T06:12:00,1725.67,card,kotak,bank_server_down,1,6,0,0.428,720,0,1
txn_004264,2026-06-26T23:27:00,235.53,wallet,hdfc,insufficient_funds,3,22,0,0.505,180,0,0
txn_004265,2026-07-20T13:28:00,750.07,card,idfc,gateway_error,1,16,1,0.788,30,0,1
txn_004266,2026-07-06T02:04:00,3728.45,netbanking,idfc,insufficient_funds,1,1,1,0.657,30,0,0
txn_004267,2026-06-17T00:27:00,93.91,card,idfc,issuer_declined,1,21,0,0.458,720,0,0
txn_004268,2026-07-11T14:15:00,128.1,upi,kotak,insufficient_funds,1,23,0,0.892,15,0,0
txn_004269,2026-07-28T07:49:00,244.47,card,other,card_expired,2,10,0,0.299,5,0,0
txn_004270,2026-07-11T09:48:00,91.89,netbanking,hdfc,network_timeout,2,18,0,0.413,1,0,1
txn_004271,2026-06-08T08:34:00,2190.82,netbanking,yesbank,insufficient_funds,2,10,1,0.555,180,0,1
txn_004272,2026-06-02T06:20:00,1211.08,card,sbi,gateway_error,2,19,1,0.757,1,0,1
txn_004273,2026-06-28T05:33:00,1328.19,card,axis,invalid_otp,2,13,0,0.787,180,0,1
txn_004274,2026-07-19T18:46:00,662.89,upi,kotak,issuer_declined,1,19,0,0.79,180,0,0
txn_004275,2026-07-27T11:20:00,889.38,upi,icici,insufficient_funds,2,4,0,0.615,5,0,1
txn_004276,2026-06-01T15:41:00,915.24,netbanking,axis,network_timeout,1,2,0,0.605,60,0,0
txn_004277,2026-06-09T06:01:00,1096.4,card,sbi,network_timeout,1,21,0,0.935,5,0,1
txn_004278,2026-06-13T14:54:00,156.58,netbanking,kotak,invalid_otp,2,17,1,0.706,5,0,1
txn_004279,2026-07-29T06:29:00,2127.74,netbanking,icici,bank_server_down,2,17,1,0.854,5,0,1
txn_004280,2026-06-16T22:12:00,43.73,upi,icici,insufficient_funds,1,19,0,0.513,30,0,0
txn_004281,2026-07-05T06:34:00,1154.01,card,kotak,gateway_error,1,9,1,0.564,1,0,1
txn_004282,2026-06-08T22:56:00,427.8,wallet,kotak,issuer_declined,2,17,0,0.809,60,0,0
txn_004283,2026-07-20T16:54:00,1590.73,wallet,other,invalid_otp,2,13,1,0.611,30,0,1
txn_004284,2026-06-20T06:14:00,17204.72,upi,icici,invalid_otp,1,2,1,0.704,60,0,0
txn_004285,2026-07-17T18:25:00,193.19,netbanking,icici,insufficient_funds,1,5,0,1.0,720,0,0
txn_004286,2026-07-29T13:07:00,945.93,upi,kotak,insufficient_funds,1,0,0,0.542,1,0,0
txn_004287,2026-07-11T01:13:00,375.7,netbanking,icici,invalid_otp,1,8,1,0.692,1,0,0
txn_004288,2026-06-18T11:28:00,2486.35,wallet,yesbank,card_expired,2,5,1,0.837,5,0,0
txn_004289,2026-06-13T16:30:00,966.39,upi,sbi,bank_server_down,1,6,0,0.865,5,0,1
txn_004290,2026-07-19T07:33:00,272.58,upi,idfc,insufficient_funds,2,2,0,0.428,60,0,0
txn_004291,2026-07-29T23:14:00,323.97,wallet,hdfc,insufficient_funds,2,9,1,0.78,60,0,0
txn_004292,2026-06-06T03:19:00,4126.68,card,kotak,issuer_declined,2,14,0,0.495,5,0,0
txn_004293,2026-07-10T02:56:00,169.73,upi,axis,bank_server_down,2,16,1,0.866,1,0,0
txn_004294,2026-06-23T21:20:00,4154.26,card,yesbank,insufficient_funds,1,1,0,0.494,60,0,0
txn_004295,2026-07-21T04:34:00,391.66,wallet,axis,issuer_declined,2,19,0,0.429,15,0,0
txn_004296,2026-06-14T22:11:00,731.17,upi,sbi,bank_server_down,2,17,0,1.0,60,0,1
txn_004297,2026-07-10T13:45:00,341.95,netbanking,icici,network_timeout,1,23,1,0.429,60,0,1
txn_004298,2026-07-11T11:43:00,246.99,card,hdfc,insufficient_funds,3,23,0,0.865,1,0,0
txn_004299,2026-06-19T11:16:00,3258.22,wallet,hdfc,issuer_declined,1,3,0,0.74,180,0,0
txn_004300,2026-07-20T17:26:00,73.69,netbanking,yesbank,insufficient_funds,2,19,0,0.68,15,0,1
txn_004301,2026-07-19T12:26:00,6490.31,card,sbi,network_timeout,1,1,1,0.406,720,0,1
txn_004302,2026-07-18T00:58:00,171.96,upi,hdfc,bank_server_down,3,23,1,0.492,180,0,1
txn_004303,2026-07-24T06:51:00,305.0,card,axis,issuer_declined,2,21,1,0.778,1,0,0
txn_004304,2026-07-27T13:48:00,504.6,netbanking,icici,insufficient_funds,1,22,1,0.458,5,0,0
txn_004305,2026-07-03T07:30:00,151.79,card,sbi,network_timeout,2,2,0,0.707,720,0,1
txn_004306,2026-06-27T15:27:00,1123.3,card,axis,risk_block,1,11,0,0.609,30,1,0
txn_004307,2026-06-10T16:08:00,1748.5,card,other,bank_server_down,1,8,0,0.609,1,0,1
txn_004308,2026-06-16T07:28:00,826.85,upi,axis,issuer_declined,1,20,0,0.537,60,0,0
txn_004309,2026-07-28T17:25:00,339.32,wallet,axis,insufficient_funds,1,23,0,0.849,15,0,0
txn_004310,2026-07-12T14:42:00,103.27,netbanking,yesbank,gateway_error,1,7,0,0.631,30,0,1
txn_004311,2026-06-28T19:17:00,610.86,netbanking,hdfc,invalid_otp,1,4,0,0.584,15,0,1
txn_004312,2026-06-15T02:24:00,2532.88,wallet,axis,network_timeout,1,17,0,0.837,60,0,1
txn_004313,2026-07-27T04:02:00,411.59,wallet,hdfc,issuer_declined,2,4,0,0.912,15,0,0
txn_004314,2026-06-03T04:08:00,69.15,netbanking,hdfc,insufficient_funds,1,7,1,0.431,180,0,0
txn_004315,2026-07-23T04:11:00,237.19,upi,kotak,issuer_declined,1,22,1,0.47,60,0,1
txn_004316,2026-06-09T15:23:00,7467.58,netbanking,other,bank_server_down,1,4,0,0.765,15,0,0
txn_004317,2026-07-06T13:34:00,373.89,netbanking,kotak,bank_server_down,1,7,0,0.739,720,0,1
txn_004318,2026-07-10T00:40:00,145.2,upi,kotak,insufficient_funds,1,8,0,0.478,5,0,0
txn_004319,2026-07-30T20:44:00,1918.62,card,yesbank,network_timeout,1,3,0,0.79,30,0,1
txn_004320,2026-06-21T15:42:00,50.09,netbanking,idfc,network_timeout,1,20,0,0.56,720,0,1
txn_004321,2026-07-16T10:11:00,113.57,card,idfc,network_timeout,1,11,0,0.789,30,0,1
txn_004322,2026-06-07T00:42:00,894.09,upi,yesbank,insufficient_funds,2,8,1,0.313,5,0,1
txn_004323,2026-06-02T11:10:00,658.38,wallet,yesbank,insufficient_funds,1,21,0,0.607,5,0,1
txn_004324,2026-07-06T14:28:00,1620.65,netbanking,hdfc,card_expired,2,0,0,0.667,60,0,0
txn_004325,2026-07-08T22:24:00,106.36,card,yesbank,bank_server_down,1,10,0,0.86,5,0,1
txn_004326,2026-07-08T12:51:00,1014.22,wallet,other,insufficient_funds,2,5,0,0.847,1,0,0
txn_004327,2026-06-07T02:22:00,1244.4,card,sbi,network_timeout,2,23,0,1.0,60,0,1
txn_004328,2026-07-10T14:41:00,389.2,wallet,other,bank_server_down,1,7,0,0.78,30,0,1
txn_004329,2026-07-24T15:47:00,1420.08,wallet,sbi,insufficient_funds,3,18,0,0.723,1,0,0
txn_004330,2026-07-04T05:19:00,1983.12,card,axis,card_expired,2,23,0,0.491,5,0,0
txn_004331,2026-07-23T05:02:00,131.82,card,sbi,risk_block,2,14,0,0.714,180,1,0
txn_004332,2026-07-08T11:51:00,247.62,wallet,axis,card_expired,2,1,0,0.827,5,0,0
txn_004333,2026-07-29T22:22:00,1003.49,upi,hdfc,card_expired,2,21,1,0.742,60,0,0
txn_004334,2026-07-09T20:31:00,825.06,upi,idfc,network_timeout,2,14,0,0.494,30,0,1
txn_004335,2026-07-12T05:12:00,1486.08,wallet,other,issuer_declined,2,12,0,0.822,1,0,1
txn_004336,2026-07-20T12:27:00,269.04,upi,kotak,bank_server_down,1,16,1,0.79,15,0,1
txn_004337,2026-07-08T16:56:00,609.41,upi,other,invalid_otp,2,18,0,0.523,60,0,1
txn_004338,2026-07-10T10:10:00,734.36,wallet,idfc,issuer_declined,1,17,1,1.0,15,0,0
txn_004339,2026-06-20T21:05:00,416.61,wallet,yesbank,insufficient_funds,2,13,0,0.576,1,0,1
txn_004340,2026-07-25T12:04:00,1190.0,card,axis,card_expired,1,21,0,0.494,5,0,0
txn_004341,2026-06-24T20:03:00,833.81,wallet,kotak,insufficient_funds,1,14,0,0.361,60,0,0
txn_004342,2026-07-08T13:53:00,425.65,wallet,hdfc,gateway_error,1,19,1,0.935,720,0,1
txn_004343,2026-06-05T04:31:00,103.99,netbanking,other,network_timeout,1,2,0,0.86,180,0,1
txn_004344,2026-07-10T03:32:00,850.55,upi,other,insufficient_funds,1,12,0,0.734,180,0,0
txn_004345,2026-07-30T14:02:00,682.26,card,axis,bank_server_down,1,10,0,0.646,15,0,0
txn_004346,2026-07-01T08:06:00,162.68,card,icici,issuer_declined,1,20,0,1.0,60,0,0
txn_004347,2026-06-30T10:51:00,999.04,card,yesbank,bank_server_down,2,12,0,0.526,720,0,1
txn_004348,2026-06-18T21:13:00,1679.76,card,idfc,insufficient_funds,3,15,1,0.653,1,0,0
txn_004349,2026-07-30T23:29:00,89.07,wallet,icici,risk_block,1,16,0,0.446,30,1,0
txn_004350,2026-06-28T14:34:00,1313.66,upi,idfc,invalid_otp,1,17,1,0.785,1,0,1
txn_004351,2026-07-19T01:03:00,973.85,wallet,icici,card_expired,1,13,1,0.412,30,0,0
txn_004352,2026-07-20T06:39:00,346.66,netbanking,hdfc,network_timeout,2,20,0,0.37,15,0,1
txn_004353,2026-07-29T09:07:00,1537.78,netbanking,icici,issuer_declined,2,19,0,0.719,720,0,0
txn_004354,2026-06-18T15:08:00,5107.84,card,other,gateway_error,1,6,1,0.823,1,0,1
txn_004355,2026-07-21T04:58:00,890.68,wallet,kotak,insufficient_funds,2,0,0,1.0,1,0,1
txn_004356,2026-06-26T21:59:00,313.2,netbanking,idfc,gateway_error,1,17,0,0.772,1,0,1
txn_004357,2026-07-09T04:58:00,438.68,netbanking,idfc,network_timeout,2,15,1,0.962,1,0,1
txn_004358,2026-07-07T06:33:00,302.97,card,icici,insufficient_funds,1,3,0,0.867,30,0,0
txn_004359,2026-06-12T06:24:00,187.37,wallet,kotak,gateway_error,1,22,1,0.772,60,0,0
txn_004360,2026-06-10T08:34:00,2423.27,card,other,risk_block,1,10,1,0.749,180,1,0
txn_004361,2026-06-07T21:00:00,3746.54,netbanking,hdfc,issuer_declined,1,20,0,0.618,60,0,1
txn_004362,2026-06-25T23:25:00,1183.41,card,other,issuer_declined,2,0,0,0.791,60,0,0
txn_004363,2026-06-23T00:40:00,3288.9,card,yesbank,bank_server_down,1,21,0,0.699,30,0,1
txn_004364,2026-06-09T16:48:00,608.42,upi,sbi,insufficient_funds,1,23,0,0.526,15,0,0
txn_004365,2026-07-01T03:14:00,4368.67,upi,idfc,insufficient_funds,1,10,0,0.758,720,0,0
txn_004366,2026-06-11T07:49:00,128.91,wallet,icici,insufficient_funds,2,15,0,0.466,5,0,1
txn_004367,2026-06-17T11:13:00,1464.54,card,sbi,gateway_error,1,16,1,0.87,180,0,1
txn_004368,2026-07-28T12:58:00,1158.62,wallet,yesbank,bank_server_down,1,11,1,0.609,15,0,1
txn_004369,2026-07-27T13:50:00,812.79,upi,idfc,issuer_declined,1,18,0,0.22,60,0,0
txn_004370,2026-06-05T09:53:00,1952.27,netbanking,kotak,invalid_otp,1,4,0,0.956,15,0,0
txn_004371,2026-07-19T12:40:00,4430.32,card,icici,bank_server_down,3,19,1,0.786,30,0,1
txn_004372,2026-06-13T20:12:00,361.78,upi,yesbank,gateway_error,1,18,1,0.389,30,0,1
txn_004373,2026-06-14T01:21:00,322.23,card,yesbank,card_expired,3,22,0,0.632,1,0,0
txn_004374,2026-06-08T04:31:00,1476.16,card,sbi,network_timeout,1,17,0,0.364,1,0,1
txn_004375,2026-06-25T17:13:00,338.85,wallet,kotak,network_timeout,1,21,0,0.924,15,0,1
txn_004376,2026-06-01T07:42:00,256.4,netbanking,hdfc,bank_server_down,1,13,0,0.648,60,0,1
txn_004377,2026-07-28T17:37:00,620.63,card,other,network_timeout,1,23,0,0.514,1,0,0
txn_004378,2026-06-26T19:55:00,316.03,wallet,hdfc,gateway_error,1,5,1,0.405,720,0,1
txn_004379,2026-06-29T06:02:00,208.08,upi,icici,bank_server_down,3,10,0,1.0,5,0,0
txn_004380,2026-07-19T19:13:00,115.8,upi,kotak,insufficient_funds,1,2,1,0.751,60,0,0
txn_004381,2026-06-19T18:39:00,551.24,wallet,other,risk_block,3,12,0,0.859,5,1,0
txn_004382,2026-06-01T03:40:00,872.51,card,hdfc,issuer_declined,2,3,0,0.871,60,0,0
txn_004383,2026-06-21T19:00:00,205.64,wallet,hdfc,invalid_otp,1,3,0,1.0,180,0,1
txn_004384,2026-07-17T06:06:00,1898.11,card,kotak,risk_block,3,7,1,0.753,15,1,0
txn_004385,2026-07-11T18:14:00,264.92,card,axis,issuer_declined,2,6,0,0.465,15,0,0
txn_004386,2026-06-23T11:28:00,2056.59,wallet,axis,invalid_otp,2,5,1,0.693,5,0,0
txn_004387,2026-07-04T18:16:00,413.59,netbanking,hdfc,bank_server_down,1,9,0,0.346,30,0,1
txn_004388,2026-06-21T05:56:00,1293.62,netbanking,idfc,insufficient_funds,3,5,0,0.965,1,0,1
txn_004389,2026-06-05T07:49:00,2073.31,upi,sbi,invalid_otp,2,1,1,0.852,15,0,1
txn_004390,2026-06-05T23:43:00,394.91,netbanking,hdfc,bank_server_down,2,9,1,0.674,1,0,0
txn_004391,2026-06-07T12:47:00,563.05,netbanking,axis,bank_server_down,3,12,0,1.0,720,0,1
txn_004392,2026-06-17T21:05:00,580.24,wallet,axis,risk_block,2,12,0,0.756,30,1,0
txn_004393,2026-06-10T15:31:00,185.84,card,kotak,bank_server_down,2,22,1,0.578,720,0,0
txn_004394,2026-06-07T16:02:00,3025.08,card,idfc,insufficient_funds,2,17,0,0.587,720,0,0
txn_004395,2026-07-13T23:32:00,1037.34,upi,idfc,invalid_otp,3,14,0,0.692,1,0,0
txn_004396,2026-06-07T18:09:00,331.9,card,sbi,issuer_declined,1,12,0,0.896,5,0,1
txn_004397,2026-06-17T14:22:00,5128.91,wallet,yesbank,gateway_error,2,20,0,0.787,15,0,1
txn_004398,2026-06-11T08:07:00,485.68,netbanking,icici,insufficient_funds,1,0,0,0.843,720,0,0
txn_004399,2026-06-19T23:18:00,279.78,wallet,sbi,network_timeout,3,12,1,0.443,180,0,1
txn_004400,2026-07-22T12:11:00,62.37,netbanking,idfc,issuer_declined,1,11,0,0.687,15,0,0
txn_004401,2026-07-23T16:06:00,5720.74,card,yesbank,issuer_declined,2,0,0,0.723,60,0,0
txn_004402,2026-07-05T02:26:00,146.51,card,kotak,bank_server_down,1,20,0,0.484,5,0,1
txn_004403,2026-06-17T13:27:00,190.82,upi,sbi,issuer_declined,3,23,0,0.769,60,0,0
txn_004404,2026-07-21T05:42:00,1151.27,upi,kotak,card_expired,2,11,0,0.389,720,0,0
txn_004405,2026-06-21T06:11:00,1395.37,netbanking,kotak,insufficient_funds,2,6,0,0.715,5,0,0
txn_004406,2026-07-13T09:16:00,401.3,wallet,kotak,gateway_error,1,14,0,0.751,30,0,0
txn_004407,2026-06-01T07:19:00,1817.16,netbanking,yesbank,card_expired,1,2,1,0.569,1,0,0
txn_004408,2026-07-20T14:18:00,1112.69,wallet,kotak,invalid_otp,1,16,0,1.0,1,0,1
txn_004409,2026-07-25T11:34:00,1745.39,wallet,icici,insufficient_funds,1,20,0,0.654,1,0,1
txn_004410,2026-06-14T21:08:00,353.37,card,other,network_timeout,1,18,0,0.786,30,0,0
txn_004411,2026-06-28T14:37:00,1011.72,netbanking,yesbank,insufficient_funds,1,18,0,0.683,30,0,0
txn_004412,2026-07-12T08:50:00,1797.88,upi,idfc,risk_block,2,9,0,0.608,180,1,0
txn_004413,2026-06-08T15:12:00,1617.84,upi,yesbank,insufficient_funds,3,18,0,0.567,15,0,0
txn_004414,2026-06-19T18:19:00,2159.1,upi,sbi,insufficient_funds,1,19,0,0.532,720,0,0
txn_004415,2026-06-08T07:10:00,763.61,wallet,idfc,gateway_error,3,12,0,0.608,1,0,1
txn_004416,2026-07-02T07:56:00,2231.2,wallet,yesbank,invalid_otp,3,18,0,0.465,30,0,0
txn_004417,2026-07-05T20:21:00,547.25,wallet,yesbank,insufficient_funds,1,9,0,0.815,60,0,1
txn_004418,2026-06-22T17:53:00,1178.11,card,idfc,issuer_declined,1,13,0,0.777,60,0,0
txn_004419,2026-06-05T04:49:00,180.86,card,idfc,insufficient_funds,1,16,1,0.299,720,0,1
txn_004420,2026-06-02T08:28:00,201.87,wallet,other,insufficient_funds,1,11,0,0.513,30,0,0
txn_004421,2026-07-06T19:13:00,1091.78,card,kotak,insufficient_funds,1,12,1,0.647,1,0,0
txn_004422,2026-06-14T18:59:00,322.79,card,yesbank,bank_server_down,2,22,0,0.369,60,0,1
txn_004423,2026-07-17T04:52:00,269.77,upi,hdfc,risk_block,1,15,0,0.839,180,1,1
txn_004424,2026-07-10T01:17:00,146.28,upi,axis,invalid_otp,1,23,0,0.786,30,0,1
txn_004425,2026-06-04T16:57:00,3537.17,wallet,hdfc,network_timeout,1,15,0,0.907,1,0,1
txn_004426,2026-07-08T18:51:00,2987.53,netbanking,axis,bank_server_down,1,11,0,0.716,180,0,1
txn_004427,2026-06-06T17:32:00,518.65,upi,axis,bank_server_down,3,5,1,1.0,1,0,1
txn_004428,2026-06-25T05:18:00,825.53,card,icici,invalid_otp,1,7,0,0.318,60,0,0
txn_004429,2026-06-11T06:38:00,1130.67,card,kotak,network_timeout,2,23,0,0.676,15,0,1
txn_004430,2026-06-17T10:28:00,144.08,wallet,yesbank,invalid_otp,2,2,0,0.776,5,0,0
txn_004431,2026-06-01T10:01:00,1582.21,upi,icici,invalid_otp,1,2,1,0.785,720,0,0
txn_004432,2026-07-19T17:04:00,429.41,wallet,sbi,gateway_error,1,1,0,0.808,5,0,0
txn_004433,2026-06-23T03:00:00,208.58,upi,hdfc,insufficient_funds,2,2,0,0.862,1,0,0
txn_004434,2026-07-06T19:45:00,112.8,card,hdfc,insufficient_funds,1,18,1,0.624,720,0,0
txn_004435,2026-07-17T23:52:00,1771.54,wallet,other,bank_server_down,1,3,1,0.698,5,0,0
txn_004436,2026-06-25T16:46:00,4510.97,upi,icici,bank_server_down,2,18,0,0.769,60,0,1
txn_004437,2026-07-15T15:55:00,1316.33,netbanking,hdfc,bank_server_down,1,2,0,0.766,1,0,0
txn_004438,2026-06-26T10:13:00,1579.51,netbanking,idfc,issuer_declined,1,18,1,0.841,180,0,0
txn_004439,2026-06-19T04:18:00,701.57,upi,yesbank,bank_server_down,3,13,1,0.732,30,0,0
txn_004440,2026-06-21T07:45:00,1485.42,netbanking,other,bank_server_down,1,8,1,1.0,30,0,1
txn_004441,2026-07-23T10:29:00,5122.9,netbanking,sbi,network_timeout,2,15,0,0.727,15,0,1
txn_004442,2026-07-15T12:35:00,1100.34,upi,icici,gateway_error,1,2,0,1.0,180,0,1
txn_004443,2026-06-17T23:43:00,258.02,wallet,sbi,insufficient_funds,1,1,0,0.922,1,0,0
txn_004444,2026-06-23T13:34:00,1977.73,upi,kotak,insufficient_funds,2,18,1,1.0,720,0,1
txn_004445,2026-07-19T03:54:00,248.65,upi,sbi,gateway_error,1,7,1,0.876,30,0,1
txn_004446,2026-07-15T01:36:00,1301.96,wallet,icici,network_timeout,2,7,0,0.677,60,0,1
txn_004447,2026-07-24T10:16:00,154.35,wallet,idfc,issuer_declined,2,14,0,0.38,5,0,0
txn_004448,2026-07-19T21:27:00,2115.78,upi,axis,invalid_otp,1,9,0,0.863,180,0,1
txn_004449,2026-07-21T15:29:00,1585.14,netbanking,icici,invalid_otp,2,8,0,0.763,5,0,1
txn_004450,2026-06-23T03:41:00,703.18,netbanking,yesbank,invalid_otp,3,3,0,0.95,15,0,0
txn_004451,2026-07-16T03:19:00,1147.26,wallet,kotak,insufficient_funds,1,0,0,0.965,15,0,1
txn_004452,2026-06-11T04:36:00,941.43,netbanking,axis,gateway_error,1,13,0,0.875,1,0,1
txn_004453,2026-07-21T22:53:00,892.58,upi,idfc,insufficient_funds,3,15,1,0.419,5,0,1
txn_004454,2026-07-05T06:58:00,384.28,netbanking,icici,invalid_otp,1,22,0,0.428,15,0,1
txn_004455,2026-07-18T02:42:00,1422.73,card,axis,bank_server_down,2,13,1,0.647,180,0,1
txn_004456,2026-07-19T03:43:00,280.88,netbanking,sbi,gateway_error,2,20,0,0.587,60,0,1
txn_004457,2026-07-03T21:18:00,768.86,card,yesbank,network_timeout,1,6,1,0.796,180,0,1
txn_004458,2026-07-02T22:12:00,1323.01,upi,axis,gateway_error,1,19,0,0.805,30,0,1
txn_004459,2026-06-21T22:24:00,1062.66,wallet,other,bank_server_down,2,21,0,0.368,720,0,1
txn_004460,2026-06-26T15:43:00,670.84,wallet,icici,gateway_error,2,8,1,0.694,30,0,1
txn_004461,2026-06-25T05:54:00,280.88,netbanking,axis,gateway_error,1,6,0,0.906,180,0,1
txn_004462,2026-06-22T03:16:00,482.23,netbanking,hdfc,gateway_error,1,19,0,0.656,5,0,1
txn_004463,2026-06-15T23:11:00,67.45,upi,icici,insufficient_funds,1,17,0,0.813,5,0,0
txn_004464,2026-07-10T02:31:00,48.0,upi,yesbank,insufficient_funds,1,5,0,0.618,1,0,1
txn_004465,2026-07-03T21:10:00,3399.68,upi,axis,insufficient_funds,2,8,0,0.317,1,0,0
txn_004466,2026-06-06T19:42:00,1836.53,upi,kotak,issuer_declined,1,1,1,0.757,30,0,0
txn_004467,2026-06-01T10:41:00,2506.38,card,sbi,network_timeout,3,13,0,0.783,30,0,0
txn_004468,2026-07-21T19:15:00,59.53,card,axis,gateway_error,1,23,0,0.624,1,0,1
txn_004469,2026-06-13T19:07:00,3220.05,upi,axis,insufficient_funds,2,8,0,0.455,180,0,1
txn_004470,2026-06-18T23:23:00,912.66,card,hdfc,bank_server_down,3,23,0,0.522,15,0,0
txn_004471,2026-06-01T21:32:00,449.7,wallet,kotak,bank_server_down,2,10,1,1.0,5,0,1
txn_004472,2026-07-29T18:04:00,582.17,upi,kotak,insufficient_funds,1,12,0,0.658,15,0,1
txn_004473,2026-06-05T16:38:00,2459.17,upi,sbi,issuer_declined,1,2,0,0.807,60,0,0
txn_004474,2026-07-28T11:55:00,1240.37,upi,other,network_timeout,1,9,0,0.592,1,0,1
txn_004475,2026-06-12T11:17:00,1010.96,card,other,bank_server_down,1,7,0,0.578,30,0,1
txn_004476,2026-06-09T07:17:00,1530.48,netbanking,other,insufficient_funds,1,1,1,0.807,60,0,1
txn_004477,2026-06-28T01:23:00,916.65,wallet,icici,invalid_otp,1,3,0,0.333,60,0,0
txn_004478,2026-07-13T11:47:00,225.9,netbanking,idfc,insufficient_funds,1,8,0,0.644,180,0,0
txn_004479,2026-06-17T06:28:00,220.11,netbanking,yesbank,gateway_error,1,2,1,0.799,180,0,1
txn_004480,2026-06-10T22:36:00,971.18,netbanking,hdfc,invalid_otp,1,15,0,0.765,1,0,1
txn_004481,2026-07-20T20:08:00,831.75,card,hdfc,network_timeout,1,5,1,1.0,1,0,1
txn_004482,2026-07-12T14:14:00,1505.71,wallet,other,invalid_otp,2,9,1,0.83,1,0,0
txn_004483,2026-06-20T00:16:00,1017.93,wallet,icici,bank_server_down,1,2,0,0.508,720,0,1
txn_004484,2026-06-10T14:11:00,405.03,netbanking,sbi,issuer_declined,1,7,0,0.699,1,0,0
txn_004485,2026-07-07T19:23:00,2079.81,card,idfc,gateway_error,2,17,0,0.773,60,0,1
txn_004486,2026-06-23T14:15:00,155.61,wallet,kotak,issuer_declined,2,11,0,1.0,30,0,0
txn_004487,2026-07-01T22:12:00,770.28,netbanking,other,issuer_declined,3,10,0,0.711,30,0,0
txn_004488,2026-06-24T03:23:00,306.76,netbanking,kotak,card_expired,1,22,0,0.89,5,0,0
txn_004489,2026-06-03T17:53:00,2691.92,upi,yesbank,network_timeout,1,7,0,0.92,15,0,1
txn_004490,2026-06-19T07:33:00,275.37,netbanking,yesbank,insufficient_funds,1,1,1,0.921,1,0,1
txn_004491,2026-07-28T04:00:00,748.67,card,idfc,network_timeout,1,4,0,0.7,60,0,1
txn_004492,2026-06-18T23:06:00,164.75,netbanking,idfc,invalid_otp,1,9,0,0.57,30,0,0
txn_004493,2026-07-01T14:56:00,519.35,upi,idfc,bank_server_down,1,23,0,0.837,1,0,1
txn_004494,2026-06-12T07:40:00,155.93,card,idfc,invalid_otp,1,20,0,0.622,180,0,1
txn_004495,2026-07-21T21:13:00,774.66,upi,axis,insufficient_funds,3,23,0,0.772,30,0,0
txn_004496,2026-06-19T04:45:00,2405.92,upi,idfc,invalid_otp,1,0,0,0.56,180,0,1
txn_004497,2026-06-05T01:24:00,286.68,upi,idfc,issuer_declined,1,6,1,0.6,720,0,0
txn_004498,2026-06-23T07:41:00,478.15,netbanking,hdfc,insufficient_funds,1,19,1,0.524,15,0,0
txn_004499,2026-07-04T13:28:00,1716.6,netbanking,axis,card_expired,1,15,1,0.633,15,0,0
txn_004500,2026-07-07T06:51:00,307.12,wallet,sbi,card_expired,3,5,1,0.568,60,0,0
txn_004501,2026-07-13T11:01:00,301.16,upi,other,insufficient_funds,1,22,0,0.561,1,0,0
txn_004502,2026-06-24T09:49:00,360.61,wallet,icici,risk_block,1,13,1,0.526,180,1,1
txn_004503,2026-07-18T21:13:00,900.14,upi,icici,invalid_otp,2,12,0,0.771,60,0,1
txn_004504,2026-06-22T00:23:00,298.84,wallet,kotak,invalid_otp,1,10,0,0.456,1,0,1
txn_004505,2026-07-27T05:16:00,455.23,netbanking,idfc,network_timeout,3,6,0,0.782,60,0,1
txn_004506,2026-06-13T02:12:00,311.04,upi,hdfc,insufficient_funds,1,2,0,0.686,30,0,0
txn_004507,2026-06-16T23:12:00,748.46,netbanking,other,network_timeout,2,3,1,0.659,1,0,1
txn_004508,2026-06-08T20:24:00,848.6,wallet,kotak,gateway_error,3,23,0,0.404,720,0,0
txn_004509,2026-07-25T13:06:00,481.3,wallet,icici,insufficient_funds,2,16,0,0.604,180,0,0
txn_004510,2026-07-02T07:49:00,6441.15,card,idfc,invalid_otp,1,22,0,0.649,15,0,0
txn_004511,2026-06-25T22:26:00,1625.04,wallet,axis,insufficient_funds,1,1,0,1.0,60,0,1
txn_004512,2026-06-20T01:44:00,658.47,netbanking,sbi,risk_block,1,14,0,0.661,720,1,0
txn_004513,2026-07-04T21:22:00,362.24,netbanking,idfc,issuer_declined,1,13,0,0.72,1,0,0
txn_004514,2026-06-04T00:17:00,8689.25,card,icici,insufficient_funds,1,17,1,0.816,60,0,0
txn_004515,2026-07-03T21:55:00,244.98,card,axis,card_expired,1,18,0,0.651,180,0,0
txn_004516,2026-06-26T07:43:00,586.32,card,icici,network_timeout,2,3,1,1.0,5,0,0
txn_004517,2026-07-05T01:13:00,252.13,wallet,axis,network_timeout,1,7,0,0.691,15,0,0
txn_004518,2026-07-06T16:33:00,1258.79,upi,other,risk_block,1,20,1,0.415,720,1,0
txn_004519,2026-07-10T22:01:00,1077.14,upi,yesbank,bank_server_down,3,12,0,0.755,180,0,0
txn_004520,2026-06-12T10:11:00,213.61,wallet,kotak,insufficient_funds,1,15,0,0.339,5,0,0
txn_004521,2026-06-02T10:04:00,355.21,netbanking,yesbank,invalid_otp,1,12,0,0.455,720,0,1
txn_004522,2026-06-02T17:31:00,177.66,netbanking,hdfc,issuer_declined,2,7,0,1.0,15,0,0
txn_004523,2026-07-23T10:37:00,2207.63,wallet,idfc,issuer_declined,2,18,1,0.477,60,0,0
txn_004524,2026-07-15T05:40:00,2913.08,card,icici,invalid_otp,1,23,1,0.702,180,0,1
txn_004525,2026-07-09T17:25:00,565.59,netbanking,idfc,insufficient_funds,1,16,0,0.816,15,0,1
txn_004526,2026-06-27T06:07:00,1377.55,upi,axis,card_expired,2,16,0,0.746,720,0,0
txn_004527,2026-07-15T14:48:00,2649.21,upi,yesbank,gateway_error,1,18,0,0.444,1,0,1
txn_004528,2026-07-05T15:31:00,784.62,wallet,axis,gateway_error,2,22,1,0.865,30,0,1
txn_004529,2026-07-05T19:51:00,1293.79,netbanking,hdfc,card_expired,1,23,0,0.621,180,0,0
txn_004530,2026-06-27T14:29:00,249.77,netbanking,other,invalid_otp,2,20,0,0.661,30,0,1
txn_004531,2026-07-06T17:20:00,709.96,card,sbi,bank_server_down,3,17,0,0.959,15,0,1
txn_004532,2026-07-22T16:27:00,140.57,upi,kotak,gateway_error,2,22,0,0.337,5,0,1
txn_004533,2026-06-13T08:40:00,583.38,netbanking,axis,issuer_declined,1,0,0,0.64,30,0,1
txn_004534,2026-06-22T21:23:00,488.76,upi,idfc,issuer_declined,2,8,0,0.548,5,0,0
txn_004535,2026-07-22T00:55:00,1526.13,card,other,network_timeout,3,22,0,0.747,1,0,0
txn_004536,2026-07-10T01:14:00,1335.59,netbanking,icici,issuer_declined,1,18,0,0.659,60,0,0
txn_004537,2026-07-19T22:28:00,1431.78,card,other,gateway_error,2,0,1,0.71,180,0,1
txn_004538,2026-06-16T07:25:00,932.36,card,axis,card_expired,1,15,1,0.882,720,0,1
txn_004539,2026-06-04T04:56:00,127.31,netbanking,sbi,risk_block,2,4,1,0.946,720,1,0
txn_004540,2026-06-12T02:24:00,4136.47,card,yesbank,insufficient_funds,1,8,1,0.602,180,0,0
txn_004541,2026-06-28T23:03:00,1264.41,upi,axis,gateway_error,2,14,1,0.778,1,0,0
txn_004542,2026-07-15T21:28:00,1512.98,card,other,bank_server_down,2,19,0,0.0,1,0,0
txn_004543,2026-07-01T11:09:00,987.9,netbanking,idfc,bank_server_down,1,4,1,0.204,15,0,1
txn_004544,2026-06-28T03:56:00,7097.99,wallet,kotak,insufficient_funds,1,22,0,0.442,60,0,0
txn_004545,2026-06-05T19:17:00,1332.72,wallet,idfc,gateway_error,2,20,1,0.911,1,0,1
txn_004546,2026-06-02T16:32:00,387.94,card,icici,network_timeout,2,23,1,0.935,30,0,1
txn_004547,2026-06-28T01:01:00,204.18,wallet,axis,insufficient_funds,1,1,0,0.715,15,0,0
txn_004548,2026-06-26T05:17:00,6438.72,netbanking,idfc,insufficient_funds,1,9,1,0.639,30,0,1
txn_004549,2026-07-06T10:26:00,3879.97,wallet,sbi,issuer_declined,1,2,0,0.507,1,0,0
txn_004550,2026-06-14T11:40:00,372.89,card,other,insufficient_funds,1,11,0,0.91,30,0,1
txn_004551,2026-06-13T00:05:00,305.08,upi,kotak,risk_block,2,17,0,1.0,720,1,0
txn_004552,2026-06-14T00:20:00,117.71,upi,other,issuer_declined,1,7,0,0.341,5,0,0
txn_004553,2026-06-09T20:28:00,1042.81,upi,idfc,bank_server_down,1,21,0,0.934,720,0,1
txn_004554,2026-07-28T23:54:00,1436.38,netbanking,hdfc,network_timeout,2,16,0,0.644,1,0,1
txn_004555,2026-07-15T23:20:00,238.7,netbanking,idfc,bank_server_down,1,16,1,0.713,5,0,1
txn_004556,2026-07-11T03:44:00,870.53,wallet,kotak,bank_server_down,1,12,0,0.569,30,0,1
txn_004557,2026-06-28T11:11:00,310.94,upi,axis,issuer_declined,2,12,0,0.827,1,0,0
txn_004558,2026-06-13T02:59:00,409.28,card,icici,issuer_declined,2,23,0,0.834,15,0,0
txn_004559,2026-06-18T11:12:00,690.72,wallet,icici,insufficient_funds,1,19,1,0.771,60,0,0
txn_004560,2026-07-23T11:43:00,544.83,upi,kotak,network_timeout,1,19,0,0.75,5,0,1
txn_004561,2026-07-30T21:08:00,562.0,upi,yesbank,issuer_declined,1,8,1,0.666,60,0,0
txn_004562,2026-07-24T07:29:00,1965.3,card,yesbank,gateway_error,2,9,1,0.697,180,0,1
txn_004563,2026-06-25T09:26:00,1792.94,card,icici,bank_server_down,2,18,0,0.884,720,0,1
txn_004564,2026-06-19T15:00:00,550.08,wallet,icici,insufficient_funds,1,6,0,0.628,30,0,0
txn_004565,2026-06-12T00:35:00,239.65,upi,axis,insufficient_funds,1,17,1,0.595,180,0,0
txn_004566,2026-06-27T18:48:00,1032.64,card,icici,network_timeout,3,9,0,0.772,720,0,0
txn_004567,2026-06-24T10:21:00,2615.84,wallet,other,risk_block,1,3,0,0.81,60,1,0
txn_004568,2026-06-07T18:45:00,301.73,card,yesbank,bank_server_down,1,12,0,0.75,1,0,1
txn_004569,2026-07-05T07:52:00,94.13,card,kotak,gateway_error,1,12,0,0.766,5,0,0
txn_004570,2026-06-12T22:26:00,326.5,upi,yesbank,gateway_error,1,8,1,1.0,30,0,1
txn_004571,2026-06-19T09:26:00,288.96,netbanking,kotak,insufficient_funds,1,7,0,0.932,60,0,1
txn_004572,2026-07-02T20:13:00,286.11,card,yesbank,risk_block,2,19,1,0.581,180,1,1
txn_004573,2026-06-09T00:43:00,2145.06,card,yesbank,network_timeout,1,23,1,0.709,720,0,0
txn_004574,2026-07-22T11:37:00,9636.66,netbanking,other,insufficient_funds,1,0,0,0.641,30,0,0
txn_004575,2026-07-07T02:13:00,518.02,netbanking,idfc,bank_server_down,1,3,0,0.557,5,0,1
txn_004576,2026-06-21T16:37:00,981.19,wallet,yesbank,bank_server_down,2,9,1,0.441,5,0,0
txn_004577,2026-07-05T18:21:00,1145.98,card,other,card_expired,1,17,0,0.597,180,0,0
txn_004578,2026-07-16T11:18:00,808.19,upi,sbi,insufficient_funds,3,9,0,0.533,5,0,1
txn_004579,2026-07-24T21:06:00,118.74,card,sbi,card_expired,1,4,1,0.962,15,0,0
txn_004580,2026-07-16T17:16:00,1593.84,card,idfc,bank_server_down,2,22,1,0.505,30,0,0
txn_004581,2026-07-28T20:46:00,460.21,wallet,kotak,invalid_otp,2,11,0,0.856,180,0,1
txn_004582,2026-07-29T07:43:00,482.03,wallet,idfc,issuer_declined,2,19,0,0.808,180,0,1
txn_004583,2026-06-12T01:44:00,15217.33,netbanking,kotak,network_timeout,1,4,0,0.7,1,0,0
txn_004584,2026-06-26T19:00:00,1483.85,netbanking,icici,invalid_otp,1,9,0,0.768,60,0,1
txn_004585,2026-07-13T22:37:00,1835.4,upi,icici,risk_block,1,22,1,0.815,720,1,0
txn_004586,2026-06-03T15:38:00,1356.35,netbanking,sbi,invalid_otp,2,22,1,1.0,180,0,0
txn_004587,2026-07-29T02:38:00,3890.38,netbanking,icici,bank_server_down,1,11,1,1.0,15,0,1
txn_004588,2026-06-15T22:20:00,1416.21,wallet,yesbank,gateway_error,1,3,0,0.727,30,0,1
txn_004589,2026-06-20T22:24:00,945.34,wallet,icici,insufficient_funds,1,0,0,1.0,1,0,0
txn_004590,2026-07-10T08:55:00,5865.52,netbanking,icici,gateway_error,2,14,0,0.584,720,0,0
txn_004591,2026-07-27T20:23:00,365.11,netbanking,yesbank,invalid_otp,2,5,1,0.428,60,0,0
txn_004592,2026-06-26T19:15:00,304.79,netbanking,yesbank,card_expired,1,4,0,0.906,60,0,0
txn_004593,2026-07-23T14:16:00,1404.07,netbanking,yesbank,bank_server_down,2,1,0,0.286,5,0,0
txn_004594,2026-06-19T18:13:00,160.97,wallet,other,insufficient_funds,1,21,0,0.998,180,0,1
txn_004595,2026-06-12T11:49:00,135.27,upi,other,insufficient_funds,1,13,1,0.455,30,0,0
txn_004596,2026-07-29T12:32:00,3210.38,netbanking,idfc,insufficient_funds,2,8,0,0.765,30,0,1
txn_004597,2026-06-24T11:16:00,417.75,wallet,idfc,insufficient_funds,1,4,0,0.862,15,0,0
txn_004598,2026-07-13T16:42:00,73.97,upi,yesbank,gateway_error,1,17,0,0.598,60,0,1
txn_004599,2026-07-21T16:47:00,273.09,upi,other,network_timeout,1,13,1,0.719,15,0,0
txn_004600,2026-06-02T08:58:00,1852.98,wallet,hdfc,insufficient_funds,1,15,1,0.575,30,0,1
txn_004601,2026-06-30T03:49:00,208.56,upi,other,risk_block,1,21,0,0.941,1,1,0
txn_004602,2026-07-10T23:35:00,221.36,netbanking,idfc,bank_server_down,1,10,0,0.925,720,0,1
txn_004603,2026-06-18T08:18:00,130.38,card,hdfc,card_expired,1,3,1,0.43,5,0,0
txn_004604,2026-06-05T23:39:00,3260.75,wallet,yesbank,insufficient_funds,1,3,0,1.0,5,0,0
txn_004605,2026-06-01T21:46:00,2500.16,wallet,hdfc,issuer_declined,1,12,0,0.579,1,0,0
txn_004606,2026-06-09T20:27:00,1166.83,netbanking,hdfc,network_timeout,1,11,1,0.861,1,0,0
txn_004607,2026-07-12T08:54:00,609.14,netbanking,hdfc,invalid_otp,3,6,0,1.0,15,0,1
txn_004608,2026-06-08T04:24:00,547.81,card,kotak,insufficient_funds,1,21,0,0.672,5,0,0
txn_004609,2026-06-22T19:59:00,465.64,upi,sbi,bank_server_down,1,4,0,0.584,180,0,1
txn_004610,2026-06-25T22:11:00,360.75,wallet,yesbank,card_expired,3,13,0,0.681,60,0,0
txn_004611,2026-06-24T00:27:00,1036.53,card,icici,network_timeout,1,21,0,1.0,5,0,1
txn_004612,2026-06-22T06:52:00,772.02,netbanking,axis,risk_block,1,16,1,0.658,5,1,0
txn_004613,2026-06-07T22:35:00,3534.37,wallet,icici,insufficient_funds,3,21,1,0.951,1,0,0
txn_004614,2026-06-05T00:00:00,3519.1,wallet,idfc,card_expired,2,19,0,0.728,1,0,0
txn_004615,2026-07-13T18:33:00,92.03,upi,kotak,bank_server_down,2,8,0,0.779,5,0,1
txn_004616,2026-07-03T11:13:00,2519.73,upi,yesbank,insufficient_funds,2,4,0,0.257,1,0,0
txn_004617,2026-06-28T03:48:00,8530.23,wallet,sbi,insufficient_funds,3,0,1,0.486,30,0,0
txn_004618,2026-06-26T09:21:00,308.44,upi,kotak,issuer_declined,3,11,0,0.846,180,0,0
txn_004619,2026-07-24T18:45:00,716.08,netbanking,kotak,card_expired,1,1,0,0.849,180,0,0
txn_004620,2026-07-12T09:04:00,551.5,upi,axis,invalid_otp,1,7,1,0.902,180,0,1
txn_004621,2026-07-10T06:48:00,210.32,netbanking,axis,gateway_error,2,11,0,0.669,1,0,1
txn_004622,2026-07-16T22:54:00,257.34,wallet,sbi,risk_block,3,19,0,0.188,1,1,0
txn_004623,2026-07-28T16:02:00,241.26,upi,other,insufficient_funds,2,21,1,0.767,15,0,0
txn_004624,2026-06-12T22:07:00,316.75,wallet,hdfc,invalid_otp,1,22,0,0.135,30,0,0
txn_004625,2026-06-12T13:34:00,72.63,netbanking,idfc,risk_block,1,15,0,0.628,720,1,0
txn_004626,2026-07-05T23:49:00,20.98,upi,yesbank,insufficient_funds,2,3,0,1.0,30,0,1
txn_004627,2026-06-27T12:12:00,627.94,wallet,sbi,invalid_otp,1,16,0,0.764,60,0,1
txn_004628,2026-06-21T21:13:00,349.69,upi,idfc,bank_server_down,2,19,0,0.796,1,0,1
txn_004629,2026-07-02T20:42:00,435.91,upi,kotak,insufficient_funds,1,19,0,0.958,15,0,1
txn_004630,2026-06-20T15:15:00,535.38,netbanking,kotak,issuer_declined,2,9,0,0.316,1,0,0
txn_004631,2026-06-25T04:33:00,2351.28,wallet,kotak,insufficient_funds,1,1,1,0.588,720,0,0
txn_004632,2026-07-09T02:50:00,3835.58,upi,sbi,issuer_declined,2,0,0,0.412,60,0,0
txn_004633,2026-06-26T01:51:00,2369.47,upi,sbi,invalid_otp,1,3,0,0.892,30,0,0
txn_004634,2026-07-27T08:50:00,547.83,upi,other,insufficient_funds,1,4,0,0.789,30,0,0
txn_004635,2026-06-27T12:09:00,211.1,wallet,hdfc,bank_server_down,1,1,1,0.403,60,0,1
txn_004636,2026-07-07T22:26:00,524.65,netbanking,icici,invalid_otp,1,18,1,0.423,720,0,1
txn_004637,2026-06-07T03:53:00,562.52,upi,idfc,insufficient_funds,2,13,0,0.638,5,0,0
txn_004638,2026-06-24T02:07:00,3127.76,netbanking,yesbank,issuer_declined,2,7,1,0.427,180,0,0
txn_004639,2026-07-21T15:55:00,527.14,upi,axis,card_expired,2,10,1,0.664,5,0,1
txn_004640,2026-06-06T22:10:00,1028.72,upi,other,issuer_declined,3,9,1,0.686,1,0,1
txn_004641,2026-06-11T06:25:00,91.07,upi,idfc,card_expired,2,22,1,0.601,30,0,0
txn_004642,2026-07-06T00:34:00,837.04,upi,icici,bank_server_down,1,17,0,0.752,720,0,1
txn_004643,2026-06-29T08:34:00,3841.24,card,yesbank,invalid_otp,3,12,0,1.0,180,0,1
txn_004644,2026-06-15T12:54:00,2860.29,card,icici,insufficient_funds,1,6,0,0.91,720,0,1
txn_004645,2026-07-29T13:37:00,1982.34,wallet,yesbank,issuer_declined,1,23,0,1.0,180,0,0
txn_004646,2026-06-08T05:55:00,179.3,netbanking,yesbank,insufficient_funds,1,10,0,0.954,15,0,0
txn_004647,2026-07-27T14:01:00,3577.61,card,hdfc,insufficient_funds,1,8,0,0.696,15,0,1
txn_004648,2026-06-10T21:07:00,1948.77,card,sbi,issuer_declined,2,7,0,0.967,60,0,0
txn_004649,2026-06-19T19:24:00,132.59,card,axis,bank_server_down,1,20,0,0.928,5,0,1
txn_004650,2026-06-17T00:18:00,1956.34,wallet,other,invalid_otp,3,16,1,1.0,15,0,0
txn_004651,2026-06-20T22:17:00,686.92,card,icici,issuer_declined,2,18,0,0.939,60,0,1
txn_004652,2026-06-15T17:17:00,725.98,upi,axis,insufficient_funds,2,2,0,1.0,720,0,0
txn_004653,2026-07-29T15:29:00,1607.2,card,idfc,insufficient_funds,1,16,0,0.706,15,0,0
txn_004654,2026-07-24T23:22:00,3601.24,wallet,sbi,issuer_declined,3,17,1,0.379,30,0,0
txn_004655,2026-07-23T07:50:00,471.41,upi,other,network_timeout,1,1,1,0.712,5,0,1
txn_004656,2026-07-15T02:33:00,683.84,wallet,kotak,card_expired,1,23,0,0.632,5,0,0
txn_004657,2026-07-07T13:26:00,836.71,netbanking,sbi,gateway_error,1,2,0,0.414,720,0,1
txn_004658,2026-06-25T16:23:00,2268.78,upi,yesbank,insufficient_funds,2,16,0,0.702,1,0,0
txn_004659,2026-06-18T07:11:00,2425.28,netbanking,yesbank,card_expired,2,13,0,0.88,5,0,0
txn_004660,2026-07-04T23:10:00,143.09,netbanking,other,insufficient_funds,2,18,0,0.879,180,0,1
txn_004661,2026-06-02T06:58:00,748.51,netbanking,hdfc,card_expired,1,22,0,0.524,1,0,0
txn_004662,2026-07-24T10:53:00,1689.16,card,axis,gateway_error,1,18,0,0.613,15,0,1
txn_004663,2026-07-06T22:40:00,860.85,netbanking,hdfc,issuer_declined,2,6,0,0.688,15,0,0
txn_004664,2026-07-25T11:14:00,657.3,upi,icici,issuer_declined,1,23,0,0.923,5,0,0
txn_004665,2026-07-27T01:17:00,4239.72,upi,hdfc,invalid_otp,3,15,0,0.683,30,0,1
txn_004666,2026-07-01T18:17:00,599.74,upi,other,invalid_otp,1,8,1,1.0,30,0,1
txn_004667,2026-07-13T18:34:00,2042.65,upi,icici,bank_server_down,2,6,1,0.876,5,0,1
txn_004668,2026-07-06T14:38:00,992.14,wallet,kotak,issuer_declined,3,7,1,0.515,1,0,0
txn_004669,2026-07-18T08:21:00,342.85,upi,icici,risk_block,1,10,0,0.752,1,1,1
txn_004670,2026-06-08T23:35:00,567.6,netbanking,other,risk_block,3,9,0,0.605,1,1,0
txn_004671,2026-07-22T10:45:00,1564.43,wallet,idfc,insufficient_funds,2,5,0,1.0,60,0,1
txn_004672,2026-06-11T00:17:00,4672.51,wallet,kotak,network_timeout,2,4,0,1.0,1,0,0
txn_004673,2026-07-19T02:54:00,540.59,card,sbi,invalid_otp,1,8,1,0.545,180,0,1
txn_004674,2026-07-11T16:49:00,3849.98,card,yesbank,network_timeout,1,7,0,0.552,180,0,0
txn_004675,2026-07-11T08:14:00,833.62,netbanking,other,insufficient_funds,2,22,0,0.797,5,0,1
txn_004676,2026-06-02T20:14:00,430.24,card,icici,card_expired,1,5,0,0.493,30,0,0
txn_004677,2026-07-22T06:56:00,1709.82,upi,kotak,bank_server_down,1,17,0,0.753,5,0,1
txn_004678,2026-06-07T04:11:00,591.33,upi,idfc,issuer_declined,2,10,0,0.665,1,0,1
txn_004679,2026-07-23T02:13:00,509.76,wallet,yesbank,issuer_declined,1,2,0,0.465,30,0,0
txn_004680,2026-07-22T14:39:00,135.26,card,other,insufficient_funds,2,1,0,0.933,60,0,1
txn_004681,2026-06-10T20:12:00,663.48,card,hdfc,network_timeout,1,18,0,0.868,1,0,0
txn_004682,2026-07-05T10:49:00,1798.72,card,idfc,gateway_error,1,16,0,0.567,180,0,0
txn_004683,2026-06-30T22:34:00,387.49,wallet,other,bank_server_down,2,10,0,0.666,5,0,0
txn_004684,2026-07-05T01:44:00,581.67,netbanking,idfc,insufficient_funds,1,16,0,0.988,720,0,1
txn_004685,2026-06-26T21:00:00,1180.08,netbanking,other,card_expired,2,7,0,0.859,5,0,0
txn_004686,2026-07-23T01:01:00,119.65,upi,icici,insufficient_funds,2,5,0,0.329,720,0,1
txn_004687,2026-06-13T11:35:00,643.38,wallet,yesbank,network_timeout,1,10,1,0.772,5,0,1
txn_004688,2026-07-13T05:31:00,659.97,netbanking,hdfc,insufficient_funds,3,5,0,1.0,180,0,0
txn_004689,2026-07-03T22:57:00,490.37,upi,hdfc,card_expired,1,19,0,0.981,5,0,0
txn_004690,2026-06-25T08:04:00,894.41,upi,other,bank_server_down,2,0,1,0.432,720,0,1
txn_004691,2026-06-18T03:33:00,162.47,upi,axis,invalid_otp,1,3,1,0.592,15,0,1
txn_004692,2026-06-16T00:35:00,414.53,upi,idfc,network_timeout,1,3,0,0.8,1,0,1
txn_004693,2026-06-11T22:58:00,1409.41,netbanking,hdfc,issuer_declined,1,18,0,0.684,720,0,0
txn_004694,2026-07-23T20:37:00,61.23,card,other,bank_server_down,2,19,1,1.0,60,0,1
txn_004695,2026-07-30T10:24:00,669.45,card,icici,bank_server_down,2,21,0,0.902,1,0,0
txn_004696,2026-06-08T21:22:00,1898.1,netbanking,icici,risk_block,1,9,0,0.861,60,1,0
txn_004697,2026-06-11T08:58:00,1430.84,card,hdfc,network_timeout,2,20,0,0.868,720,0,1
txn_004698,2026-06-03T11:48:00,216.06,wallet,hdfc,issuer_declined,3,0,0,0.523,60,0,0
txn_004699,2026-06-19T14:54:00,846.69,netbanking,idfc,network_timeout,1,22,0,0.525,180,0,1
txn_004700,2026-06-07T12:42:00,1010.44,card,yesbank,invalid_otp,1,13,0,0.635,30,0,1
txn_004701,2026-06-19T09:35:00,2039.75,card,other,risk_block,1,22,1,0.568,5,1,0
txn_004702,2026-07-21T03:53:00,2282.91,card,kotak,bank_server_down,1,1,0,0.553,60,0,1
txn_004703,2026-07-06T12:20:00,70.36,upi,sbi,issuer_declined,1,17,0,0.707,720,0,1
txn_004704,2026-06-02T15:02:00,982.53,netbanking,yesbank,issuer_declined,1,13,0,0.583,60,0,1
txn_004705,2026-07-10T13:12:00,7826.6,netbanking,yesbank,network_timeout,1,17,1,1.0,1,0,1
txn_004706,2026-07-03T16:59:00,1420.1,wallet,icici,bank_server_down,1,3,1,1.0,5,0,1
txn_004707,2026-07-16T19:39:00,500.2,netbanking,axis,bank_server_down,1,16,0,1.0,720,0,1
txn_004708,2026-07-03T14:24:00,1041.87,card,hdfc,bank_server_down,1,10,0,0.777,15,0,1
txn_004709,2026-06-28T00:03:00,897.21,netbanking,icici,network_timeout,2,8,0,0.782,15,0,0
txn_004710,2026-07-12T04:59:00,466.28,netbanking,sbi,issuer_declined,1,8,0,0.724,720,0,1
txn_004711,2026-07-10T21:29:00,194.98,netbanking,kotak,risk_block,1,4,0,0.511,720,1,0
txn_004712,2026-06-18T22:52:00,332.45,wallet,axis,gateway_error,1,9,0,0.575,1,0,0
txn_004713,2026-06-26T16:46:00,100.63,card,icici,card_expired,1,5,0,1.0,60,0,0
txn_004714,2026-06-21T06:14:00,3100.4,card,icici,network_timeout,2,12,0,0.624,180,0,1
txn_004715,2026-06-30T23:50:00,174.22,netbanking,axis,insufficient_funds,1,1,1,0.658,180,0,0
txn_004716,2026-06-18T18:21:00,321.18,netbanking,icici,issuer_declined,3,23,0,0.453,5,0,0
txn_004717,2026-07-04T03:04:00,414.84,wallet,sbi,issuer_declined,1,14,1,0.436,30,0,0
txn_004718,2026-06-08T16:00:00,2364.96,wallet,yesbank,network_timeout,1,0,0,0.571,1,0,1
txn_004719,2026-06-26T19:03:00,928.25,wallet,other,insufficient_funds,1,19,0,0.943,5,0,1
txn_004720,2026-06-07T07:10:00,173.33,card,yesbank,insufficient_funds,3,22,0,0.587,30,0,0
txn_004721,2026-06-05T02:34:00,1265.41,card,axis,network_timeout,3,1,1,1.0,30,0,1
txn_004722,2026-07-03T23:59:00,180.93,netbanking,yesbank,bank_server_down,2,17,0,0.962,720,0,1
txn_004723,2026-06-28T20:12:00,403.75,upi,idfc,gateway_error,3,15,0,0.626,30,0,0
txn_004724,2026-07-28T02:30:00,338.63,upi,axis,network_timeout,2,9,1,0.628,1,0,0
txn_004725,2026-06-05T00:43:00,339.47,wallet,axis,insufficient_funds,1,10,0,0.751,30,0,0
txn_004726,2026-07-10T08:46:00,2716.09,card,other,gateway_error,1,21,1,0.645,15,0,1
txn_004727,2026-06-24T05:55:00,565.79,wallet,icici,network_timeout,1,5,1,0.645,5,0,0
txn_004728,2026-07-09T11:22:00,1117.44,netbanking,yesbank,risk_block,3,22,1,0.567,180,1,0
txn_004729,2026-07-29T01:18:00,3141.35,upi,hdfc,insufficient_funds,1,10,0,0.9,5,0,1
txn_004730,2026-07-29T22:12:00,333.08,wallet,hdfc,issuer_declined,2,3,0,0.747,5,0,0
txn_004731,2026-07-20T20:03:00,124.03,upi,yesbank,gateway_error,1,17,0,0.442,15,0,0
txn_004732,2026-07-19T01:15:00,1094.78,netbanking,idfc,gateway_error,1,1,0,0.296,30,0,0
txn_004733,2026-06-01T07:48:00,201.59,upi,kotak,network_timeout,1,8,1,0.494,180,0,1
txn_004734,2026-06-02T19:23:00,707.16,netbanking,kotak,network_timeout,2,13,1,0.813,15,0,0
txn_004735,2026-06-24T00:52:00,2318.17,upi,yesbank,card_expired,2,8,0,0.408,15,0,0
txn_004736,2026-06-21T22:18:00,265.13,upi,sbi,issuer_declined,2,16,0,0.458,5,0,0
txn_004737,2026-06-19T09:48:00,1129.93,netbanking,kotak,bank_server_down,2,17,0,0.585,180,0,1
txn_004738,2026-06-21T18:45:00,347.5,upi,yesbank,invalid_otp,1,21,0,0.812,180,0,1
txn_004739,2026-06-23T01:25:00,145.28,upi,yesbank,network_timeout,2,2,0,0.562,1,0,0
txn_004740,2026-06-11T10:06:00,391.74,card,yesbank,insufficient_funds,2,12,0,0.413,180,0,0
txn_004741,2026-06-24T20:05:00,406.71,upi,axis,bank_server_down,1,13,1,0.691,1,0,0
txn_004742,2026-07-19T07:27:00,3961.66,card,yesbank,issuer_declined,1,19,1,0.586,30,0,0
txn_004743,2026-07-29T04:24:00,466.27,card,other,invalid_otp,2,22,0,0.952,1,0,1
txn_004744,2026-07-24T08:22:00,1133.39,upi,other,invalid_otp,1,17,0,0.695,15,0,0
txn_004745,2026-07-06T10:28:00,2529.09,netbanking,yesbank,issuer_declined,2,21,1,0.928,30,0,1
txn_004746,2026-07-09T21:23:00,2815.95,upi,hdfc,insufficient_funds,1,7,0,0.738,30,0,0
txn_004747,2026-06-14T06:30:00,96.96,wallet,axis,card_expired,1,1,1,0.695,5,0,0
txn_004748,2026-07-21T19:37:00,364.75,netbanking,hdfc,card_expired,3,17,0,0.785,30,0,0
txn_004749,2026-06-25T01:33:00,2951.31,card,icici,issuer_declined,1,15,0,0.775,180,0,0
txn_004750,2026-07-16T23:20:00,2584.97,wallet,idfc,network_timeout,1,4,0,0.948,30,0,1
txn_004751,2026-07-01T16:19:00,274.19,wallet,kotak,gateway_error,1,10,1,0.869,1,0,1
txn_004752,2026-07-20T12:15:00,790.75,netbanking,sbi,issuer_declined,1,16,0,0.718,60,0,1
txn_004753,2026-07-09T17:40:00,3215.21,netbanking,other,insufficient_funds,1,23,1,0.697,1,0,0
txn_004754,2026-07-05T04:59:00,277.0,upi,other,issuer_declined,1,7,0,0.643,720,0,0
txn_004755,2026-07-18T20:05:00,1065.02,wallet,hdfc,network_timeout,1,1,0,1.0,15,0,1
txn_004756,2026-07-11T09:18:00,1030.64,netbanking,axis,risk_block,1,16,0,0.703,30,1,0
txn_004757,2026-06-29T05:16:00,659.16,upi,idfc,issuer_declined,2,14,0,0.547,180,0,0
txn_004758,2026-06-09T19:16:00,492.73,card,sbi,bank_server_down,1,8,0,0.938,15,0,1
txn_004759,2026-06-08T12:48:00,718.54,card,icici,invalid_otp,2,16,0,0.711,60,0,0
txn_004760,2026-06-30T18:07:00,174.34,wallet,icici,network_timeout,2,17,0,1.0,180,0,1
txn_004761,2026-07-29T01:58:00,542.89,card,sbi,network_timeout,3,8,0,1.0,15,0,0
txn_004762,2026-06-14T05:12:00,1783.28,wallet,yesbank,gateway_error,1,17,0,0.892,720,0,1
txn_004763,2026-06-25T03:59:00,254.94,upi,sbi,risk_block,1,2,0,0.336,720,1,0
txn_004764,2026-07-19T12:43:00,88.47,upi,yesbank,invalid_otp,1,16,1,0.696,720,0,0
txn_004765,2026-06-02T20:23:00,3053.37,upi,sbi,invalid_otp,1,0,0,0.851,180,0,1
txn_004766,2026-06-10T08:10:00,292.59,card,sbi,bank_server_down,1,22,0,0.62,180,0,1
txn_004767,2026-07-11T05:00:00,5167.37,netbanking,idfc,network_timeout,1,23,0,0.896,1,0,1
txn_004768,2026-07-13T06:59:00,110.13,upi,idfc,network_timeout,1,19,0,0.552,180,0,1
txn_004769,2026-07-17T16:19:00,111.73,wallet,icici,card_expired,1,22,0,0.915,720,0,1
txn_004770,2026-07-17T08:05:00,13078.67,card,yesbank,risk_block,1,17,0,0.628,180,1,0
txn_004771,2026-07-10T10:57:00,1694.97,netbanking,sbi,issuer_declined,3,11,0,0.821,30,0,0
txn_004772,2026-06-08T22:20:00,466.13,card,idfc,network_timeout,3,9,0,0.782,5,0,1
txn_004773,2026-06-29T05:30:00,647.49,card,axis,gateway_error,2,5,0,0.849,60,0,1
txn_004774,2026-07-17T03:12:00,185.42,upi,sbi,bank_server_down,2,14,1,1.0,1,0,1
txn_004775,2026-07-17T11:15:00,6681.93,netbanking,kotak,network_timeout,1,5,0,0.731,15,0,1
txn_004776,2026-06-12T11:21:00,834.37,upi,icici,network_timeout,2,9,0,1.0,180,0,1
txn_004777,2026-07-02T21:18:00,264.73,netbanking,idfc,risk_block,1,14,0,0.63,1,1,0
txn_004778,2026-07-15T00:23:00,588.94,wallet,idfc,bank_server_down,3,1,0,0.905,180,0,0
txn_004779,2026-07-21T15:17:00,246.7,netbanking,axis,issuer_declined,1,17,1,0.798,180,0,0
txn_004780,2026-07-16T22:56:00,2340.58,wallet,icici,bank_server_down,1,15,0,0.489,15,0,0
txn_004781,2026-07-23T08:15:00,1158.05,netbanking,icici,issuer_declined,1,4,1,0.652,180,0,0
txn_004782,2026-07-24T20:37:00,1012.11,upi,yesbank,bank_server_down,1,18,0,0.482,60,0,1
txn_004783,2026-07-13T20:36:00,2107.7,upi,axis,insufficient_funds,1,6,0,0.776,15,0,1
txn_004784,2026-07-06T20:12:00,3258.5,card,other,issuer_declined,2,7,1,0.717,1,0,0
txn_004785,2026-06-10T06:13:00,211.88,netbanking,idfc,invalid_otp,1,5,0,0.804,5,0,1
txn_004786,2026-06-11T21:26:00,365.31,wallet,idfc,bank_server_down,3,18,0,0.816,60,0,1
txn_004787,2026-07-18T18:49:00,505.62,netbanking,axis,invalid_otp,1,23,0,0.65,180,0,1
txn_004788,2026-07-15T17:52:00,287.97,card,kotak,gateway_error,1,3,0,0.826,60,0,1
txn_004789,2026-07-13T23:41:00,942.41,card,sbi,insufficient_funds,2,5,0,0.683,5,0,0
txn_004790,2026-07-14T09:36:00,639.11,netbanking,kotak,insufficient_funds,1,5,0,0.896,60,0,1
txn_004791,2026-07-17T19:18:00,14888.45,card,kotak,insufficient_funds,1,8,0,0.631,720,0,0
txn_004792,2026-07-26T05:09:00,2840.16,wallet,yesbank,card_expired,2,0,1,1.0,15,0,0
txn_004793,2026-06-14T09:37:00,347.87,wallet,yesbank,bank_server_down,1,6,1,0.94,15,0,1
txn_004794,2026-07-08T21:30:00,1074.67,netbanking,other,bank_server_down,1,5,0,0.872,180,0,1
txn_004795,2026-07-15T02:20:00,1304.74,upi,hdfc,invalid_otp,1,11,0,0.735,1,0,1
txn_004796,2026-07-15T23:19:00,710.83,netbanking,axis,gateway_error,3,19,0,0.692,5,0,0
txn_004797,2026-07-23T00:23:00,752.26,wallet,other,bank_server_down,1,7,0,0.861,1,0,1
txn_004798,2026-06-30T20:45:00,726.62,card,icici,invalid_otp,1,21,0,0.71,1,0,0
txn_004799,2026-07-06T01:34:00,930.34,netbanking,kotak,issuer_declined,1,1,1,0.272,30,0,0
txn_004800,2026-07-18T17:43:00,419.38,netbanking,hdfc,insufficient_funds,1,17,0,0.876,60,0,0
txn_004801,2026-06-28T05:05:00,915.83,wallet,yesbank,bank_server_down,1,21,0,0.831,180,0,1
txn_004802,2026-07-20T21:32:00,697.99,card,sbi,insufficient_funds,1,14,0,0.347,720,0,0
txn_004803,2026-06-18T14:26:00,1558.32,card,other,network_timeout,3,3,0,0.364,180,0,0
txn_004804,2026-06-10T03:04:00,1164.02,wallet,yesbank,insufficient_funds,1,15,0,0.605,720,0,0
txn_004805,2026-07-16T14:57:00,342.06,card,hdfc,issuer_declined,1,0,0,1.0,30,0,1
txn_004806,2026-07-17T12:08:00,2855.97,upi,kotak,bank_server_down,1,0,1,0.494,60,0,1
txn_004807,2026-07-28T04:25:00,276.25,card,idfc,invalid_otp,2,20,0,0.727,1,0,1
txn_004808,2026-07-13T14:51:00,133.43,card,idfc,risk_block,1,2,0,0.949,180,1,0
txn_004809,2026-06-17T20:26:00,1014.79,wallet,axis,card_expired,1,10,1,0.798,180,0,1
txn_004810,2026-07-27T22:31:00,614.74,card,hdfc,gateway_error,3,17,0,0.818,1,0,1
txn_004811,2026-07-23T11:39:00,493.69,wallet,yesbank,insufficient_funds,2,10,1,0.672,1,0,0
txn_004812,2026-06-30T09:14:00,470.37,wallet,icici,insufficient_funds,1,11,0,0.588,720,0,0
txn_004813,2026-07-01T04:10:00,313.31,netbanking,icici,insufficient_funds,1,10,1,1.0,30,0,0
txn_004814,2026-07-26T01:58:00,623.95,card,idfc,insufficient_funds,1,18,1,0.519,60,0,1
txn_004815,2026-07-16T00:56:00,808.73,wallet,icici,gateway_error,1,11,1,0.537,720,0,0
txn_004816,2026-06-15T11:45:00,176.28,wallet,icici,bank_server_down,1,7,0,0.689,60,0,1
txn_004817,2026-06-29T00:32:00,1289.11,card,idfc,network_timeout,2,15,0,0.839,5,0,1
txn_004818,2026-07-28T09:54:00,3475.46,upi,icici,network_timeout,1,11,0,0.441,15,0,0
txn_004819,2026-07-03T20:16:00,673.31,netbanking,yesbank,gateway_error,1,17,0,1.0,30,0,1
txn_004820,2026-06-04T00:05:00,3662.17,wallet,sbi,network_timeout,2,1,0,0.762,5,0,0
txn_004821,2026-07-13T12:02:00,291.92,wallet,axis,bank_server_down,1,4,0,0.358,60,0,1
txn_004822,2026-07-10T22:31:00,2656.84,wallet,icici,gateway_error,1,0,1,0.729,15,0,1
txn_004823,2026-06-20T17:19:00,385.34,upi,kotak,bank_server_down,1,18,1,0.558,5,0,1
txn_004824,2026-07-27T01:01:00,1129.36,netbanking,icici,invalid_otp,1,3,0,0.826,15,0,0
txn_004825,2026-07-27T04:50:00,1627.37,upi,yesbank,invalid_otp,1,19,1,0.94,5,0,1
txn_004826,2026-07-15T20:01:00,2430.61,wallet,icici,invalid_otp,1,1,1,0.745,720,0,0
txn_004827,2026-06-06T05:38:00,2678.96,upi,other,card_expired,2,21,0,0.491,5,0,0
txn_004828,2026-07-28T15:40:00,245.61,wallet,other,gateway_error,2,9,1,0.704,30,0,0
txn_004829,2026-06-17T14:52:00,2120.29,netbanking,idfc,bank_server_down,3,0,0,0.961,1,0,0
txn_004830,2026-06-11T11:18:00,2763.99,netbanking,sbi,issuer_declined,1,19,0,0.678,180,0,1
txn_004831,2026-07-11T02:06:00,1864.59,card,kotak,invalid_otp,1,21,0,0.617,30,0,1
txn_004832,2026-07-09T21:56:00,438.39,upi,hdfc,issuer_declined,1,6,0,0.57,720,0,0
txn_004833,2026-06-27T17:42:00,816.97,upi,kotak,bank_server_down,1,10,1,0.722,720,0,1
txn_004834,2026-07-17T20:51:00,472.3,wallet,icici,issuer_declined,3,15,1,0.707,30,0,0
txn_004835,2026-07-07T19:42:00,1004.71,card,idfc,bank_server_down,1,2,1,1.0,15,0,0
txn_004836,2026-07-17T00:24:00,447.54,card,hdfc,gateway_error,1,13,0,0.665,180,0,1
txn_004837,2026-07-29T13:24:00,181.89,wallet,sbi,network_timeout,1,13,0,0.301,60,0,1
txn_004838,2026-07-15T22:01:00,4651.71,netbanking,sbi,issuer_declined,1,3,0,1.0,180,0,0
txn_004839,2026-07-08T06:34:00,367.75,upi,axis,card_expired,2,19,1,0.647,180,0,0
txn_004840,2026-07-02T07:55:00,3154.73,upi,axis,bank_server_down,1,20,0,0.895,1,0,0
txn_004841,2026-06-18T22:50:00,1990.21,card,icici,card_expired,2,17,1,0.292,720,0,0
txn_004842,2026-06-10T20:29:00,3057.79,netbanking,kotak,bank_server_down,1,22,0,0.65,60,0,1
txn_004843,2026-07-18T07:32:00,1177.09,wallet,idfc,network_timeout,2,15,0,0.832,60,0,1
txn_004844,2026-06-13T00:46:00,530.44,upi,hdfc,insufficient_funds,1,17,0,0.831,1,0,1
txn_004845,2026-07-19T16:37:00,918.42,card,other,gateway_error,1,18,0,1.0,5,0,1
txn_004846,2026-06-10T16:02:00,1577.69,wallet,hdfc,network_timeout,1,13,1,0.81,15,0,1
txn_004847,2026-07-10T17:02:00,455.55,card,idfc,card_expired,1,14,1,0.518,720,0,0
txn_004848,2026-06-25T07:19:00,721.55,wallet,yesbank,bank_server_down,2,5,0,0.467,5,0,0
txn_004849,2026-07-11T13:44:00,531.51,wallet,axis,invalid_otp,1,15,0,0.825,60,0,1
txn_004850,2026-07-27T12:52:00,350.51,netbanking,icici,network_timeout,1,23,0,0.501,1,0,0
txn_004851,2026-06-08T16:02:00,1599.06,wallet,axis,insufficient_funds,1,16,1,0.596,720,0,1
txn_004852,2026-07-16T00:25:00,940.43,upi,axis,issuer_declined,2,13,0,0.408,15,0,0
txn_004853,2026-07-04T06:38:00,632.6,wallet,other,card_expired,1,6,1,0.252,60,0,0
txn_004854,2026-07-06T01:30:00,961.4,wallet,kotak,bank_server_down,1,2,0,0.5,1,0,1
txn_004855,2026-06-02T00:15:00,241.4,netbanking,kotak,gateway_error,1,17,1,0.835,30,0,1
txn_004856,2026-07-25T15:27:00,2732.08,netbanking,yesbank,bank_server_down,1,1,0,0.573,5,0,1
txn_004857,2026-07-19T04:33:00,876.79,wallet,idfc,network_timeout,1,18,1,0.991,1,0,1
txn_004858,2026-06-22T03:31:00,687.58,upi,kotak,bank_server_down,2,9,0,1.0,60,0,1
txn_004859,2026-06-23T07:58:00,184.19,wallet,other,issuer_declined,1,6,0,0.726,720,0,0
txn_004860,2026-07-06T11:24:00,159.12,upi,other,network_timeout,1,1,0,0.859,1,0,1
txn_004861,2026-06-27T15:50:00,1668.18,netbanking,hdfc,bank_server_down,1,5,0,0.797,15,0,1
txn_004862,2026-06-22T19:42:00,597.73,card,yesbank,invalid_otp,1,2,1,0.641,720,0,0
txn_004863,2026-06-08T07:29:00,993.54,wallet,sbi,insufficient_funds,1,18,1,0.804,180,0,1
txn_004864,2026-06-21T08:38:00,125.96,wallet,kotak,invalid_otp,1,7,0,0.406,15,0,1
txn_004865,2026-06-15T07:29:00,278.8,wallet,hdfc,invalid_otp,1,4,0,0.946,5,0,0
txn_004866,2026-06-17T09:42:00,936.77,netbanking,other,gateway_error,2,23,1,1.0,180,0,1
txn_004867,2026-06-03T07:19:00,416.15,wallet,yesbank,insufficient_funds,1,11,0,0.66,720,0,1
txn_004868,2026-07-25T13:45:00,1750.82,upi,icici,invalid_otp,3,4,0,0.633,720,0,0
txn_004869,2026-07-15T14:35:00,2109.63,card,yesbank,network_timeout,2,5,1,0.727,60,0,1
txn_004870,2026-07-02T06:39:00,3100.92,upi,hdfc,issuer_declined,1,19,1,0.352,15,0,0
txn_004871,2026-06-22T00:55:00,359.18,netbanking,kotak,bank_server_down,1,19,0,0.739,60,0,1
txn_004872,2026-07-01T23:20:00,119.43,netbanking,axis,insufficient_funds,1,11,0,0.47,5,0,0
txn_004873,2026-07-11T11:42:00,509.74,card,icici,insufficient_funds,1,4,0,0.608,180,0,0
txn_004874,2026-06-21T14:48:00,488.9,wallet,hdfc,gateway_error,2,15,1,0.933,5,0,1
txn_004875,2026-06-06T00:13:00,2931.55,wallet,sbi,bank_server_down,1,11,0,0.591,1,0,0
txn_004876,2026-07-12T10:09:00,356.55,card,kotak,issuer_declined,2,4,1,0.66,1,0,0
txn_004877,2026-07-29T11:51:00,1987.86,card,sbi,bank_server_down,1,1,0,0.283,60,0,1
txn_004878,2026-07-12T05:36:00,986.19,card,hdfc,network_timeout,1,9,0,0.866,180,0,1
txn_004879,2026-06-28T18:42:00,975.82,wallet,icici,bank_server_down,3,10,0,0.753,60,0,0
txn_004880,2026-07-16T13:39:00,105.31,card,axis,invalid_otp,1,7,1,0.821,30,0,1
txn_004881,2026-07-06T16:22:00,7082.37,card,sbi,issuer_declined,2,0,0,0.745,5,0,0
txn_004882,2026-06-23T22:45:00,1084.62,upi,icici,gateway_error,2,9,0,0.901,180,0,1
txn_004883,2026-06-02T08:16:00,246.03,netbanking,sbi,gateway_error,1,11,0,0.523,1,0,1
txn_004884,2026-06-18T06:33:00,338.27,wallet,hdfc,insufficient_funds,2,1,0,0.323,15,0,0
txn_004885,2026-07-19T03:32:00,1096.82,upi,axis,gateway_error,2,14,1,0.961,5,0,1
txn_004886,2026-06-22T16:19:00,2476.81,card,icici,invalid_otp,2,0,0,0.687,720,0,0
txn_004887,2026-06-16T14:28:00,1505.21,upi,idfc,issuer_declined,3,15,1,0.457,5,0,0
txn_004888,2026-06-28T12:46:00,202.21,upi,hdfc,insufficient_funds,1,3,1,1.0,30,0,0
txn_004889,2026-06-22T22:37:00,1636.73,upi,kotak,card_expired,1,21,0,0.541,30,0,0
txn_004890,2026-06-20T13:02:00,882.59,upi,hdfc,insufficient_funds,2,6,1,0.798,15,0,1
txn_004891,2026-06-18T20:16:00,620.72,card,sbi,network_timeout,1,15,0,0.706,30,0,1
txn_004892,2026-07-16T02:35:00,2283.12,card,other,bank_server_down,3,18,0,0.906,60,0,1
txn_004893,2026-06-03T19:36:00,3087.67,netbanking,axis,gateway_error,1,13,0,0.71,30,0,1
txn_004894,2026-06-20T06:31:00,1179.75,card,other,gateway_error,1,17,1,0.746,720,0,1
txn_004895,2026-07-01T15:34:00,246.92,upi,hdfc,issuer_declined,1,14,0,0.857,5,0,0
txn_004896,2026-06-26T00:02:00,975.13,card,axis,card_expired,1,9,0,0.651,1,0,0
txn_004897,2026-07-28T13:15:00,2138.59,card,axis,gateway_error,2,12,0,0.69,720,0,1
txn_004898,2026-07-22T05:44:00,642.42,netbanking,icici,invalid_otp,1,5,1,0.747,720,0,1
txn_004899,2026-07-06T17:14:00,1319.72,upi,axis,risk_block,1,13,1,0.381,5,1,0
txn_004900,2026-06-11T10:11:00,1339.83,wallet,kotak,invalid_otp,1,20,0,0.939,180,0,0
txn_004901,2026-07-29T03:05:00,230.01,wallet,idfc,insufficient_funds,1,14,0,0.615,30,0,1
txn_004902,2026-06-27T11:35:00,281.28,card,sbi,gateway_error,2,22,0,0.73,60,0,1
txn_004903,2026-07-17T13:51:00,334.54,wallet,idfc,issuer_declined,3,14,0,0.813,30,0,0
txn_004904,2026-06-29T11:54:00,374.2,card,icici,bank_server_down,2,8,1,0.918,15,0,1
txn_004905,2026-06-05T10:57:00,1352.54,wallet,hdfc,insufficient_funds,1,15,0,0.996,1,0,1
txn_004906,2026-06-17T10:17:00,625.48,netbanking,axis,insufficient_funds,2,0,0,0.779,15,0,0
txn_004907,2026-06-05T14:57:00,3752.61,netbanking,hdfc,bank_server_down,3,11,0,0.613,1,0,1
txn_004908,2026-07-26T17:02:00,134.7,upi,yesbank,network_timeout,1,1,0,0.7,30,0,1
txn_004909,2026-07-14T21:59:00,381.03,upi,idfc,issuer_declined,1,2,1,0.824,30,0,0
txn_004910,2026-06-03T10:42:00,1227.56,card,icici,insufficient_funds,1,4,1,1.0,30,0,0
txn_004911,2026-06-18T16:08:00,921.03,netbanking,kotak,insufficient_funds,1,10,0,0.602,180,0,1
txn_004912,2026-07-16T08:06:00,17.51,netbanking,axis,risk_block,1,4,1,0.63,720,1,0
txn_004913,2026-07-26T04:21:00,292.9,card,other,insufficient_funds,1,17,1,0.865,30,0,1
txn_004914,2026-06-25T10:05:00,170.66,wallet,idfc,insufficient_funds,2,18,0,0.58,5,0,0
txn_004915,2026-06-13T16:31:00,85.99,upi,idfc,invalid_otp,1,5,0,0.589,30,0,0
txn_004916,2026-07-28T16:11:00,573.63,netbanking,yesbank,gateway_error,1,3,0,0.561,720,0,1
txn_004917,2026-07-22T11:53:00,499.95,upi,idfc,gateway_error,1,7,1,1.0,1,0,1
txn_004918,2026-07-06T03:45:00,367.24,card,axis,insufficient_funds,1,10,0,1.0,5,0,1
txn_004919,2026-07-08T07:53:00,1201.91,netbanking,yesbank,bank_server_down,1,9,0,1.0,5,0,1
txn_004920,2026-07-30T12:18:00,407.8,netbanking,icici,card_expired,2,20,0,0.624,60,0,0
txn_004921,2026-06-16T01:55:00,39382.05,upi,idfc,invalid_otp,2,4,0,0.629,60,0,0
txn_004922,2026-07-30T22:46:00,139.84,netbanking,other,gateway_error,2,13,0,0.741,720,0,0
txn_004923,2026-06-03T14:43:00,10741.12,upi,other,insufficient_funds,2,22,0,0.447,180,0,0
txn_004924,2026-07-09T09:49:00,204.69,netbanking,idfc,insufficient_funds,1,13,1,0.657,720,0,1
txn_004925,2026-06-25T22:47:00,1228.56,card,hdfc,issuer_declined,1,12,0,0.824,60,0,1
txn_004926,2026-07-11T23:25:00,328.29,upi,kotak,risk_block,3,10,0,0.858,180,1,0
txn_004927,2026-07-16T19:35:00,579.75,card,icici,gateway_error,3,3,1,0.294,15,0,0
txn_004928,2026-06-28T10:27:00,1639.81,card,idfc,bank_server_down,2,5,0,0.691,5,0,0
txn_004929,2026-07-20T12:37:00,621.03,wallet,hdfc,invalid_otp,1,16,1,0.803,60,0,0
txn_004930,2026-06-29T06:57:00,129.29,card,sbi,gateway_error,1,3,0,0.777,1,0,1
txn_004931,2026-06-16T19:58:00,197.12,wallet,hdfc,network_timeout,2,20,0,0.471,5,0,1
txn_004932,2026-06-12T20:10:00,2899.13,upi,yesbank,insufficient_funds,2,9,1,0.853,720,0,0
txn_004933,2026-06-26T14:05:00,415.98,card,other,issuer_declined,2,14,0,0.671,30,0,1
txn_004934,2026-07-25T11:26:00,3694.5,card,hdfc,insufficient_funds,1,1,0,0.506,720,0,0
txn_004935,2026-07-08T19:36:00,1158.88,card,sbi,issuer_declined,1,8,1,0.831,1,0,1
txn_004936,2026-07-12T09:08:00,369.42,upi,other,card_expired,1,16,1,0.928,180,0,0
txn_004937,2026-06-03T02:13:00,164.63,upi,hdfc,network_timeout,2,11,0,0.349,5,0,1
txn_004938,2026-07-22T13:00:00,1313.35,card,idfc,insufficient_funds,1,13,1,0.551,180,0,0
txn_004939,2026-06-26T09:30:00,2041.33,netbanking,axis,gateway_error,1,20,0,0.903,60,0,1
txn_004940,2026-06-15T06:28:00,686.36,card,icici,issuer_declined,1,18,0,0.885,15,0,0
txn_004941,2026-07-13T04:14:00,2323.54,netbanking,idfc,gateway_error,1,14,0,0.872,1,0,1
txn_004942,2026-06-11T11:51:00,1380.21,upi,icici,insufficient_funds,1,17,0,0.591,720,0,1
txn_004943,2026-07-30T23:57:00,185.54,netbanking,other,invalid_otp,1,17,0,0.192,180,0,0
txn_004944,2026-06-20T22:29:00,183.53,card,other,gateway_error,2,11,0,1.0,15,0,1
txn_004945,2026-06-08T14:03:00,843.12,upi,yesbank,insufficient_funds,3,18,0,0.816,30,0,1
txn_004946,2026-07-23T19:49:00,538.98,card,yesbank,insufficient_funds,1,1,0,1.0,180,0,1
txn_004947,2026-06-11T07:55:00,8461.78,wallet,yesbank,bank_server_down,1,7,0,0.72,720,0,1
txn_004948,2026-07-02T07:37:00,1033.47,wallet,sbi,invalid_otp,1,6,0,0.834,180,0,0
txn_004949,2026-07-09T20:17:00,234.23,upi,icici,network_timeout,2,22,1,0.326,60,0,1
txn_004950,2026-06-21T05:18:00,58.22,wallet,icici,card_expired,3,9,0,0.98,30,0,0
txn_004951,2026-07-04T22:37:00,329.16,upi,sbi,insufficient_funds,1,5,0,0.94,1,0,1
txn_004952,2026-07-21T04:22:00,174.21,upi,idfc,bank_server_down,1,15,0,0.719,180,0,1
txn_004953,2026-06-14T13:29:00,587.35,wallet,kotak,invalid_otp,2,8,0,0.81,720,0,0
txn_004954,2026-06-18T17:01:00,105.21,card,axis,bank_server_down,2,18,0,0.99,180,0,1
txn_004955,2026-06-12T01:32:00,336.64,upi,yesbank,invalid_otp,2,9,0,0.66,60,0,1
txn_004956,2026-06-01T13:18:00,8299.34,wallet,kotak,network_timeout,1,18,1,0.884,720,0,1
txn_004957,2026-07-21T17:26:00,4615.67,wallet,other,invalid_otp,1,2,0,0.444,180,0,0
txn_004958,2026-06-16T23:36:00,577.74,wallet,idfc,issuer_declined,1,0,0,0.971,30,0,0
txn_004959,2026-07-16T11:23:00,813.48,card,other,insufficient_funds,1,1,0,0.713,15,0,1
txn_004960,2026-07-22T02:55:00,727.85,netbanking,yesbank,gateway_error,1,6,1,0.756,60,0,1
txn_004961,2026-07-05T00:00:00,16.3,netbanking,yesbank,network_timeout,1,9,0,0.841,1,0,0
txn_004962,2026-06-01T08:21:00,552.52,upi,axis,gateway_error,2,7,0,0.682,15,0,0
txn_004963,2026-06-10T21:29:00,1901.15,netbanking,idfc,risk_block,1,9,1,0.815,720,1,0
txn_004964,2026-07-15T14:55:00,1876.23,wallet,icici,card_expired,1,19,0,0.718,180,0,0
txn_004965,2026-06-22T17:51:00,36.97,upi,icici,network_timeout,1,15,0,0.385,720,0,1
txn_004966,2026-07-12T13:02:00,1473.1,netbanking,hdfc,insufficient_funds,3,5,0,0.522,60,0,0
txn_004967,2026-07-12T15:33:00,1330.02,upi,icici,card_expired,1,15,1,1.0,60,0,0
txn_004968,2026-07-20T16:03:00,2524.42,wallet,idfc,risk_block,1,16,1,0.655,15,1,1
txn_004969,2026-06-13T19:07:00,139.63,netbanking,other,insufficient_funds,3,5,0,0.829,1,0,0
txn_004970,2026-07-10T00:44:00,8787.69,netbanking,icici,insufficient_funds,2,20,0,0.625,5,0,1
txn_004971,2026-06-30T11:53:00,763.48,netbanking,sbi,network_timeout,1,13,0,0.902,720,0,1
txn_004972,2026-06-25T05:32:00,203.34,netbanking,icici,bank_server_down,1,4,0,0.57,1,0,1
txn_004973,2026-06-09T22:17:00,325.98,wallet,other,invalid_otp,1,19,0,1.0,30,0,1
txn_004974,2026-06-20T11:19:00,842.35,card,yesbank,gateway_error,2,22,0,0.926,180,0,1
txn_004975,2026-06-07T00:40:00,259.43,wallet,kotak,network_timeout,1,2,0,0.746,1,0,0
txn_004976,2026-07-28T00:32:00,639.76,card,other,issuer_declined,1,11,1,0.591,30,0,0
txn_004977,2026-06-08T22:00:00,254.48,card,sbi,invalid_otp,1,9,0,0.537,30,0,1
txn_004978,2026-07-07T23:07:00,469.13,card,axis,bank_server_down,1,21,0,0.578,30,0,1
txn_004979,2026-06-11T17:08:00,527.08,wallet,idfc,insufficient_funds,1,22,0,0.458,30,0,1
txn_004980,2026-06-19T09:55:00,81.84,upi,idfc,bank_server_down,2,1,0,0.791,15,0,1
txn_004981,2026-07-04T04:10:00,225.53,netbanking,idfc,gateway_error,1,16,1,0.918,15,0,0
txn_004982,2026-06-27T18:03:00,4942.96,card,idfc,invalid_otp,3,4,0,0.679,180,0,0
txn_004983,2026-07-12T03:14:00,2019.04,card,idfc,insufficient_funds,1,22,0,1.0,60,0,1
txn_004984,2026-06-30T21:09:00,910.49,netbanking,yesbank,issuer_declined,1,1,0,1.0,1,0,1
txn_004985,2026-07-28T15:01:00,39.16,upi,hdfc,network_timeout,1,3,0,0.49,15,0,0
txn_004986,2026-07-23T14:39:00,62.39,netbanking,icici,card_expired,2,20,0,0.497,30,0,0
txn_004987,2026-06-18T19:10:00,119.87,card,sbi,network_timeout,1,3,0,0.903,1,0,0
txn_004988,2026-07-09T09:50:00,8712.12,netbanking,yesbank,network_timeout,1,1,1,0.857,15,0,0
txn_004989,2026-06-06T22:06:00,474.88,card,idfc,network_timeout,2,8,0,0.903,60,0,0
txn_004990,2026-06-08T00:05:00,252.21,upi,idfc,risk_block,1,17,0,0.498,720,1,0
txn_004991,2026-06-02T01:51:00,888.72,card,idfc,risk_block,1,15,1,0.984,30,1,0
txn_004992,2026-07-08T02:54:00,787.04,netbanking,kotak,invalid_otp,2,21,1,0.772,1,0,1
txn_004993,2026-06-17T15:09:00,1261.15,card,yesbank,insufficient_funds,1,15,1,0.857,1,0,0
txn_004994,2026-07-09T14:21:00,269.8,upi,sbi,gateway_error,1,10,1,0.5,15,0,1
txn_004995,2026-06-14T20:36:00,179.25,card,hdfc,network_timeout,2,12,0,0.746,720,0,1
txn_004996,2026-07-04T15:05:00,2031.22,netbanking,kotak,card_expired,1,0,1,0.801,720,0,0
txn_004997,2026-06-13T09:57:00,259.96,netbanking,sbi,risk_block,1,14,0,0.659,15,1,0
txn_004998,2026-06-30T03:44:00,331.41,wallet,idfc,risk_block,3,16,1,0.489,15,1,0
txn_004999,2026-06-09T12:55:00,1023.83,upi,yesbank,insufficient_funds,3,23,0,0.879,30,0,0
txn_005000,2026-07-08T19:17:00,2563.49,wallet,sbi,risk_block,1,3,1,0.636,30,1,0
txn_005001,2026-07-25T06:49:00,918.97,upi,sbi,network_timeout,3,17,0,0.339,720,0,0
txn_005002,2026-06-18T13:17:00,149.93,card,idfc,network_timeout,1,15,1,0.514,15,0,1
txn_005003,2026-06-10T07:24:00,1488.93,card,hdfc,risk_block,2,10,0,0.663,30,1,0
txn_005004,2026-07-17T15:45:00,650.73,upi,axis,insufficient_funds,1,18,0,0.736,30,0,0
txn_005005,2026-06-18T03:36:00,1373.46,upi,hdfc,issuer_declined,3,21,0,0.493,15,0,0
txn_005006,2026-06-01T15:01:00,149.6,netbanking,other,card_expired,2,22,0,0.832,720,0,0
txn_005007,2026-07-07T22:30:00,996.49,upi,hdfc,card_expired,1,1,0,0.743,720,0,0
txn_005008,2026-06-15T18:23:00,1059.5,card,yesbank,issuer_declined,1,3,0,0.355,5,0,0
txn_005009,2026-06-09T04:06:00,442.61,wallet,other,bank_server_down,1,13,0,0.922,30,0,0
txn_005010,2026-07-28T11:33:00,4631.77,upi,icici,insufficient_funds,1,13,0,0.751,15,0,1
txn_005011,2026-07-02T04:43:00,304.34,card,kotak,network_timeout,2,18,1,0.777,5,0,1
txn_005012,2026-07-15T09:32:00,1692.11,upi,yesbank,issuer_declined,2,7,0,0.624,15,0,1
txn_005013,2026-06-19T15:51:00,532.63,netbanking,hdfc,bank_server_down,1,17,0,0.412,5,0,1
txn_005014,2026-06-28T00:29:00,182.37,card,kotak,network_timeout,2,11,0,0.61,1,0,1
txn_005015,2026-07-21T19:01:00,487.38,card,hdfc,insufficient_funds,1,23,0,0.914,30,0,0
txn_005016,2026-06-11T18:15:00,400.3,card,yesbank,insufficient_funds,2,20,1,0.659,1,0,1
txn_005017,2026-07-23T19:36:00,1986.29,card,idfc,bank_server_down,1,22,0,0.761,15,0,1
txn_005018,2026-06-03T03:22:00,464.83,card,idfc,gateway_error,1,15,1,0.577,1,0,1
txn_005019,2026-06-28T11:07:00,160.17,wallet,idfc,issuer_declined,1,3,1,0.835,30,0,0
txn_005020,2026-06-19T01:17:00,156.32,wallet,other,bank_server_down,1,4,1,0.53,30,0,1
txn_005021,2026-06-25T17:49:00,430.44,upi,icici,insufficient_funds,1,6,0,0.641,5,0,1
txn_005022,2026-06-01T20:37:00,381.54,netbanking,idfc,insufficient_funds,2,11,0,0.29,5,0,0
txn_005023,2026-06-12T22:30:00,1049.72,netbanking,icici,network_timeout,2,16,0,0.608,720,0,1
txn_005024,2026-06-25T12:45:00,345.12,netbanking,yesbank,invalid_otp,2,5,0,0.897,720,0,1
txn_005025,2026-06-25T01:14:00,1749.67,upi,axis,invalid_otp,1,14,1,0.89,1,0,1
txn_005026,2026-06-28T05:29:00,218.92,wallet,kotak,invalid_otp,3,7,0,0.67,180,0,0
txn_005027,2026-06-20T00:07:00,305.3,card,axis,invalid_otp,2,20,0,0.527,5,0,0
txn_005028,2026-06-06T17:54:00,253.0,wallet,kotak,bank_server_down,2,23,0,0.739,30,0,1
txn_005029,2026-07-16T19:20:00,1162.44,netbanking,axis,network_timeout,2,11,0,0.556,15,0,1
txn_005030,2026-06-21T00:00:00,748.6,netbanking,yesbank,gateway_error,2,18,0,0.858,720,0,0
txn_005031,2026-06-10T13:11:00,1058.23,wallet,other,gateway_error,1,23,0,0.889,5,0,1
txn_005032,2026-07-29T23:38:00,1348.5,upi,axis,insufficient_funds,1,2,0,0.827,720,0,0
txn_005033,2026-07-25T17:08:00,493.66,wallet,sbi,risk_block,2,18,0,0.76,720,1,0
txn_005034,2026-07-26T14:07:00,121.28,card,axis,card_expired,1,20,0,0.924,720,0,0
txn_005035,2026-06-06T05:05:00,2146.78,wallet,icici,card_expired,1,16,0,0.732,60,0,0
txn_005036,2026-06-22T23:50:00,468.31,wallet,idfc,card_expired,2,20,1,0.366,30,0,0
txn_005037,2026-06-14T01:35:00,317.1,card,idfc,issuer_declined,2,11,1,0.549,60,0,0
txn_005038,2026-06-16T01:49:00,194.49,netbanking,yesbank,insufficient_funds,2,2,0,0.67,30,0,0
txn_005039,2026-07-21T01:05:00,538.9,card,yesbank,network_timeout,1,4,0,0.828,1,0,1
txn_005040,2026-06-06T18:18:00,3689.74,wallet,yesbank,bank_server_down,1,5,1,0.617,60,0,1
txn_005041,2026-07-07T19:07:00,684.39,netbanking,other,network_timeout,1,15,1,0.572,30,0,0
txn_005042,2026-06-12T03:38:00,1950.44,upi,axis,network_timeout,2,12,0,0.667,30,0,1
txn_005043,2026-07-27T02:07:00,9106.72,netbanking,idfc,issuer_declined,3,2,1,0.608,5,0,0
txn_005044,2026-06-07T15:59:00,1858.92,wallet,hdfc,bank_server_down,1,1,0,0.507,30,0,1
txn_005045,2026-06-01T11:28:00,488.69,wallet,other,bank_server_down,1,10,0,0.899,30,0,1
txn_005046,2026-07-03T07:21:00,216.47,upi,axis,card_expired,2,12,1,0.727,720,0,0
txn_005047,2026-06-18T12:25:00,815.33,netbanking,axis,gateway_error,3,5,0,0.527,1,0,0
txn_005048,2026-06-23T17:55:00,3578.59,wallet,axis,insufficient_funds,1,13,1,0.941,5,0,0
txn_005049,2026-07-02T09:23:00,2744.91,upi,yesbank,insufficient_funds,1,6,0,0.851,5,0,1
txn_005050,2026-07-30T01:24:00,853.58,wallet,other,card_expired,1,16,0,0.739,180,0,0
txn_005051,2026-07-02T10:30:00,1415.67,wallet,yesbank,insufficient_funds,1,2,0,1.0,180,0,0
txn_005052,2026-07-20T21:45:00,2730.28,card,icici,insufficient_funds,1,8,1,1.0,30,0,1
txn_005053,2026-07-25T17:36:00,62.27,card,idfc,issuer_declined,2,1,0,0.399,5,0,0
txn_005054,2026-06-14T04:43:00,255.07,upi,other,bank_server_down,2,10,0,0.62,60,0,1
txn_005055,2026-07-19T09:55:00,214.53,netbanking,icici,network_timeout,2,16,0,0.63,5,0,0
txn_005056,2026-06-06T09:01:00,530.14,card,icici,risk_block,1,1,1,0.985,180,1,0
txn_005057,2026-06-02T20:00:00,643.94,netbanking,icici,issuer_declined,1,4,0,0.906,720,0,1
txn_005058,2026-06-19T17:31:00,1525.59,wallet,hdfc,gateway_error,2,21,1,0.412,1,0,0
txn_005059,2026-07-15T11:03:00,1255.02,card,other,insufficient_funds,2,19,1,0.947,15,0,0
txn_005060,2026-06-17T20:07:00,45.13,upi,sbi,invalid_otp,3,3,0,0.75,180,0,0
txn_005061,2026-07-17T07:38:00,146.91,netbanking,idfc,invalid_otp,1,2,0,0.763,5,0,0
txn_005062,2026-06-14T06:49:00,732.35,netbanking,hdfc,issuer_declined,1,22,0,0.724,15,0,1
txn_005063,2026-07-04T01:09:00,2872.68,card,icici,issuer_declined,1,16,1,0.819,5,0,0
txn_005064,2026-06-13T15:59:00,2202.47,netbanking,other,invalid_otp,1,4,1,0.822,15,0,1
txn_005065,2026-06-30T06:34:00,2282.29,card,icici,insufficient_funds,1,3,1,0.776,30,0,0
txn_005066,2026-06-23T12:30:00,3210.43,card,hdfc,bank_server_down,1,8,1,0.941,720,0,1
txn_005067,2026-06-23T04:40:00,223.55,upi,sbi,issuer_declined,1,15,0,0.767,180,0,1
txn_005068,2026-07-16T04:04:00,3268.43,wallet,other,issuer_declined,1,18,0,0.686,180,0,0
txn_005069,2026-07-23T10:46:00,670.26,card,yesbank,insufficient_funds,1,21,1,1.0,5,0,1
txn_005070,2026-06-06T23:04:00,7830.6,upi,other,invalid_otp,2,9,0,1.0,5,0,0
txn_005071,2026-07-09T02:00:00,1048.92,wallet,icici,invalid_otp,2,3,1,0.667,30,0,0
txn_005072,2026-06-28T15:56:00,682.89,wallet,other,risk_block,1,18,0,0.817,5,1,0
txn_005073,2026-07-01T10:25:00,513.06,netbanking,yesbank,card_expired,1,17,0,0.784,30,0,0
txn_005074,2026-07-19T12:16:00,369.62,wallet,kotak,network_timeout,1,8,0,0.76,180,0,1
txn_005075,2026-06-02T18:34:00,814.91,wallet,hdfc,invalid_otp,1,20,0,0.719,5,0,1
txn_005076,2026-06-19T17:21:00,487.9,card,kotak,issuer_declined,1,6,0,0.519,30,0,0
txn_005077,2026-07-26T06:33:00,1218.36,card,kotak,invalid_otp,1,21,1,1.0,60,0,0
txn_005078,2026-07-20T02:28:00,1694.88,wallet,other,issuer_declined,2,1,1,0.405,720,0,0
txn_005079,2026-07-11T18:39:00,210.24,netbanking,kotak,issuer_declined,1,9,1,1.0,60,0,0
txn_005080,2026-07-01T00:18:00,3642.21,netbanking,idfc,issuer_declined,1,22,0,0.573,30,0,1
txn_005081,2026-06-15T06:14:00,1213.23,netbanking,sbi,issuer_declined,2,19,0,0.567,180,0,0
txn_005082,2026-06-29T12:47:00,1246.97,upi,yesbank,insufficient_funds,2,17,0,0.511,30,0,1
txn_005083,2026-06-23T23:07:00,97.68,card,sbi,gateway_error,2,15,0,0.901,15,0,0
txn_005084,2026-07-08T06:24:00,859.75,upi,yesbank,issuer_declined,2,15,0,0.789,5,0,1
txn_005085,2026-07-03T11:03:00,2884.93,card,other,invalid_otp,1,13,0,0.516,5,0,0
txn_005086,2026-06-01T16:56:00,281.53,netbanking,yesbank,insufficient_funds,1,10,0,0.668,5,0,0
txn_005087,2026-06-19T03:10:00,5138.08,netbanking,idfc,insufficient_funds,1,11,0,0.699,720,0,0
txn_005088,2026-06-17T00:42:00,98.6,card,other,invalid_otp,3,0,0,0.611,15,0,0
txn_005089,2026-06-07T21:18:00,70.6,card,kotak,bank_server_down,1,17,0,0.666,5,0,1
txn_005090,2026-06-18T09:07:00,736.17,upi,idfc,invalid_otp,1,7,0,0.589,15,0,0
txn_005091,2026-07-21T07:19:00,991.73,netbanking,other,bank_server_down,2,17,1,0.728,1,0,0
txn_005092,2026-06-18T11:40:00,197.96,wallet,hdfc,risk_block,2,2,0,0.507,5,1,0
txn_005093,2026-06-23T05:44:00,305.28,netbanking,hdfc,bank_server_down,1,8,1,0.924,720,0,1
txn_005094,2026-07-28T06:05:00,1286.84,card,axis,gateway_error,1,21,0,0.544,60,0,1
txn_005095,2026-06-28T09:34:00,284.82,netbanking,icici,issuer_declined,2,0,0,0.887,30,0,1
txn_005096,2026-06-05T01:58:00,331.98,card,other,insufficient_funds,1,1,1,1.0,60,0,0
txn_005097,2026-06-22T19:17:00,7037.27,upi,sbi,gateway_error,1,8,0,0.575,720,0,1
txn_005098,2026-06-09T22:17:00,1218.32,netbanking,other,card_expired,1,0,1,1.0,60,0,0
txn_005099,2026-06-21T18:13:00,1790.7,wallet,hdfc,issuer_declined,1,21,0,0.396,30,0,0
txn_005100,2026-06-21T01:34:00,2237.08,card,sbi,gateway_error,3,16,1,0.833,5,0,1
txn_005101,2026-07-16T03:21:00,798.54,wallet,icici,issuer_declined,1,0,0,0.743,720,0,0
txn_005102,2026-07-22T13:39:00,4056.08,netbanking,icici,insufficient_funds,2,23,0,0.709,5,0,0
txn_005103,2026-07-29T06:43:00,2612.64,upi,hdfc,gateway_error,1,23,0,0.761,15,0,1
txn_005104,2026-07-03T13:19:00,970.88,card,hdfc,issuer_declined,2,1,0,1.0,15,0,0
txn_005105,2026-06-29T20:22:00,211.18,card,hdfc,insufficient_funds,2,9,0,0.903,60,0,1
txn_005106,2026-06-15T16:22:00,12387.27,upi,other,issuer_declined,1,15,1,0.814,720,0,0
txn_005107,2026-07-03T16:04:00,769.01,wallet,axis,issuer_declined,1,17,0,0.905,1,0,1
txn_005108,2026-07-30T07:29:00,226.41,netbanking,hdfc,insufficient_funds,1,20,0,0.866,180,0,0
txn_005109,2026-07-20T22:28:00,961.91,netbanking,other,issuer_declined,1,9,0,0.925,60,0,0
txn_005110,2026-07-07T22:34:00,199.4,upi,yesbank,bank_server_down,1,19,1,0.511,15,0,0
txn_005111,2026-06-03T00:24:00,132.34,card,hdfc,bank_server_down,1,23,0,0.781,15,0,1
txn_005112,2026-06-07T20:31:00,2591.73,card,sbi,invalid_otp,1,0,1,0.886,15,0,1
txn_005113,2026-07-11T07:06:00,857.0,wallet,sbi,insufficient_funds,1,1,0,0.962,180,0,0
txn_005114,2026-06-13T06:09:00,130.57,upi,axis,bank_server_down,1,8,0,0.804,1,0,1
txn_005115,2026-06-02T04:05:00,286.65,wallet,idfc,insufficient_funds,3,3,0,1.0,720,0,0
txn_005116,2026-07-07T14:22:00,892.85,card,other,card_expired,1,6,1,0.501,30,0,0
txn_005117,2026-07-09T01:33:00,598.39,upi,icici,card_expired,1,14,0,0.749,180,0,1
txn_005118,2026-06-03T08:40:00,578.62,upi,yesbank,risk_block,2,9,0,0.559,1,1,0
txn_005119,2026-06-27T06:57:00,1348.62,upi,icici,insufficient_funds,1,1,0,0.572,15,0,0
txn_005120,2026-07-18T07:55:00,216.64,netbanking,hdfc,risk_block,1,2,0,1.0,60,1,0
txn_005121,2026-07-06T14:40:00,566.73,card,idfc,invalid_otp,2,17,0,0.683,1,0,1
txn_005122,2026-06-28T22:50:00,559.09,netbanking,axis,bank_server_down,1,4,0,0.723,720,0,1
txn_005123,2026-07-23T07:41:00,463.15,card,yesbank,gateway_error,1,16,1,0.98,15,0,1
txn_005124,2026-06-17T21:22:00,1691.23,wallet,kotak,issuer_declined,1,18,0,0.738,720,0,0
txn_005125,2026-07-19T13:55:00,1230.04,card,axis,insufficient_funds,1,21,1,0.528,5,0,0
txn_005126,2026-07-06T02:52:00,894.2,wallet,hdfc,invalid_otp,1,13,0,0.727,1,0,0
txn_005127,2026-07-07T16:36:00,1281.58,wallet,other,issuer_declined,1,6,0,0.489,30,0,0
txn_005128,2026-06-25T07:04:00,564.64,card,icici,issuer_declined,2,21,0,0.426,1,0,0
txn_005129,2026-07-30T01:51:00,937.49,card,idfc,issuer_declined,2,23,0,0.701,1,0,0
txn_005130,2026-06-30T03:09:00,734.75,upi,icici,card_expired,1,17,1,0.589,180,0,0
txn_005131,2026-07-05T10:13:00,1773.66,wallet,hdfc,invalid_otp,1,3,0,0.838,720,0,1
txn_005132,2026-06-21T09:16:00,397.8,upi,icici,bank_server_down,1,15,0,0.973,180,0,1
txn_005133,2026-07-30T05:07:00,1471.63,wallet,kotak,gateway_error,1,13,0,0.505,30,0,1
txn_005134,2026-06-21T01:45:00,427.91,upi,icici,bank_server_down,1,0,0,0.706,720,0,1
txn_005135,2026-06-22T08:43:00,615.4,upi,other,risk_block,2,0,0,0.606,60,1,0
txn_005136,2026-07-07T23:33:00,374.28,card,idfc,risk_block,2,4,0,1.0,5,1,0
txn_005137,2026-07-03T14:19:00,8107.44,card,icici,issuer_declined,2,5,0,0.919,15,0,1
txn_005138,2026-06-19T06:53:00,4029.18,card,kotak,gateway_error,1,9,1,0.684,60,0,0
txn_005139,2026-06-11T03:34:00,2119.4,card,idfc,issuer_declined,2,5,0,0.661,5,0,1
txn_005140,2026-06-16T09:21:00,67.39,netbanking,kotak,gateway_error,1,16,0,0.485,30,0,0
txn_005141,2026-07-12T19:15:00,1067.91,wallet,yesbank,card_expired,1,23,0,0.548,180,0,0
txn_005142,2026-06-19T08:34:00,143.77,upi,other,issuer_declined,1,13,0,0.925,30,0,1
txn_005143,2026-06-19T19:24:00,126.49,wallet,kotak,insufficient_funds,1,11,0,1.0,15,0,0
txn_005144,2026-06-23T13:17:00,410.97,netbanking,kotak,bank_server_down,1,23,0,0.473,30,0,1
txn_005145,2026-06-03T18:35:00,4051.79,wallet,icici,network_timeout,2,13,0,0.87,15,0,1
txn_005146,2026-06-17T03:42:00,7970.88,card,yesbank,network_timeout,3,19,0,0.971,30,0,1
txn_005147,2026-07-13T17:49:00,956.41,card,other,invalid_otp,1,6,0,0.392,15,0,1
txn_005148,2026-07-06T01:41:00,857.62,card,axis,gateway_error,2,23,1,0.527,180,0,0
txn_005149,2026-06-28T06:51:00,1830.08,upi,kotak,insufficient_funds,1,23,0,0.837,720,0,1
txn_005150,2026-07-13T06:04:00,649.88,card,hdfc,issuer_declined,1,13,0,0.762,180,0,0
txn_005151,2026-07-18T06:34:00,217.01,upi,yesbank,network_timeout,2,18,0,0.747,15,0,1
txn_005152,2026-07-06T09:32:00,175.27,upi,yesbank,insufficient_funds,1,15,0,0.412,1,0,0
txn_005153,2026-07-10T20:41:00,461.36,wallet,kotak,issuer_declined,1,6,0,0.926,180,0,0
txn_005154,2026-06-09T05:41:00,139.76,card,icici,network_timeout,1,6,0,0.582,15,0,0
txn_005155,2026-07-01T03:13:00,2654.93,netbanking,other,insufficient_funds,1,17,1,0.896,720,0,0
txn_005156,2026-07-14T04:51:00,57919.46,netbanking,icici,insufficient_funds,3,11,0,0.393,1,0,1
txn_005157,2026-06-11T23:01:00,1300.26,wallet,hdfc,bank_server_down,1,4,0,0.941,5,0,1
txn_005158,2026-06-02T23:51:00,353.81,wallet,icici,network_timeout,3,6,0,0.455,30,0,0
txn_005159,2026-06-13T18:27:00,3011.63,netbanking,idfc,insufficient_funds,1,13,1,0.632,60,0,0
txn_005160,2026-06-06T17:43:00,1468.79,netbanking,icici,risk_block,2,14,1,0.68,5,1,0
txn_005161,2026-07-26T08:47:00,588.71,card,yesbank,issuer_declined,2,11,1,0.792,180,0,1
txn_005162,2026-07-17T15:40:00,221.97,wallet,idfc,bank_server_down,1,18,0,0.471,180,0,1
txn_005163,2026-07-18T03:09:00,1356.1,wallet,other,network_timeout,2,19,0,0.54,1,0,0
txn_005164,2026-07-05T11:05:00,481.3,wallet,idfc,bank_server_down,1,12,0,0.613,60,0,1
txn_005165,2026-06-05T14:18:00,1178.44,upi,icici,issuer_declined,2,4,0,0.811,1,0,1
txn_005166,2026-07-11T17:42:00,2046.2,card,yesbank,bank_server_down,1,16,1,0.609,5,0,1
txn_005167,2026-06-08T07:53:00,215.58,card,other,bank_server_down,1,13,0,0.567,1,0,0
txn_005168,2026-06-22T14:49:00,2544.13,wallet,sbi,risk_block,3,19,0,0.618,180,1,0
txn_005169,2026-07-22T05:27:00,1452.28,card,sbi,issuer_declined,1,22,0,0.638,1,0,1
txn_005170,2026-07-27T06:50:00,188.33,wallet,axis,gateway_error,1,5,1,0.873,180,0,1
txn_005171,2026-07-10T17:38:00,991.45,card,sbi,invalid_otp,1,8,0,0.661,5,0,1
txn_005172,2026-07-05T06:21:00,224.39,card,sbi,invalid_otp,1,13,1,0.634,180,0,0
txn_005173,2026-06-03T10:59:00,191.78,upi,other,issuer_declined,1,13,1,0.662,5,0,0
txn_005174,2026-06-07T00:57:00,3883.96,card,other,insufficient_funds,2,13,1,1.0,5,0,1
txn_005175,2026-07-30T12:05:00,518.99,card,axis,network_timeout,1,18,1,0.573,180,0,1
txn_005176,2026-06-14T17:48:00,4611.85,wallet,yesbank,risk_block,1,21,0,0.763,60,1,0
txn_005177,2026-07-23T17:38:00,1112.84,wallet,other,bank_server_down,2,4,0,0.285,180,0,0
txn_005178,2026-06-18T04:59:00,1283.45,card,icici,insufficient_funds,1,10,0,0.561,5,0,0
txn_005179,2026-06-05T18:01:00,206.11,wallet,yesbank,invalid_otp,2,17,0,0.637,720,0,1
txn_005180,2026-07-07T00:01:00,774.74,wallet,other,issuer_declined,1,6,1,0.993,1,0,0
txn_005181,2026-07-11T00:44:00,2254.39,upi,other,insufficient_funds,1,13,0,1.0,60,0,0
txn_005182,2026-06-28T06:23:00,6072.97,wallet,yesbank,network_timeout,1,17,0,0.604,30,0,1
txn_005183,2026-06-19T03:41:00,1597.14,card,icici,invalid_otp,1,21,0,0.96,5,0,0
txn_005184,2026-07-03T14:59:00,2360.68,netbanking,axis,issuer_declined,1,21,0,0.52,30,0,1
txn_005185,2026-06-01T16:23:00,59.75,card,idfc,issuer_declined,2,11,0,1.0,180,0,0
txn_005186,2026-06-10T22:08:00,546.95,upi,axis,network_timeout,2,0,0,1.0,720,0,1
txn_005187,2026-07-12T11:12:00,486.11,upi,icici,insufficient_funds,1,17,0,0.692,30,0,1
txn_005188,2026-06-22T09:18:00,470.33,card,hdfc,bank_server_down,1,23,0,0.705,30,0,1
txn_005189,2026-07-26T22:29:00,277.87,netbanking,sbi,card_expired,1,9,1,0.482,60,0,0
txn_005190,2026-07-07T00:54:00,544.6,wallet,kotak,risk_block,1,18,0,0.807,180,1,0
txn_005191,2026-07-26T16:13:00,1476.24,card,sbi,insufficient_funds,1,16,0,0.466,60,0,0
txn_005192,2026-07-19T04:17:00,561.47,wallet,sbi,bank_server_down,1,22,0,1.0,1,0,1
txn_005193,2026-06-03T18:13:00,2566.8,card,icici,insufficient_funds,1,1,1,1.0,720,0,0
txn_005194,2026-07-16T21:45:00,792.07,wallet,hdfc,bank_server_down,1,10,1,0.573,30,0,0
txn_005195,2026-07-28T01:16:00,284.32,upi,idfc,issuer_declined,1,3,0,0.525,180,0,0
txn_005196,2026-07-19T06:07:00,520.5,card,idfc,insufficient_funds,2,16,0,0.982,720,0,1
txn_005197,2026-07-12T17:16:00,2940.47,netbanking,kotak,gateway_error,2,2,0,0.884,180,0,1
txn_005198,2026-06-12T01:43:00,1405.88,upi,other,issuer_declined,1,8,0,0.594,5,0,0
txn_005199,2026-06-02T00:25:00,786.46,upi,axis,bank_server_down,1,15,0,0.336,30,0,0
txn_005200,2026-06-06T03:49:00,522.68,wallet,sbi,gateway_error,2,12,0,1.0,15,0,0
txn_005201,2026-06-16T14:17:00,179.37,wallet,kotak,invalid_otp,1,23,0,0.694,720,0,1
txn_005202,2026-06-25T13:24:00,851.57,card,kotak,gateway_error,1,13,0,0.749,60,0,1
txn_005203,2026-07-16T10:41:00,278.04,card,sbi,card_expired,1,15,0,0.479,5,0,0
txn_005204,2026-06-24T00:12:00,75.95,card,axis,bank_server_down,1,5,0,0.489,1,0,1
txn_005205,2026-07-12T12:32:00,215.89,wallet,yesbank,network_timeout,1,19,0,0.427,15,0,0
txn_005206,2026-06-18T01:52:00,182.66,upi,other,network_timeout,2,18,0,0.799,180,0,1
txn_005207,2026-07-16T09:18:00,1908.72,wallet,sbi,network_timeout,2,19,1,0.695,180,0,0
txn_005208,2026-07-24T21:30:00,1114.53,netbanking,yesbank,insufficient_funds,2,18,0,0.645,60,0,1
txn_005209,2026-06-25T17:29:00,117.66,card,axis,risk_block,2,6,0,0.675,1,1,0
txn_005210,2026-06-08T03:34:00,634.75,netbanking,other,network_timeout,2,18,1,0.63,180,0,1
txn_005211,2026-06-13T07:23:00,676.8,wallet,other,bank_server_down,1,4,0,1.0,5,0,0
txn_005212,2026-07-17T10:18:00,184.56,card,sbi,gateway_error,1,18,0,0.622,30,0,1
txn_005213,2026-07-26T12:22:00,192.7,netbanking,axis,network_timeout,1,12,0,0.818,5,0,1
txn_005214,2026-07-08T20:46:00,88.5,card,sbi,bank_server_down,1,3,0,0.659,30,0,1
txn_005215,2026-06-24T13:49:00,141.04,wallet,axis,gateway_error,2,20,1,0.695,5,0,0
txn_005216,2026-07-08T08:00:00,154.26,wallet,idfc,insufficient_funds,3,5,0,0.912,60,0,1
txn_005217,2026-07-19T05:40:00,1602.98,upi,idfc,bank_server_down,3,5,0,0.943,180,0,1
txn_005218,2026-06-11T07:06:00,1494.66,upi,idfc,issuer_declined,1,0,1,0.613,30,0,0
txn_005219,2026-07-21T19:58:00,4289.55,wallet,kotak,issuer_declined,1,5,0,1.0,5,0,0
txn_005220,2026-07-23T00:48:00,574.42,netbanking,sbi,network_timeout,2,2,1,0.688,15,0,1
txn_005221,2026-07-01T19:11:00,547.57,card,icici,invalid_otp,2,1,0,0.69,720,0,0
txn_005222,2026-06-22T09:45:00,609.48,netbanking,hdfc,insufficient_funds,2,6,1,0.511,60,0,0
txn_005223,2026-06-23T13:27:00,249.58,upi,other,insufficient_funds,1,6,1,0.533,180,0,0
txn_005224,2026-06-09T14:06:00,364.93,wallet,axis,insufficient_funds,1,9,0,0.624,180,0,0
txn_005225,2026-06-26T14:09:00,993.34,card,axis,insufficient_funds,2,22,0,0.806,180,0,0
txn_005226,2026-06-01T19:14:00,429.46,card,axis,network_timeout,2,16,0,0.761,5,0,1
txn_005227,2026-07-10T20:18:00,596.69,wallet,other,gateway_error,3,17,0,0.511,1,0,0
txn_005228,2026-06-02T17:40:00,578.27,card,axis,insufficient_funds,1,1,0,0.592,180,0,1
txn_005229,2026-07-30T10:25:00,507.78,netbanking,kotak,insufficient_funds,2,8,0,0.93,180,0,1
txn_005230,2026-07-29T16:04:00,107.47,wallet,axis,invalid_otp,2,23,1,0.584,60,0,0
txn_005231,2026-07-29T19:28:00,226.46,netbanking,icici,network_timeout,1,16,1,0.778,15,0,1
txn_005232,2026-06-30T12:59:00,204.95,upi,idfc,insufficient_funds,3,19,1,0.371,15,0,0
txn_005233,2026-07-03T21:34:00,193.12,wallet,axis,issuer_declined,1,4,0,0.918,15,0,0
txn_005234,2026-06-30T04:59:00,1611.97,card,kotak,network_timeout,1,0,0,0.898,60,0,1
txn_005235,2026-06-21T15:31:00,977.4,upi,yesbank,bank_server_down,2,22,0,0.623,5,0,1
txn_005236,2026-07-11T09:56:00,614.43,netbanking,idfc,issuer_declined,2,8,0,0.801,5,0,1
txn_005237,2026-07-29T22:14:00,1601.48,wallet,other,network_timeout,1,0,0,0.254,15,0,1
txn_005238,2026-06-23T20:56:00,170.44,wallet,yesbank,network_timeout,1,0,0,0.651,720,0,1
txn_005239,2026-06-18T01:36:00,14999.56,wallet,yesbank,invalid_otp,1,21,0,0.588,1,0,0
txn_005240,2026-07-24T20:44:00,922.28,upi,kotak,gateway_error,1,3,1,0.936,5,0,1
txn_005241,2026-06-07T17:44:00,1245.83,upi,hdfc,network_timeout,1,14,0,0.512,5,0,1
txn_005242,2026-07-07T07:14:00,489.19,upi,idfc,network_timeout,1,9,0,0.602,180,0,1
txn_005243,2026-07-25T05:55:00,134.8,wallet,kotak,insufficient_funds,1,7,0,0.466,5,0,0
txn_005244,2026-06-28T16:41:00,572.04,wallet,yesbank,risk_block,1,17,0,0.59,15,1,0
txn_005245,2026-07-08T01:30:00,3950.77,wallet,sbi,risk_block,1,16,1,0.725,720,1,0
txn_005246,2026-07-23T10:23:00,961.77,wallet,other,insufficient_funds,2,23,0,0.812,30,0,1
txn_005247,2026-07-17T11:29:00,562.85,card,axis,card_expired,1,4,1,0.71,30,0,0
txn_005248,2026-07-09T09:48:00,1742.3,upi,axis,insufficient_funds,3,23,0,0.32,60,0,0
txn_005249,2026-06-16T18:06:00,965.94,netbanking,icici,network_timeout,3,14,0,0.869,60,0,0
txn_005250,2026-07-27T21:33:00,218.88,upi,kotak,network_timeout,2,19,0,0.797,5,0,1
txn_005251,2026-07-21T15:32:00,1960.22,wallet,hdfc,insufficient_funds,1,15,0,0.967,180,0,0
txn_005252,2026-07-04T14:27:00,1624.39,card,other,risk_block,1,16,0,1.0,30,1,0
txn_005253,2026-06-28T14:39:00,3795.51,wallet,idfc,network_timeout,1,16,0,0.604,30,0,1
txn_005254,2026-07-15T01:31:00,2278.83,wallet,sbi,gateway_error,1,1,1,0.714,15,0,1
txn_005255,2026-06-11T02:06:00,385.86,wallet,axis,issuer_declined,1,22,1,0.884,60,0,0
txn_005256,2026-06-10T08:45:00,616.2,upi,icici,network_timeout,1,21,0,0.745,5,0,1
txn_005257,2026-06-26T08:00:00,128.64,netbanking,yesbank,network_timeout,1,17,1,0.868,180,0,1
txn_005258,2026-06-26T16:48:00,7008.17,wallet,yesbank,bank_server_down,2,20,0,0.434,180,0,1
txn_005259,2026-06-30T06:45:00,221.5,card,sbi,risk_block,1,5,0,0.912,60,1,0
txn_005260,2026-07-21T06:56:00,503.32,wallet,hdfc,insufficient_funds,1,12,0,0.768,15,0,1
txn_005261,2026-06-10T13:16:00,420.48,upi,hdfc,insufficient_funds,2,11,0,0.737,720,0,1
txn_005262,2026-06-23T04:37:00,1650.86,wallet,hdfc,insufficient_funds,1,23,0,0.391,30,0,0
txn_005263,2026-06-19T00:23:00,1111.27,upi,hdfc,network_timeout,1,15,0,0.755,1,0,0
txn_005264,2026-06-03T21:40:00,383.52,upi,idfc,invalid_otp,2,1,1,0.792,15,0,1
txn_005265,2026-07-04T04:57:00,758.43,card,yesbank,insufficient_funds,2,15,0,1.0,15,0,0
txn_005266,2026-07-03T08:07:00,4836.86,upi,other,insufficient_funds,3,1,0,0.432,5,0,0
txn_005267,2026-06-19T02:56:00,964.69,netbanking,axis,bank_server_down,1,5,0,0.669,5,0,1
txn_005268,2026-07-15T17:19:00,720.3,card,yesbank,issuer_declined,1,6,1,0.657,5,0,1
txn_005269,2026-07-28T14:33:00,4287.99,upi,kotak,risk_block,1,15,0,0.429,5,1,1
txn_005270,2026-06-28T18:09:00,498.17,upi,icici,issuer_declined,2,17,1,0.525,30,0,0
txn_005271,2026-06-07T16:40:00,917.65,card,kotak,bank_server_down,2,7,0,0.58,1,0,0
txn_005272,2026-07-05T01:05:00,1590.85,upi,axis,card_expired,3,6,0,0.762,1,0,0
txn_005273,2026-06-16T06:56:00,1188.04,upi,idfc,insufficient_funds,1,9,0,0.965,5,0,1
txn_005274,2026-06-12T16:26:00,160.12,card,hdfc,bank_server_down,2,4,0,0.935,5,0,1
txn_005275,2026-06-08T09:35:00,159.51,card,other,network_timeout,2,0,1,0.719,180,0,1
txn_005276,2026-07-03T00:53:00,2252.97,upi,hdfc,risk_block,2,19,0,0.98,720,1,0
txn_005277,2026-06-04T10:22:00,129.32,netbanking,idfc,network_timeout,3,19,0,0.538,30,0,1
txn_005278,2026-06-21T23:09:00,170.6,card,kotak,bank_server_down,1,3,1,0.75,720,0,1
txn_005279,2026-07-15T15:13:00,959.54,upi,hdfc,issuer_declined,1,6,1,0.724,15,0,0
txn_005280,2026-07-17T13:15:00,128.71,upi,sbi,invalid_otp,2,4,1,0.808,60,0,1
txn_005281,2026-06-23T08:29:00,1097.69,upi,idfc,gateway_error,1,20,0,0.56,5,0,1
txn_005282,2026-06-21T21:00:00,855.69,card,yesbank,insufficient_funds,1,15,0,0.667,30,0,0
txn_005283,2026-07-23T14:57:00,90.43,card,yesbank,gateway_error,1,19,0,0.873,60,0,1
txn_005284,2026-06-10T06:03:00,241.51,card,hdfc,insufficient_funds,1,12,0,0.762,720,0,1
txn_005285,2026-06-18T01:23:00,128.21,wallet,kotak,bank_server_down,1,7,0,0.802,60,0,1
txn_005286,2026-06-17T15:52:00,4125.88,netbanking,hdfc,card_expired,2,17,0,0.514,5,0,0
txn_005287,2026-07-04T11:40:00,201.59,netbanking,sbi,invalid_otp,3,2,0,0.958,180,0,1
txn_005288,2026-07-04T09:57:00,769.48,wallet,kotak,bank_server_down,2,1,1,0.939,1,0,1
txn_005289,2026-06-05T02:44:00,3443.83,netbanking,sbi,issuer_declined,1,11,0,0.712,60,0,0
txn_005290,2026-06-17T17:09:00,408.76,upi,axis,gateway_error,1,21,0,0.816,15,0,1
txn_005291,2026-06-08T15:31:00,511.41,netbanking,yesbank,gateway_error,1,15,0,0.774,180,0,1
txn_005292,2026-06-25T03:48:00,175.9,card,other,gateway_error,1,9,0,0.743,15,0,1
txn_005293,2026-06-01T05:54:00,250.71,netbanking,idfc,gateway_error,1,7,0,0.239,30,0,0
txn_005294,2026-06-10T19:05:00,1169.07,wallet,kotak,network_timeout,1,4,0,0.692,30,0,0
txn_005295,2026-07-17T09:53:00,1575.7,netbanking,hdfc,insufficient_funds,1,6,1,0.725,60,0,0
txn_005296,2026-06-17T09:51:00,371.97,upi,icici,gateway_error,1,20,0,0.886,1,0,1
txn_005297,2026-07-08T11:42:00,71.12,card,sbi,bank_server_down,2,15,0,0.456,180,0,1
txn_005298,2026-07-21T15:57:00,3479.9,card,axis,network_timeout,1,13,0,0.419,60,0,1
txn_005299,2026-07-27T11:15:00,4014.05,wallet,other,network_timeout,2,11,0,1.0,1,0,0
txn_005300,2026-07-08T11:30:00,736.79,card,kotak,gateway_error,1,13,1,0.505,30,0,1
txn_005301,2026-06-29T01:59:00,237.13,wallet,axis,issuer_declined,1,16,1,0.568,60,0,1
txn_005302,2026-07-08T04:44:00,2806.92,wallet,sbi,insufficient_funds,1,22,1,1.0,15,0,0
txn_005303,2026-06-07T15:15:00,19588.61,netbanking,icici,insufficient_funds,1,4,1,0.685,5,0,0
txn_005304,2026-06-20T19:46:00,705.68,upi,kotak,bank_server_down,1,8,0,0.785,15,0,1
txn_005305,2026-06-06T10:58:00,115.29,card,yesbank,card_expired,2,23,0,0.935,1,0,0
txn_005306,2026-06-26T19:02:00,1341.21,upi,yesbank,insufficient_funds,2,19,0,1.0,5,0,1
txn_005307,2026-07-07T01:15:00,3344.43,card,yesbank,insufficient_funds,1,13,1,0.709,60,0,0
txn_005308,2026-07-30T12:57:00,5066.89,card,idfc,bank_server_down,1,7,0,0.787,1,0,0
txn_005309,2026-06-12T00:07:00,179.52,card,icici,network_timeout,2,9,0,0.764,5,0,1
txn_005310,2026-07-27T06:16:00,2848.51,upi,kotak,network_timeout,3,18,1,0.661,720,0,0
txn_005311,2026-07-07T06:45:00,1257.74,upi,other,issuer_declined,2,20,0,0.892,30,0,0
txn_005312,2026-06-21T17:36:00,980.67,wallet,yesbank,bank_server_down,1,10,0,0.74,5,0,1
txn_005313,2026-06-19T08:35:00,1040.86,wallet,kotak,network_timeout,3,2,0,0.642,720,0,1
txn_005314,2026-07-10T18:11:00,447.6,wallet,axis,gateway_error,3,3,1,0.812,30,0,0
txn_005315,2026-06-26T09:43:00,30.2,netbanking,yesbank,issuer_declined,1,16,0,0.825,60,0,0
txn_005316,2026-07-10T00:31:00,802.33,wallet,icici,risk_block,1,2,0,0.997,30,1,0
txn_005317,2026-06-14T23:20:00,3442.76,upi,axis,bank_server_down,1,10,0,0.702,1,0,1
txn_005318,2026-06-10T17:28:00,264.76,upi,yesbank,network_timeout,1,6,0,0.968,720,0,1
txn_005319,2026-07-02T23:39:00,433.5,netbanking,kotak,network_timeout,2,16,0,0.603,180,0,1
txn_005320,2026-06-05T01:52:00,601.56,wallet,axis,bank_server_down,1,1,0,0.905,60,0,1
txn_005321,2026-06-11T06:25:00,1663.39,card,icici,bank_server_down,1,14,0,0.876,30,0,1
txn_005322,2026-06-11T14:39:00,564.22,wallet,hdfc,risk_block,2,7,0,0.839,1,1,0
txn_005323,2026-06-18T13:27:00,1464.76,card,icici,bank_server_down,3,0,0,1.0,15,0,1
txn_005324,2026-06-21T02:36:00,1918.09,card,idfc,invalid_otp,2,12,0,0.634,60,0,1
txn_005325,2026-06-13T08:53:00,1030.72,card,sbi,risk_block,1,20,0,0.564,15,1,0
txn_005326,2026-06-14T19:15:00,1575.26,upi,yesbank,network_timeout,1,10,1,0.293,720,0,1
txn_005327,2026-06-01T21:42:00,551.93,wallet,yesbank,insufficient_funds,1,23,0,0.923,1,0,1
txn_005328,2026-07-05T05:16:00,831.82,netbanking,axis,card_expired,1,1,0,0.844,60,0,0
txn_005329,2026-06-01T17:57:00,182.81,netbanking,axis,bank_server_down,2,20,1,0.365,30,0,0
txn_005330,2026-07-03T19:18:00,969.1,upi,kotak,insufficient_funds,1,17,0,0.765,1,0,1
txn_005331,2026-06-26T01:36:00,1054.42,card,yesbank,invalid_otp,2,17,0,0.686,15,0,1
txn_005332,2026-07-14T11:45:00,2222.61,upi,other,gateway_error,1,14,0,0.18,5,0,0
txn_005333,2026-06-18T07:22:00,1210.49,upi,idfc,invalid_otp,1,7,0,0.698,720,0,0
txn_005334,2026-06-07T06:38:00,135.28,wallet,hdfc,issuer_declined,1,10,0,0.702,180,0,0
txn_005335,2026-06-28T23:46:00,1759.71,card,yesbank,invalid_otp,2,16,1,0.7,5,0,1
txn_005336,2026-07-24T00:57:00,6680.89,netbanking,other,risk_block,1,9,0,0.671,5,1,0
txn_005337,2026-06-07T22:52:00,231.45,card,sbi,bank_server_down,2,11,1,0.934,15,0,1
txn_005338,2026-07-01T21:17:00,41.38,netbanking,other,insufficient_funds,1,8,0,0.732,1,0,1
txn_005339,2026-06-05T01:05:00,1731.21,netbanking,yesbank,invalid_otp,1,7,0,0.591,60,0,1
txn_005340,2026-06-29T20:15:00,1461.76,wallet,sbi,insufficient_funds,1,18,0,0.569,5,0,0
txn_005341,2026-07-21T17:17:00,222.07,netbanking,yesbank,insufficient_funds,3,14,0,0.572,180,0,0
txn_005342,2026-07-20T08:43:00,317.05,card,other,issuer_declined,2,1,1,0.902,5,0,0
txn_005343,2026-06-27T08:15:00,722.05,upi,icici,issuer_declined,2,15,0,0.557,60,0,0
txn_005344,2026-06-20T06:39:00,1471.45,upi,hdfc,insufficient_funds,1,10,0,0.951,5,0,0
txn_005345,2026-06-24T00:09:00,3210.55,card,hdfc,insufficient_funds,1,7,0,1.0,180,0,1
txn_005346,2026-06-21T19:48:00,5011.66,upi,icici,issuer_declined,2,17,0,0.808,1,0,0
txn_005347,2026-06-16T18:48:00,7966.59,upi,idfc,insufficient_funds,1,9,0,0.922,720,0,0
txn_005348,2026-07-14T21:42:00,1637.22,card,hdfc,gateway_error,2,2,0,0.772,720,0,1
txn_005349,2026-07-12T02:35:00,536.96,wallet,yesbank,invalid_otp,1,0,0,0.953,1,0,1
txn_005350,2026-06-21T02:53:00,606.48,netbanking,icici,issuer_declined,1,17,0,0.619,720,0,0
txn_005351,2026-07-27T03:12:00,1115.89,upi,kotak,network_timeout,2,14,0,0.932,180,0,1
txn_005352,2026-06-15T10:55:00,588.44,netbanking,sbi,network_timeout,1,17,1,0.988,15,0,1
txn_005353,2026-06-08T11:56:00,1231.68,upi,other,insufficient_funds,2,4,0,0.711,60,0,0
txn_005354,2026-06-13T15:23:00,50.57,upi,axis,insufficient_funds,1,21,1,0.675,180,0,1
txn_005355,2026-06-29T16:09:00,349.42,wallet,kotak,gateway_error,1,19,0,0.44,30,0,1
txn_005356,2026-06-06T09:52:00,129.75,upi,idfc,invalid_otp,2,10,0,0.54,180,0,0
txn_005357,2026-06-17T21:39:00,133.12,netbanking,hdfc,network_timeout,2,21,0,0.784,30,0,1
txn_005358,2026-06-29T20:02:00,39.11,upi,yesbank,issuer_declined,2,16,1,0.592,60,0,0
txn_005359,2026-07-04T20:46:00,347.78,wallet,yesbank,issuer_declined,1,3,0,0.752,1,0,0
txn_005360,2026-07-26T18:38:00,2139.55,netbanking,icici,issuer_declined,2,12,0,0.87,30,0,1
txn_005361,2026-06-11T00:24:00,626.07,wallet,hdfc,network_timeout,1,10,0,0.651,15,0,1
txn_005362,2026-07-23T06:54:00,1418.52,upi,yesbank,network_timeout,1,18,0,0.552,15,0,1
txn_005363,2026-07-09T21:59:00,1511.37,netbanking,kotak,insufficient_funds,2,23,0,0.629,60,0,0
txn_005364,2026-06-18T06:14:00,492.4,upi,other,network_timeout,1,17,0,0.502,5,0,0
txn_005365,2026-07-27T23:09:00,2708.18,netbanking,idfc,insufficient_funds,3,10,1,0.558,720,0,0
txn_005366,2026-06-29T19:43:00,2632.23,netbanking,kotak,bank_server_down,3,0,0,0.635,60,0,1
txn_005367,2026-07-16T06:10:00,647.9,card,other,issuer_declined,1,21,0,0.658,180,0,0
txn_005368,2026-07-27T17:40:00,617.5,card,sbi,issuer_declined,1,13,1,0.517,5,0,1
txn_005369,2026-07-15T00:07:00,870.33,netbanking,sbi,insufficient_funds,1,3,0,0.594,15,0,1
txn_005370,2026-06-22T04:12:00,477.79,netbanking,idfc,insufficient_funds,1,7,0,0.712,5,0,1
txn_005371,2026-07-08T13:47:00,2193.4,card,axis,gateway_error,2,15,1,0.663,1,0,1
txn_005372,2026-06-08T01:32:00,3444.62,wallet,sbi,network_timeout,1,13,0,0.725,1,0,0
txn_005373,2026-07-15T21:08:00,842.86,card,hdfc,card_expired,1,8,1,0.742,15,0,0
txn_005374,2026-07-20T19:53:00,4413.16,upi,yesbank,bank_server_down,3,19,0,0.872,60,0,1
txn_005375,2026-06-18T00:19:00,828.69,card,hdfc,risk_block,1,18,0,0.694,720,1,0
txn_005376,2026-06-08T07:12:00,587.87,wallet,icici,issuer_declined,3,15,0,0.378,30,0,0
txn_005377,2026-07-19T12:11:00,459.38,wallet,kotak,issuer_declined,1,15,0,0.985,5,0,1
txn_005378,2026-07-11T17:26:00,672.49,card,icici,insufficient_funds,2,3,0,0.563,180,0,0
txn_005379,2026-06-10T19:05:00,536.97,netbanking,sbi,gateway_error,2,14,1,0.625,60,0,1
txn_005380,2026-07-23T08:04:00,250.23,wallet,yesbank,insufficient_funds,1,23,1,0.567,1,0,0
txn_005381,2026-06-03T23:05:00,444.48,card,idfc,insufficient_funds,1,18,1,0.543,5,0,1
txn_005382,2026-06-15T05:01:00,266.57,upi,yesbank,gateway_error,2,21,0,0.85,5,0,0
txn_005383,2026-06-27T22:34:00,456.31,wallet,icici,network_timeout,1,4,0,0.931,720,0,1
txn_005384,2026-06-03T09:20:00,228.75,card,axis,gateway_error,3,6,0,0.725,30,0,1
txn_005385,2026-07-11T00:31:00,7857.89,upi,other,insufficient_funds,2,17,1,0.622,30,0,1
txn_005386,2026-07-17T06:39:00,767.09,netbanking,icici,gateway_error,2,15,0,0.615,30,0,1
txn_005387,2026-07-25T15:15:00,287.95,wallet,yesbank,bank_server_down,3,2,0,0.755,720,0,0
txn_005388,2026-06-10T20:33:00,909.5,netbanking,sbi,insufficient_funds,2,20,1,0.794,5,0,0
txn_005389,2026-06-11T17:48:00,1468.53,upi,other,gateway_error,2,20,0,0.741,1,0,1
txn_005390,2026-06-12T08:15:00,163.81,wallet,hdfc,issuer_declined,1,7,0,0.987,30,0,0
txn_005391,2026-07-07T15:04:00,599.96,netbanking,icici,network_timeout,1,12,0,0.389,15,0,1
txn_005392,2026-06-29T09:41:00,341.74,upi,idfc,network_timeout,2,17,0,0.739,15,0,0
txn_005393,2026-07-21T21:10:00,31.84,card,kotak,bank_server_down,1,23,0,0.398,5,0,1
txn_005394,2026-07-02T05:26:00,186.17,netbanking,yesbank,gateway_error,1,5,0,0.925,5,0,0
txn_005395,2026-07-21T07:35:00,157.14,netbanking,kotak,bank_server_down,3,17,0,0.817,60,0,0
txn_005396,2026-07-15T03:07:00,1951.57,netbanking,hdfc,network_timeout,3,9,0,0.626,180,0,1
txn_005397,2026-06-17T15:17:00,1056.15,netbanking,yesbank,insufficient_funds,1,23,0,0.847,5,0,0
txn_005398,2026-06-24T09:26:00,340.47,card,other,insufficient_funds,3,5,0,0.525,1,0,1
txn_005399,2026-06-12T10:12:00,306.25,netbanking,other,insufficient_funds,1,11,0,0.811,720,0,0
txn_005400,2026-07-21T09:34:00,124.03,wallet,axis,network_timeout,1,1,1,0.919,720,0,1
txn_005401,2026-07-25T09:12:00,1563.14,card,other,invalid_otp,1,20,0,0.619,15,0,0
txn_005402,2026-06-30T10:18:00,457.93,card,kotak,network_timeout,1,18,0,0.959,1,0,1
txn_005403,2026-06-17T19:26:00,1099.56,card,idfc,network_timeout,2,21,0,0.804,180,0,1
txn_005404,2026-06-09T09:56:00,2155.36,card,yesbank,bank_server_down,1,11,0,0.758,720,0,1
txn_005405,2026-07-12T05:12:00,3728.78,wallet,yesbank,network_timeout,2,8,1,0.692,5,0,1
txn_005406,2026-06-24T08:28:00,659.43,upi,sbi,insufficient_funds,3,2,0,1.0,720,0,0
txn_005407,2026-07-04T02:04:00,2043.82,wallet,icici,insufficient_funds,3,3,0,0.547,5,0,0
txn_005408,2026-07-30T14:09:00,416.11,upi,idfc,insufficient_funds,3,1,0,0.905,60,0,1
txn_005409,2026-06-23T12:10:00,6271.87,netbanking,yesbank,invalid_otp,2,3,0,0.567,30,0,1
txn_005410,2026-06-12T05:51:00,162.03,wallet,kotak,card_expired,1,12,0,0.862,5,0,0
txn_005411,2026-07-29T07:05:00,73.11,card,idfc,invalid_otp,2,19,0,0.568,1,0,0
txn_005412,2026-06-04T15:58:00,373.83,card,idfc,gateway_error,1,12,0,0.541,5,0,1
txn_005413,2026-06-06T07:17:00,626.49,card,idfc,issuer_declined,2,10,0,0.694,30,0,0
txn_005414,2026-07-13T21:20:00,558.25,card,hdfc,card_expired,1,8,0,0.499,15,0,0
txn_005415,2026-07-16T20:40:00,1296.74,wallet,yesbank,issuer_declined,1,19,0,0.58,5,0,1
txn_005416,2026-06-07T06:25:00,551.32,netbanking,kotak,network_timeout,1,4,1,0.561,30,0,1
txn_005417,2026-06-28T08:31:00,1675.83,wallet,yesbank,issuer_declined,2,18,0,0.613,720,0,0
txn_005418,2026-07-08T22:32:00,745.18,upi,sbi,gateway_error,1,7,0,0.73,30,0,0
txn_005419,2026-06-22T09:38:00,186.14,wallet,yesbank,card_expired,1,12,0,0.579,720,0,0
txn_005420,2026-06-28T18:05:00,419.41,wallet,idfc,insufficient_funds,2,3,0,0.779,720,0,0
txn_005421,2026-07-01T02:43:00,228.99,netbanking,axis,card_expired,2,1,0,0.645,60,0,1
txn_005422,2026-06-24T11:39:00,1537.77,card,hdfc,bank_server_down,2,19,0,1.0,60,0,1
txn_005423,2026-06-28T07:14:00,151.55,card,yesbank,card_expired,2,5,0,0.867,1,0,1
txn_005424,2026-06-15T13:52:00,1602.43,wallet,yesbank,card_expired,1,0,1,0.728,30,0,0
txn_005425,2026-06-27T06:28:00,1344.32,netbanking,yesbank,card_expired,2,2,1,0.693,1,0,0
txn_005426,2026-06-05T13:51:00,597.04,netbanking,axis,insufficient_funds,1,9,1,0.407,720,0,1
txn_005427,2026-06-18T00:49:00,327.97,wallet,axis,risk_block,1,2,0,0.645,60,1,0
txn_005428,2026-07-21T02:37:00,38.4,upi,sbi,network_timeout,1,13,0,0.988,30,0,0
txn_005429,2026-07-07T21:51:00,73.94,wallet,yesbank,insufficient_funds,1,20,0,0.89,180,0,1
txn_005430,2026-06-13T01:40:00,93.26,card,sbi,insufficient_funds,1,15,0,1.0,30,0,0
txn_005431,2026-07-25T13:31:00,494.73,upi,yesbank,gateway_error,2,14,1,0.64,30,0,0
txn_005432,2026-07-27T01:21:00,732.65,upi,other,network_timeout,3,3,0,0.946,180,0,0
txn_005433,2026-06-05T16:11:00,1015.12,card,idfc,issuer_declined,1,23,0,0.531,5,0,1
txn_005434,2026-07-19T14:17:00,238.84,netbanking,sbi,insufficient_funds,2,3,1,0.943,1,0,1
txn_005435,2026-06-13T05:29:00,122.76,card,axis,risk_block,2,6,0,0.694,720,1,0
txn_005436,2026-06-10T13:48:00,1125.99,card,other,issuer_declined,1,8,1,0.807,15,0,0
txn_005437,2026-07-07T10:17:00,217.78,card,hdfc,risk_block,1,1,0,1.0,720,1,0
txn_005438,2026-07-26T09:19:00,587.59,upi,hdfc,insufficient_funds,1,7,0,0.869,60,0,1
txn_005439,2026-06-02T15:59:00,199.7,upi,sbi,gateway_error,3,0,1,0.781,180,0,1
txn_005440,2026-06-09T12:53:00,192.37,netbanking,other,invalid_otp,1,2,0,0.846,5,0,0
txn_005441,2026-07-14T12:50:00,3111.23,card,sbi,bank_server_down,1,4,0,0.609,5,0,1
txn_005442,2026-06-16T03:29:00,280.7,card,idfc,issuer_declined,1,14,1,0.712,30,0,0
txn_005443,2026-07-03T07:36:00,265.01,wallet,axis,network_timeout,1,0,1,0.72,180,0,1
txn_005444,2026-06-06T21:06:00,557.31,netbanking,hdfc,issuer_declined,3,23,0,0.385,30,0,0
txn_005445,2026-07-10T15:09:00,2081.38,wallet,other,network_timeout,1,7,1,0.912,15,0,1
txn_005446,2026-07-17T04:01:00,882.18,upi,kotak,bank_server_down,3,17,1,0.74,5,0,0
txn_005447,2026-06-05T19:56:00,433.54,netbanking,axis,bank_server_down,2,0,0,0.605,60,0,1
txn_005448,2026-07-15T04:20:00,149.67,netbanking,kotak,gateway_error,1,13,0,0.559,15,0,1
txn_005449,2026-06-04T18:12:00,167.51,card,axis,invalid_otp,2,8,0,0.854,15,0,1
txn_005450,2026-07-14T03:38:00,1069.68,card,sbi,network_timeout,1,1,1,0.933,60,0,0
txn_005451,2026-07-18T15:26:00,894.39,card,idfc,invalid_otp,1,4,0,1.0,60,0,1
txn_005452,2026-06-18T02:04:00,887.9,card,idfc,invalid_otp,1,14,0,0.847,15,0,0
txn_005453,2026-07-20T18:48:00,357.98,wallet,sbi,risk_block,2,4,0,1.0,30,1,0
txn_005454,2026-06-25T09:56:00,338.79,wallet,yesbank,insufficient_funds,3,2,1,0.493,60,0,0
txn_005455,2026-07-05T23:43:00,1008.23,upi,hdfc,card_expired,2,16,0,1.0,720,0,0
txn_005456,2026-07-12T04:11:00,3513.87,wallet,axis,issuer_declined,1,4,0,0.621,180,0,0
txn_005457,2026-07-19T07:39:00,89.66,card,sbi,bank_server_down,1,12,0,0.854,30,0,1
txn_005458,2026-06-04T10:10:00,973.72,card,sbi,card_expired,1,4,1,0.444,180,0,0
txn_005459,2026-06-20T02:45:00,1567.23,upi,kotak,issuer_declined,1,22,0,0.642,5,0,0
txn_005460,2026-06-12T02:45:00,621.8,netbanking,kotak,invalid_otp,1,8,0,0.523,1,0,0
txn_005461,2026-06-27T07:21:00,262.88,wallet,hdfc,bank_server_down,1,5,0,0.839,1,0,1
txn_005462,2026-07-04T18:51:00,390.29,wallet,kotak,invalid_otp,2,16,1,0.539,180,0,1
txn_005463,2026-07-14T06:19:00,166.94,netbanking,hdfc,gateway_error,2,8,0,0.888,1,0,1
txn_005464,2026-07-03T15:33:00,70.39,card,idfc,network_timeout,1,0,0,1.0,1,0,1
txn_005465,2026-07-08T16:12:00,1230.05,netbanking,yesbank,bank_server_down,1,6,0,0.789,720,0,1
txn_005466,2026-06-08T21:03:00,324.31,wallet,kotak,insufficient_funds,2,11,0,0.567,720,0,1
txn_005467,2026-07-03T07:05:00,1098.57,upi,icici,insufficient_funds,1,7,0,0.811,180,0,1
txn_005468,2026-07-06T12:23:00,2369.8,card,axis,issuer_declined,2,8,0,0.666,1,0,0
txn_005469,2026-06-26T08:05:00,264.79,netbanking,icici,network_timeout,1,12,0,1.0,180,0,1
txn_005470,2026-06-18T07:37:00,1088.29,netbanking,axis,invalid_otp,1,22,0,0.457,720,0,1
txn_005471,2026-07-08T12:33:00,486.25,upi,hdfc,invalid_otp,1,20,1,0.671,60,0,0
txn_005472,2026-07-27T22:08:00,1150.75,netbanking,axis,issuer_declined,1,22,0,0.536,180,0,0
txn_005473,2026-06-16T12:13:00,914.83,upi,sbi,risk_block,2,7,1,0.605,180,1,0
txn_005474,2026-07-23T23:13:00,1387.69,upi,hdfc,issuer_declined,1,16,0,0.567,30,0,0
txn_005475,2026-07-19T01:44:00,409.66,card,kotak,insufficient_funds,2,12,0,0.837,60,0,1
txn_005476,2026-06-27T04:48:00,289.07,wallet,hdfc,invalid_otp,1,6,0,0.644,720,0,1
txn_005477,2026-07-05T04:14:00,1159.45,netbanking,sbi,invalid_otp,1,17,1,0.785,1,0,0
txn_005478,2026-07-21T16:32:00,936.44,upi,other,network_timeout,1,14,1,0.779,60,0,1
txn_005479,2026-06-20T00:17:00,279.25,upi,sbi,network_timeout,1,1,1,0.799,180,0,1
txn_005480,2026-07-05T11:16:00,418.53,upi,other,bank_server_down,1,19,0,0.491,60,0,1
txn_005481,2026-07-19T08:19:00,1529.3,netbanking,other,bank_server_down,1,4,1,0.931,180,0,1
txn_005482,2026-06-23T21:12:00,135.54,netbanking,kotak,network_timeout,1,2,0,0.641,5,0,0
txn_005483,2026-07-05T02:42:00,2491.23,upi,other,issuer_declined,2,1,0,0.781,30,0,0
txn_005484,2026-07-30T00:50:00,1707.98,card,sbi,gateway_error,2,22,0,0.234,180,0,1
txn_005485,2026-06-26T03:34:00,410.74,card,axis,network_timeout,2,4,0,0.896,5,0,1
txn_005486,2026-06-12T05:01:00,8330.39,upi,sbi,bank_server_down,1,6,1,0.968,60,0,1
txn_005487,2026-07-26T19:53:00,665.81,wallet,yesbank,card_expired,3,8,0,0.368,180,0,0
txn_005488,2026-07-06T13:25:00,9237.57,wallet,idfc,invalid_otp,1,16,0,1.0,1,0,1
txn_005489,2026-06-22T11:23:00,290.8,netbanking,idfc,invalid_otp,3,15,0,1.0,15,0,0
txn_005490,2026-07-30T13:27:00,312.14,wallet,yesbank,risk_block,2,21,0,0.287,15,1,0
txn_005491,2026-07-06T19:01:00,5881.2,card,axis,gateway_error,1,21,0,1.0,15,0,0
txn_005492,2026-07-14T02:01:00,109.57,netbanking,kotak,card_expired,1,19,1,0.687,180,0,0
txn_005493,2026-07-05T07:12:00,260.37,upi,idfc,gateway_error,2,17,0,0.529,60,0,1
txn_005494,2026-06-19T13:09:00,1702.49,card,idfc,card_expired,1,22,0,0.727,1,0,0
txn_005495,2026-06-21T01:59:00,407.73,wallet,axis,network_timeout,1,13,0,0.708,15,0,1
txn_005496,2026-07-17T20:23:00,2445.72,wallet,icici,invalid_otp,1,19,0,0.65,720,0,1
txn_005497,2026-06-28T18:23:00,1428.54,upi,icici,insufficient_funds,1,11,1,0.676,60,0,1
txn_005498,2026-06-15T10:30:00,349.66,upi,icici,gateway_error,1,4,0,0.695,15,0,0
txn_005499,2026-06-08T19:28:00,6585.85,wallet,sbi,bank_server_down,1,17,0,0.606,15,0,1
txn_005500,2026-06-13T01:45:00,547.36,upi,sbi,network_timeout,1,18,0,0.391,60,0,1
txn_005501,2026-07-25T06:59:00,281.41,wallet,idfc,card_expired,2,11,0,0.352,180,0,0
txn_005502,2026-07-21T20:42:00,592.78,wallet,idfc,insufficient_funds,1,12,1,0.665,60,0,0
txn_005503,2026-07-12T07:53:00,920.48,upi,other,network_timeout,2,21,0,0.453,5,0,0
txn_005504,2026-07-23T01:05:00,7412.7,wallet,yesbank,invalid_otp,1,16,0,0.797,5,0,0
txn_005505,2026-06-20T20:54:00,236.1,wallet,other,gateway_error,3,14,0,0.723,1,0,1
txn_005506,2026-07-07T03:49:00,1866.27,netbanking,idfc,risk_block,1,17,0,0.474,180,1,0
txn_005507,2026-06-30T09:24:00,188.79,netbanking,other,gateway_error,1,11,0,0.679,180,0,1
txn_005508,2026-07-13T16:18:00,2561.55,upi,kotak,bank_server_down,3,14,0,0.874,180,0,1
txn_005509,2026-07-23T18:20:00,158.37,netbanking,other,issuer_declined,1,11,0,0.602,720,0,0
txn_005510,2026-06-26T06:46:00,426.65,upi,yesbank,invalid_otp,1,22,0,0.694,30,0,1
txn_005511,2026-06-21T18:12:00,4476.6,wallet,icici,card_expired,1,13,1,0.706,15,0,0
txn_005512,2026-07-04T08:15:00,513.14,upi,hdfc,risk_block,1,23,0,0.727,15,1,0
txn_005513,2026-06-23T08:51:00,952.02,upi,other,bank_server_down,1,11,1,0.551,5,0,1
txn_005514,2026-06-16T20:09:00,2985.5,upi,kotak,insufficient_funds,1,15,0,0.921,1,0,0
txn_005515,2026-06-24T10:45:00,212.31,upi,hdfc,issuer_declined,2,14,1,0.642,60,0,0
txn_005516,2026-06-18T17:53:00,753.83,upi,idfc,insufficient_funds,3,4,0,0.897,5,0,0
txn_005517,2026-07-03T02:41:00,1280.29,wallet,yesbank,issuer_declined,2,0,0,0.664,5,0,1
txn_005518,2026-07-30T18:27:00,127.78,wallet,icici,insufficient_funds,2,2,0,0.623,60,0,1
txn_005519,2026-07-02T09:15:00,880.53,netbanking,icici,risk_block,2,14,1,0.861,720,1,0
txn_005520,2026-07-12T16:44:00,442.42,wallet,axis,insufficient_funds,2,17,0,0.755,15,0,0
txn_005521,2026-06-24T15:25:00,1882.42,upi,idfc,network_timeout,1,0,0,0.659,720,0,1
txn_005522,2026-07-17T06:25:00,1047.29,wallet,kotak,insufficient_funds,1,5,0,0.612,60,0,0
txn_005523,2026-07-24T01:06:00,967.22,upi,sbi,bank_server_down,1,0,0,0.815,5,0,1
txn_005524,2026-06-20T08:01:00,811.01,upi,icici,invalid_otp,3,23,1,0.483,15,0,1
txn_005525,2026-06-18T05:58:00,561.0,wallet,hdfc,invalid_otp,3,2,0,0.365,60,0,0
txn_005526,2026-07-24T15:45:00,1149.05,upi,yesbank,bank_server_down,1,20,0,0.866,30,0,1
txn_005527,2026-06-10T11:49:00,418.03,card,other,bank_server_down,3,15,0,0.692,720,0,1
txn_005528,2026-07-05T22:43:00,1819.84,card,sbi,bank_server_down,2,5,1,1.0,5,0,1
txn_005529,2026-06-13T13:06:00,291.92,card,sbi,risk_block,1,2,0,0.582,720,1,0
txn_005530,2026-07-06T12:32:00,368.62,card,axis,invalid_otp,2,17,0,0.609,15,0,0
txn_005531,2026-07-13T23:16:00,451.82,netbanking,axis,invalid_otp,2,9,0,0.459,1,0,1
txn_005532,2026-06-28T13:47:00,3044.33,upi,idfc,network_timeout,1,8,1,0.831,15,0,1
txn_005533,2026-06-08T19:31:00,626.02,netbanking,hdfc,issuer_declined,1,8,0,0.895,5,0,0
txn_005534,2026-06-04T20:47:00,3612.27,upi,axis,insufficient_funds,1,22,0,0.773,180,0,0
txn_005535,2026-07-24T11:31:00,1189.15,netbanking,yesbank,network_timeout,2,5,0,0.927,30,0,1
txn_005536,2026-07-19T10:38:00,703.65,upi,axis,risk_block,1,8,0,0.577,180,1,1
txn_005537,2026-07-10T05:08:00,1250.18,netbanking,hdfc,network_timeout,2,12,1,0.593,1,0,0
txn_005538,2026-06-26T17:30:00,3359.81,card,kotak,network_timeout,1,1,0,0.893,180,0,1
txn_005539,2026-07-20T10:54:00,139.68,card,yesbank,network_timeout,1,14,0,0.47,5,0,0
txn_005540,2026-06-11T21:09:00,146.66,netbanking,axis,issuer_declined,1,8,0,0.963,15,0,0
txn_005541,2026-06-11T07:27:00,190.09,upi,kotak,insufficient_funds,1,6,1,0.347,30,0,0
txn_005542,2026-07-27T10:14:00,597.53,upi,icici,issuer_declined,1,5,0,0.859,15,0,1
txn_005543,2026-07-29T04:38:00,820.56,netbanking,idfc,card_expired,1,7,0,0.656,5,0,0
txn_005544,2026-07-14T09:50:00,962.42,card,icici,bank_server_down,1,4,1,0.953,1,0,1
txn_005545,2026-06-14T05:37:00,345.36,upi,axis,issuer_declined,2,21,0,0.516,720,0,0
txn_005546,2026-06-17T22:27:00,4537.66,upi,idfc,gateway_error,1,12,0,0.489,720,0,1
txn_005547,2026-06-11T16:12:00,7788.04,upi,axis,invalid_otp,1,10,1,0.788,1,0,0
txn_005548,2026-06-30T03:15:00,882.82,upi,sbi,gateway_error,1,5,0,0.58,1,0,1
txn_005549,2026-06-26T03:13:00,363.19,netbanking,axis,gateway_error,1,10,0,0.783,5,0,0
txn_005550,2026-07-25T08:13:00,719.17,card,sbi,bank_server_down,1,3,0,1.0,60,0,1
txn_005551,2026-06-20T20:55:00,3016.1,upi,icici,issuer_declined,2,7,0,0.855,15,0,1
txn_005552,2026-06-09T16:40:00,183.42,card,yesbank,bank_server_down,1,18,1,0.737,60,0,1
txn_005553,2026-06-01T18:56:00,291.5,netbanking,yesbank,network_timeout,1,17,0,0.63,15,0,1
txn_005554,2026-06-21T17:50:00,147.41,card,kotak,insufficient_funds,2,3,1,0.497,30,0,0
txn_005555,2026-07-16T16:05:00,729.1,wallet,icici,issuer_declined,1,14,0,1.0,5,0,0
txn_005556,2026-06-02T19:37:00,593.8,wallet,hdfc,bank_server_down,1,6,0,0.726,180,0,1
txn_005557,2026-07-03T06:43:00,1403.73,card,sbi,insufficient_funds,2,3,0,0.816,15,0,1
txn_005558,2026-06-21T14:54:00,1010.82,card,sbi,invalid_otp,1,22,0,0.897,720,0,1
txn_005559,2026-07-24T22:42:00,1217.67,upi,kotak,bank_server_down,2,11,1,0.971,1,0,1
txn_005560,2026-07-26T06:54:00,1225.07,upi,other,insufficient_funds,1,23,1,0.46,5,0,1
txn_005561,2026-07-21T19:01:00,519.44,netbanking,other,gateway_error,1,3,0,0.589,180,0,1
txn_005562,2026-07-10T10:53:00,103.58,upi,yesbank,network_timeout,1,1,0,0.728,1,0,0
txn_005563,2026-06-06T18:00:00,183.95,netbanking,axis,network_timeout,2,12,0,0.943,60,0,0
txn_005564,2026-06-09T04:10:00,3974.02,wallet,axis,card_expired,1,23,1,0.968,180,0,0
txn_005565,2026-06-03T05:55:00,262.68,card,other,risk_block,1,20,0,0.414,60,1,0
txn_005566,2026-06-25T18:54:00,317.23,wallet,hdfc,bank_server_down,1,18,0,0.927,60,0,1
txn_005567,2026-07-27T14:18:00,4440.53,wallet,axis,network_timeout,1,11,0,0.752,30,0,1
txn_005568,2026-07-19T11:33:00,199.23,wallet,icici,network_timeout,2,3,1,0.415,1,0,1
txn_005569,2026-07-12T13:48:00,211.77,card,idfc,invalid_otp,3,1,0,0.792,1,0,0
txn_005570,2026-06-27T15:54:00,928.98,card,yesbank,card_expired,3,5,1,0.646,1,0,0
txn_005571,2026-07-24T13:35:00,58.91,wallet,hdfc,issuer_declined,1,7,0,1.0,180,0,0
txn_005572,2026-06-25T06:41:00,1609.97,wallet,sbi,insufficient_funds,1,20,0,0.772,60,0,0
txn_005573,2026-06-01T14:09:00,699.46,netbanking,hdfc,card_expired,1,5,0,0.637,5,0,0
txn_005574,2026-06-10T12:25:00,716.93,wallet,idfc,network_timeout,2,19,0,0.481,720,0,0
txn_005575,2026-07-06T23:46:00,673.72,wallet,idfc,issuer_declined,1,5,0,0.671,720,0,0
txn_005576,2026-07-05T14:58:00,108.82,card,kotak,risk_block,2,9,0,0.496,5,1,0
txn_005577,2026-07-17T00:25:00,418.57,card,sbi,network_timeout,1,11,0,0.914,15,0,1
txn_005578,2026-06-23T15:11:00,873.13,netbanking,axis,bank_server_down,1,5,1,0.772,180,0,0
txn_005579,2026-06-16T18:52:00,377.93,wallet,yesbank,insufficient_funds,1,7,0,0.634,1,0,0
txn_005580,2026-07-04T04:11:00,1666.97,upi,idfc,bank_server_down,2,21,0,0.788,720,0,1
txn_005581,2026-07-22T07:18:00,5178.13,card,kotak,risk_block,1,19,0,0.362,5,1,0
txn_005582,2026-06-01T21:11:00,1400.97,wallet,kotak,bank_server_down,1,1,0,0.883,15,0,1
txn_005583,2026-07-17T11:42:00,862.5,wallet,hdfc,issuer_declined,1,12,1,0.578,30,0,0
txn_005584,2026-07-18T11:37:00,312.07,card,kotak,gateway_error,2,23,1,1.0,30,0,1
txn_005585,2026-06-04T22:35:00,8779.63,card,axis,network_timeout,1,2,1,0.837,1,0,1
txn_005586,2026-06-28T03:52:00,608.84,card,icici,issuer_declined,3,13,1,0.687,15,0,0
txn_005587,2026-07-25T21:55:00,104.07,upi,yesbank,gateway_error,1,4,0,0.662,1,0,1
txn_005588,2026-06-26T13:09:00,1076.79,wallet,other,insufficient_funds,1,9,1,0.48,30,0,1
txn_005589,2026-06-16T03:46:00,3809.91,netbanking,yesbank,bank_server_down,2,18,0,0.481,5,0,1
txn_005590,2026-07-13T18:11:00,456.49,card,yesbank,insufficient_funds,1,11,0,0.505,720,0,1
txn_005591,2026-07-22T07:30:00,2298.82,netbanking,other,insufficient_funds,1,9,1,0.806,15,0,0
txn_005592,2026-07-21T08:25:00,1074.94,netbanking,other,card_expired,1,20,0,0.808,180,0,0
txn_005593,2026-07-12T10:30:00,1743.63,wallet,icici,gateway_error,1,3,0,0.803,15,0,1
txn_005594,2026-07-27T22:58:00,2492.25,netbanking,hdfc,insufficient_funds,1,6,0,0.645,180,0,1
txn_005595,2026-07-04T16:26:00,718.24,upi,axis,network_timeout,1,10,0,0.928,180,0,1
txn_005596,2026-07-06T07:49:00,453.27,netbanking,sbi,issuer_declined,1,4,0,0.888,1,0,0
txn_005597,2026-07-23T17:08:00,945.17,netbanking,kotak,bank_server_down,1,4,0,0.839,720,0,1
txn_005598,2026-07-22T00:48:00,1300.79,wallet,axis,issuer_declined,2,15,1,0.909,60,0,1
txn_005599,2026-07-24T21:39:00,269.34,netbanking,axis,gateway_error,1,2,0,0.514,180,0,1
txn_005600,2026-06-15T04:22:00,1094.44,netbanking,kotak,insufficient_funds,2,0,0,0.687,60,0,0
txn_005601,2026-06-20T08:20:00,830.93,netbanking,hdfc,bank_server_down,1,16,0,0.909,720,0,1
txn_005602,2026-07-13T09:29:00,660.89,card,idfc,gateway_error,1,5,0,0.502,60,0,0
txn_005603,2026-07-28T01:36:00,1373.75,upi,hdfc,card_expired,1,7,1,0.822,60,0,0
txn_005604,2026-06-27T04:03:00,395.21,card,kotak,card_expired,1,7,0,0.547,180,0,0
txn_005605,2026-07-18T20:56:00,1504.0,upi,icici,risk_block,1,11,0,0.309,30,1,0
txn_005606,2026-06-02T16:36:00,439.46,upi,other,insufficient_funds,1,10,1,0.939,30,0,0
txn_005607,2026-06-26T10:08:00,470.39,upi,axis,invalid_otp,3,21,0,0.6,30,0,1
txn_005608,2026-07-04T14:00:00,368.45,wallet,axis,invalid_otp,1,1,0,0.862,180,0,0
txn_005609,2026-07-22T20:45:00,348.42,card,icici,invalid_otp,3,3,0,0.915,1,0,1
txn_005610,2026-07-16T23:59:00,70.68,wallet,sbi,insufficient_funds,1,21,0,0.541,720,0,0
txn_005611,2026-06-16T23:52:00,818.42,netbanking,kotak,issuer_declined,1,19,1,0.755,1,0,0
txn_005612,2026-07-15T12:42:00,360.34,upi,other,bank_server_down,1,16,0,0.805,5,0,1
txn_005613,2026-06-26T22:54:00,2470.26,netbanking,axis,issuer_declined,2,5,0,0.811,60,0,0
txn_005614,2026-07-29T20:03:00,1694.75,card,other,bank_server_down,2,19,1,0.461,5,0,1
txn_005615,2026-07-17T04:08:00,453.61,upi,other,insufficient_funds,3,8,1,0.477,5,0,0
txn_005616,2026-07-24T09:25:00,234.51,upi,sbi,network_timeout,2,20,1,0.609,5,0,0
txn_005617,2026-07-19T15:03:00,428.94,wallet,kotak,invalid_otp,1,5,1,0.714,720,0,0
txn_005618,2026-06-22T01:08:00,2582.14,upi,other,network_timeout,1,9,0,0.94,30,0,1
txn_005619,2026-06-01T06:00:00,119.48,netbanking,sbi,gateway_error,1,18,0,0.508,180,0,0
txn_005620,2026-07-15T23:38:00,1063.12,card,axis,bank_server_down,1,4,0,1.0,15,0,1
txn_005621,2026-06-30T00:39:00,129.42,netbanking,yesbank,bank_server_down,1,21,1,0.715,60,0,1
txn_005622,2026-06-27T22:58:00,211.8,netbanking,icici,invalid_otp,1,18,0,0.813,180,0,0
txn_005623,2026-06-14T22:24:00,381.59,netbanking,axis,network_timeout,3,9,0,0.736,180,0,1
txn_005624,2026-07-28T22:10:00,1687.49,card,other,network_timeout,1,9,0,0.602,180,0,1
txn_005625,2026-07-25T12:47:00,1191.63,card,axis,card_expired,2,3,0,0.652,1,0,0
txn_005626,2026-07-30T23:27:00,1243.39,wallet,axis,network_timeout,2,13,0,0.436,15,0,1
txn_005627,2026-07-03T12:32:00,855.47,netbanking,other,card_expired,1,14,1,0.519,180,0,0
txn_005628,2026-06-01T08:34:00,2965.33,netbanking,icici,bank_server_down,1,12,0,0.471,1,0,1
txn_005629,2026-07-08T19:34:00,1197.01,card,other,card_expired,1,15,0,1.0,1,0,0
txn_005630,2026-06-21T09:55:00,692.42,upi,icici,bank_server_down,2,10,0,1.0,180,0,1
txn_005631,2026-07-01T04:42:00,392.89,upi,sbi,issuer_declined,1,9,0,0.88,15,0,0
txn_005632,2026-06-18T01:53:00,422.11,upi,icici,invalid_otp,2,18,0,0.956,180,0,1
txn_005633,2026-07-02T10:06:00,757.79,upi,icici,invalid_otp,2,0,0,1.0,5,0,1
txn_005634,2026-07-06T09:26:00,2633.22,wallet,icici,invalid_otp,1,5,0,0.789,720,0,1
txn_005635,2026-07-25T07:40:00,307.73,netbanking,yesbank,gateway_error,2,8,0,0.997,180,0,1
txn_005636,2026-06-29T17:49:00,143.41,card,other,issuer_declined,2,13,1,0.415,5,0,0
txn_005637,2026-06-04T22:21:00,1236.44,netbanking,icici,insufficient_funds,1,8,0,0.66,180,0,0
txn_005638,2026-06-06T02:19:00,94.88,card,other,bank_server_down,1,15,0,0.779,30,0,1
txn_005639,2026-06-25T04:24:00,356.57,card,idfc,insufficient_funds,1,22,0,0.83,30,0,0
txn_005640,2026-06-24T22:34:00,769.68,upi,idfc,network_timeout,1,9,1,0.749,5,0,1
txn_005641,2026-06-28T06:55:00,2191.18,upi,kotak,invalid_otp,1,4,0,0.546,60,0,1
txn_005642,2026-06-16T06:36:00,3125.56,card,other,bank_server_down,1,5,1,0.454,60,0,1
txn_005643,2026-07-07T07:02:00,254.45,netbanking,hdfc,bank_server_down,1,1,1,0.326,180,0,1
txn_005644,2026-06-20T21:30:00,677.2,netbanking,hdfc,gateway_error,1,6,0,0.765,60,0,1
txn_005645,2026-06-15T08:46:00,875.93,netbanking,sbi,bank_server_down,1,5,0,0.865,30,0,1
txn_005646,2026-06-21T15:34:00,586.49,card,yesbank,insufficient_funds,1,11,0,0.884,5,0,0
txn_005647,2026-07-17T21:26:00,366.24,wallet,hdfc,invalid_otp,1,16,0,0.678,5,0,0
txn_005648,2026-07-28T06:07:00,972.76,card,idfc,invalid_otp,1,14,1,0.749,180,0,1
txn_005649,2026-07-20T17:10:00,113.56,netbanking,kotak,bank_server_down,3,12,0,0.55,5,0,1
txn_005650,2026-07-15T18:57:00,1110.69,card,axis,network_timeout,1,7,0,0.719,1,0,1
txn_005651,2026-06-27T07:18:00,722.01,card,hdfc,bank_server_down,2,13,0,0.628,60,0,1
txn_005652,2026-07-10T01:14:00,3521.91,upi,icici,network_timeout,1,4,1,0.819,1,0,1
txn_005653,2026-07-30T10:58:00,255.08,netbanking,other,gateway_error,1,19,0,0.881,5,0,1
txn_005654,2026-06-20T00:57:00,1144.63,upi,sbi,bank_server_down,1,13,0,0.802,30,0,1
txn_005655,2026-07-24T09:26:00,397.62,wallet,idfc,card_expired,1,18,1,0.644,60,0,0
txn_005656,2026-06-01T21:39:00,150.52,upi,other,gateway_error,3,15,1,0.957,5,0,0
txn_005657,2026-07-17T10:06:00,1728.35,netbanking,other,risk_block,1,7,1,0.695,720,1,0
txn_005658,2026-06-06T17:46:00,125.02,card,kotak,gateway_error,1,6,0,0.621,30,0,1
txn_005659,2026-07-22T21:58:00,287.56,upi,icici,issuer_declined,3,23,1,0.262,5,0,0
txn_005660,2026-06-12T13:58:00,1055.92,upi,hdfc,issuer_declined,1,2,0,0.374,60,0,0
txn_005661,2026-07-24T13:47:00,625.12,wallet,idfc,insufficient_funds,1,8,1,0.686,5,0,1
txn_005662,2026-07-11T03:26:00,766.02,card,hdfc,card_expired,1,12,0,0.864,30,0,0
txn_005663,2026-06-27T11:51:00,999.85,card,axis,gateway_error,2,21,0,0.664,180,0,1
txn_005664,2026-06-13T05:29:00,289.73,netbanking,hdfc,invalid_otp,2,8,0,1.0,1,0,1
txn_005665,2026-07-27T15:02:00,1741.37,wallet,yesbank,network_timeout,1,22,0,0.377,720,0,0
txn_005666,2026-07-05T06:46:00,1371.24,card,sbi,invalid_otp,2,19,0,1.0,180,0,1
txn_005667,2026-07-11T11:50:00,3766.69,netbanking,axis,bank_server_down,1,15,1,0.73,1,0,1
txn_005668,2026-06-07T00:25:00,401.11,wallet,hdfc,issuer_declined,2,15,0,0.984,60,0,0
txn_005669,2026-07-12T00:06:00,410.74,wallet,axis,network_timeout,1,10,0,0.42,15,0,1
txn_005670,2026-07-07T09:22:00,688.14,card,hdfc,issuer_declined,2,20,0,0.786,30,0,0
txn_005671,2026-07-12T23:05:00,1122.83,wallet,other,issuer_declined,3,7,0,0.591,30,0,0
txn_005672,2026-06-22T11:06:00,138.67,upi,other,bank_server_down,2,5,0,0.625,15,0,0
txn_005673,2026-07-12T17:48:00,206.22,upi,icici,bank_server_down,3,20,0,0.865,60,0,0
txn_005674,2026-06-19T13:06:00,1954.22,wallet,sbi,insufficient_funds,3,4,0,0.796,720,0,1
txn_005675,2026-07-07T20:59:00,249.8,netbanking,sbi,insufficient_funds,1,1,0,0.69,15,0,0
txn_005676,2026-06-16T10:29:00,2665.55,wallet,kotak,insufficient_funds,1,16,0,0.516,1,0,0
txn_005677,2026-06-17T23:18:00,351.47,card,other,invalid_otp,2,18,1,0.7,180,0,0
txn_005678,2026-07-15T13:52:00,141.87,card,idfc,insufficient_funds,1,21,0,0.703,60,0,0
txn_005679,2026-07-02T07:51:00,413.1,card,other,bank_server_down,1,5,0,0.384,720,0,0
txn_005680,2026-07-19T09:42:00,1069.83,card,sbi,network_timeout,3,10,0,0.736,15,0,1
txn_005681,2026-06-30T22:23:00,931.21,card,other,risk_block,2,10,0,0.647,15,1,0
txn_005682,2026-07-21T06:02:00,294.96,card,sbi,bank_server_down,2,2,0,0.741,180,0,1
txn_005683,2026-06-14T10:50:00,1024.92,wallet,axis,insufficient_funds,2,22,0,0.548,15,0,1
txn_005684,2026-06-11T08:19:00,91.49,upi,yesbank,bank_server_down,2,6,0,0.696,30,0,1
txn_005685,2026-06-01T19:10:00,57.28,wallet,idfc,bank_server_down,2,19,0,1.0,5,0,1
txn_005686,2026-07-15T12:19:00,855.41,wallet,other,issuer_declined,1,13,0,0.225,1,0,0
txn_005687,2026-06-09T03:00:00,1035.32,card,other,insufficient_funds,1,5,0,0.775,60,0,1
txn_005688,2026-07-19T05:26:00,775.71,upi,hdfc,insufficient_funds,1,17,0,0.737,720,0,0
txn_005689,2026-07-06T20:35:00,238.68,upi,yesbank,network_timeout,2,14,0,0.574,1,0,0
txn_005690,2026-06-28T13:01:00,6642.36,netbanking,sbi,insufficient_funds,1,11,0,0.462,60,0,1
txn_005691,2026-06-30T23:30:00,303.68,card,hdfc,insufficient_funds,1,4,0,0.899,60,0,0
txn_005692,2026-06-03T02:08:00,535.58,wallet,axis,bank_server_down,1,15,1,0.706,1,0,0
txn_005693,2026-07-12T19:02:00,1200.07,netbanking,axis,insufficient_funds,1,1,0,0.92,1,0,0
txn_005694,2026-07-02T20:26:00,12651.71,netbanking,axis,invalid_otp,2,1,0,0.456,5,0,1
txn_005695,2026-06-11T05:27:00,135.73,upi,yesbank,network_timeout,3,3,0,0.72,60,0,0
txn_005696,2026-07-23T16:11:00,1189.7,netbanking,other,bank_server_down,1,23,0,0.763,180,0,1
txn_005697,2026-06-12T14:20:00,1365.2,netbanking,yesbank,card_expired,1,22,0,0.665,720,0,0
txn_005698,2026-07-23T05:48:00,1453.48,card,idfc,issuer_declined,2,7,0,0.521,180,0,0
txn_005699,2026-06-22T12:23:00,2764.12,card,sbi,bank_server_down,2,8,0,0.631,720,0,1
txn_005700,2026-07-09T09:01:00,597.33,upi,sbi,invalid_otp,3,12,0,0.702,30,0,0
txn_005701,2026-06-15T07:30:00,322.16,upi,kotak,insufficient_funds,3,1,0,0.413,60,0,0
txn_005702,2026-06-15T03:19:00,342.74,wallet,kotak,card_expired,3,22,0,0.7,60,0,0
txn_005703,2026-06-11T06:57:00,829.82,upi,kotak,bank_server_down,1,5,0,0.653,1,0,0
txn_005704,2026-06-07T21:54:00,1059.28,card,yesbank,issuer_declined,1,11,0,0.69,30,0,0
txn_005705,2026-06-10T12:17:00,851.16,card,icici,network_timeout,1,20,0,0.534,180,0,0
txn_005706,2026-06-24T23:30:00,535.73,wallet,sbi,bank_server_down,1,5,0,0.542,720,0,1
txn_005707,2026-07-07T19:10:00,486.96,upi,icici,gateway_error,2,0,0,0.876,180,0,0
txn_005708,2026-06-18T17:17:00,2347.11,netbanking,hdfc,insufficient_funds,2,3,1,0.722,1,0,0
txn_005709,2026-06-11T02:21:00,434.61,upi,yesbank,insufficient_funds,1,10,0,0.869,30,0,1
txn_005710,2026-07-21T13:42:00,609.75,netbanking,sbi,insufficient_funds,1,6,0,0.279,30,0,1
txn_005711,2026-07-01T21:01:00,2175.09,wallet,icici,issuer_declined,1,22,0,1.0,30,0,0
txn_005712,2026-07-27T23:15:00,93.81,upi,yesbank,gateway_error,1,21,1,0.517,15,0,1
txn_005713,2026-07-02T22:31:00,389.12,wallet,kotak,invalid_otp,1,2,0,1.0,1,0,1
txn_005714,2026-07-20T20:56:00,706.27,card,hdfc,issuer_declined,2,10,1,0.541,180,0,0
txn_005715,2026-06-06T23:58:00,98.5,card,icici,issuer_declined,1,6,0,0.591,720,0,0
txn_005716,2026-07-08T13:31:00,643.01,card,icici,invalid_otp,2,4,0,0.179,15,0,1
txn_005717,2026-06-14T21:00:00,5932.1,card,sbi,issuer_declined,2,0,1,0.665,60,0,0
txn_005718,2026-06-13T22:28:00,2570.66,upi,icici,card_expired,1,2,1,0.698,5,0,0
txn_005719,2026-07-01T01:41:00,326.08,wallet,axis,bank_server_down,2,3,1,1.0,180,0,0
txn_005720,2026-07-08T06:24:00,2068.48,upi,axis,risk_block,1,17,0,0.708,1,1,0
txn_005721,2026-06-08T07:20:00,865.02,wallet,axis,network_timeout,1,16,0,0.543,30,0,1
txn_005722,2026-07-02T13:37:00,1625.88,card,sbi,bank_server_down,1,0,0,0.638,180,0,1
txn_005723,2026-07-19T01:30:00,424.33,card,yesbank,insufficient_funds,2,18,0,1.0,1,0,1
txn_005724,2026-06-18T13:00:00,523.16,netbanking,idfc,bank_server_down,2,7,0,0.713,15,0,1
txn_005725,2026-06-10T18:56:00,368.49,card,other,network_timeout,1,0,0,0.959,180,0,1
txn_005726,2026-06-16T20:10:00,527.43,netbanking,kotak,insufficient_funds,1,1,0,0.261,720,0,0
txn_005727,2026-06-17T08:06:00,1377.6,wallet,idfc,insufficient_funds,1,14,0,0.299,720,0,1
txn_005728,2026-06-04T09:39:00,2042.46,netbanking,icici,insufficient_funds,1,19,0,0.842,1,0,0
txn_005729,2026-07-21T23:45:00,174.87,netbanking,other,network_timeout,3,22,1,0.89,180,0,0
txn_005730,2026-06-17T01:18:00,1589.27,upi,axis,issuer_declined,1,18,0,0.798,5,0,1
txn_005731,2026-06-28T01:02:00,773.8,card,other,bank_server_down,1,14,0,0.822,15,0,1
txn_005732,2026-06-06T03:07:00,988.16,upi,other,issuer_declined,3,13,0,0.6,60,0,0
txn_005733,2026-07-29T17:14:00,378.83,upi,kotak,bank_server_down,2,2,0,0.699,5,0,0
txn_005734,2026-07-15T09:10:00,640.0,netbanking,hdfc,risk_block,3,1,0,1.0,5,1,0
txn_005735,2026-06-30T09:26:00,1491.27,upi,hdfc,insufficient_funds,1,6,0,0.584,180,0,0
txn_005736,2026-06-04T20:05:00,3515.63,netbanking,idfc,card_expired,2,12,0,0.729,60,0,0
txn_005737,2026-07-26T20:39:00,366.08,upi,other,invalid_otp,3,3,0,0.647,180,0,0
txn_005738,2026-06-02T15:55:00,3247.43,card,kotak,network_timeout,2,1,0,0.407,15,0,1
txn_005739,2026-06-06T05:54:00,672.25,netbanking,idfc,network_timeout,1,0,0,1.0,60,0,1
txn_005740,2026-06-11T16:54:00,1032.1,card,yesbank,insufficient_funds,1,14,0,0.774,60,0,1
txn_005741,2026-07-12T12:16:00,825.65,upi,yesbank,gateway_error,1,12,0,0.909,30,0,1
txn_005742,2026-06-26T08:48:00,502.92,card,sbi,invalid_otp,1,2,1,0.646,180,0,1
txn_005743,2026-07-09T02:13:00,1330.77,upi,yesbank,invalid_otp,2,0,0,0.622,5,0,0
txn_005744,2026-06-24T18:32:00,872.1,netbanking,icici,issuer_declined,3,18,0,0.716,180,0,0
txn_005745,2026-07-20T03:11:00,755.56,upi,idfc,insufficient_funds,1,17,0,0.646,1,0,1
txn_005746,2026-06-03T12:46:00,467.41,netbanking,other,bank_server_down,1,21,1,0.732,5,0,1
txn_005747,2026-06-13T09:47:00,2872.09,wallet,sbi,card_expired,3,4,1,0.691,30,0,0
txn_005748,2026-07-28T07:05:00,87.03,upi,other,risk_block,2,19,0,0.637,15,1,0
txn_005749,2026-07-30T14:00:00,510.25,upi,sbi,insufficient_funds,2,18,1,0.914,15,0,1
txn_005750,2026-07-05T03:10:00,1979.22,wallet,hdfc,network_timeout,1,22,0,0.765,5,0,1
txn_005751,2026-07-26T13:15:00,444.19,upi,other,insufficient_funds,1,22,0,0.597,30,0,0
txn_005752,2026-07-10T01:37:00,200.19,netbanking,sbi,insufficient_funds,1,7,0,0.628,720,0,1
txn_005753,2026-07-12T16:31:00,176.16,card,kotak,risk_block,2,4,0,0.716,15,1,0
txn_005754,2026-07-30T12:42:00,435.99,netbanking,idfc,insufficient_funds,2,2,0,0.694,15,0,0
txn_005755,2026-06-19T01:04:00,209.21,wallet,other,insufficient_funds,1,22,0,0.515,5,0,0
txn_005756,2026-06-09T22:11:00,844.81,wallet,icici,card_expired,1,11,0,0.405,5,0,0
txn_005757,2026-07-04T18:25:00,879.2,upi,hdfc,gateway_error,1,14,0,0.872,720,0,1
txn_005758,2026-07-26T21:49:00,140.18,card,axis,insufficient_funds,2,19,0,0.864,15,0,1
txn_005759,2026-07-22T20:24:00,118.99,upi,icici,card_expired,1,19,0,0.89,180,0,0
txn_005760,2026-06-09T05:04:00,319.91,upi,icici,card_expired,1,15,1,0.483,1,0,0
txn_005761,2026-06-30T21:15:00,1254.53,netbanking,hdfc,bank_server_down,1,10,0,0.659,720,0,1
txn_005762,2026-06-17T01:43:00,596.17,upi,idfc,bank_server_down,1,13,0,0.771,30,0,1
txn_005763,2026-06-06T07:20:00,1134.35,netbanking,sbi,network_timeout,2,15,0,0.415,60,0,1
txn_005764,2026-06-05T15:37:00,343.05,card,hdfc,issuer_declined,1,20,0,0.701,5,0,0
txn_005765,2026-07-10T22:57:00,529.86,card,other,insufficient_funds,2,5,0,0.656,720,0,0
txn_005766,2026-06-14T13:33:00,4259.48,upi,hdfc,issuer_declined,1,19,0,0.921,30,0,0
txn_005767,2026-06-01T21:57:00,191.11,upi,hdfc,bank_server_down,1,11,0,0.663,1,0,1
txn_005768,2026-07-01T01:55:00,300.21,card,hdfc,risk_block,2,3,1,1.0,720,1,0
txn_005769,2026-07-16T04:04:00,277.63,wallet,sbi,invalid_otp,1,10,0,0.729,180,0,1
txn_005770,2026-07-17T09:05:00,3449.0,netbanking,yesbank,insufficient_funds,1,9,1,0.86,720,0,1
txn_005771,2026-06-01T04:18:00,979.24,wallet,sbi,bank_server_down,1,5,1,0.646,180,0,1
txn_005772,2026-07-06T16:03:00,1270.02,netbanking,yesbank,insufficient_funds,1,12,0,0.619,60,0,0
txn_005773,2026-07-13T14:03:00,9284.75,card,yesbank,invalid_otp,1,16,0,0.934,15,0,1
txn_005774,2026-07-29T12:40:00,865.98,card,sbi,gateway_error,1,2,0,0.876,15,0,0
txn_005775,2026-06-06T17:37:00,2039.94,upi,hdfc,card_expired,1,2,0,0.755,5,0,0
txn_005776,2026-07-17T02:08:00,8097.48,upi,sbi,insufficient_funds,1,15,0,0.552,720,0,0
txn_005777,2026-07-13T12:26:00,870.29,card,idfc,card_expired,1,22,1,0.81,15,0,0
txn_005778,2026-06-12T03:32:00,615.58,upi,axis,issuer_declined,1,3,0,0.72,60,0,0
txn_005779,2026-07-15T05:21:00,1568.44,netbanking,idfc,insufficient_funds,1,17,0,0.753,15,0,0
txn_005780,2026-07-08T19:14:00,1137.16,wallet,icici,issuer_declined,1,8,1,0.854,720,0,0
txn_005781,2026-07-25T18:56:00,1162.49,upi,kotak,gateway_error,2,10,0,0.629,15,0,1
txn_005782,2026-07-27T04:53:00,137.81,netbanking,yesbank,network_timeout,1,20,0,1.0,60,0,1
txn_005783,2026-07-26T01:15:00,541.4,card,kotak,gateway_error,2,14,1,0.681,15,0,0
txn_005784,2026-06-03T18:25:00,552.88,wallet,sbi,invalid_otp,3,23,0,0.707,5,0,1
txn_005785,2026-07-17T14:26:00,887.73,wallet,sbi,invalid_otp,2,14,0,0.532,60,0,1
txn_005786,2026-06-02T13:32:00,803.08,upi,kotak,bank_server_down,1,7,0,1.0,180,0,1
txn_005787,2026-07-24T21:14:00,6280.89,card,hdfc,insufficient_funds,3,7,1,0.725,30,0,0
txn_005788,2026-06-08T20:25:00,250.09,wallet,idfc,network_timeout,1,8,0,0.629,60,0,0
txn_005789,2026-07-08T14:14:00,142.44,upi,hdfc,insufficient_funds,1,21,0,0.614,15,0,0
txn_005790,2026-06-02T06:32:00,105.44,netbanking,kotak,issuer_declined,2,21,0,0.713,1,0,0
txn_005791,2026-07-12T23:16:00,1621.65,upi,hdfc,network_timeout,2,13,0,0.874,180,0,1
txn_005792,2026-07-23T17:49:00,1074.47,netbanking,hdfc,insufficient_funds,2,13,1,0.885,60,0,0
txn_005793,2026-07-15T22:33:00,3440.96,netbanking,hdfc,insufficient_funds,1,19,0,0.997,180,0,1
txn_005794,2026-07-03T12:19:00,677.42,card,yesbank,gateway_error,1,8,1,0.403,720,0,1
txn_005795,2026-06-03T03:23:00,1324.38,upi,idfc,insufficient_funds,1,5,1,0.549,1,0,0
txn_005796,2026-06-03T23:17:00,1840.57,wallet,kotak,issuer_declined,2,14,0,0.703,180,0,0
txn_005797,2026-07-12T19:32:00,314.7,card,other,risk_block,2,23,0,0.63,720,1,0
txn_005798,2026-06-11T16:02:00,2602.48,netbanking,kotak,insufficient_funds,1,2,0,0.816,60,0,1
txn_005799,2026-07-19T03:17:00,125.27,upi,yesbank,risk_block,2,14,0,0.316,5,1,0
txn_005800,2026-06-07T10:46:00,1978.7,card,other,invalid_otp,1,7,0,0.547,180,0,1
txn_005801,2026-07-03T08:38:00,669.61,netbanking,sbi,insufficient_funds,2,13,0,0.835,1,0,0
txn_005802,2026-06-12T04:14:00,509.42,netbanking,idfc,network_timeout,2,17,0,1.0,15,0,0
txn_005803,2026-06-13T15:15:00,812.6,wallet,idfc,gateway_error,1,11,1,0.436,5,0,0
txn_005804,2026-07-16T19:14:00,2464.69,wallet,idfc,network_timeout,2,13,0,0.694,30,0,1
txn_005805,2026-07-14T19:05:00,254.1,upi,idfc,issuer_declined,2,18,0,0.712,60,0,0
txn_005806,2026-06-21T05:42:00,243.81,card,kotak,insufficient_funds,1,3,1,0.726,1,0,1
txn_005807,2026-06-22T00:45:00,825.97,wallet,kotak,insufficient_funds,3,5,0,0.503,180,0,0
txn_005808,2026-06-24T16:54:00,1307.44,upi,icici,gateway_error,1,11,1,0.581,5,0,1
txn_005809,2026-07-29T07:08:00,199.87,netbanking,other,gateway_error,1,2,1,0.497,720,0,1
txn_005810,2026-06-14T09:10:00,2880.43,wallet,axis,issuer_declined,1,21,0,0.659,15,0,0
txn_005811,2026-07-15T12:53:00,2872.05,netbanking,idfc,bank_server_down,1,7,1,0.568,180,0,1
txn_005812,2026-06-22T02:25:00,324.83,upi,hdfc,invalid_otp,1,4,0,0.586,30,0,0
txn_005813,2026-07-16T11:00:00,218.38,upi,icici,gateway_error,2,16,0,0.769,15,0,1
txn_005814,2026-06-08T00:39:00,268.97,card,axis,card_expired,2,23,0,0.74,1,0,1
txn_005815,2026-07-05T11:47:00,71.67,wallet,yesbank,invalid_otp,3,6,0,0.819,60,0,0
txn_005816,2026-06-13T21:19:00,1953.02,card,kotak,issuer_declined,1,19,0,0.75,15,0,0
txn_005817,2026-07-23T12:03:00,2053.54,card,idfc,risk_block,1,19,1,0.527,15,1,0
txn_005818,2026-07-16T05:23:00,619.93,upi,kotak,bank_server_down,1,16,0,0.916,1,0,0
txn_005819,2026-07-11T03:36:00,1959.63,wallet,icici,risk_block,1,22,0,0.565,1,1,0
txn_005820,2026-06-29T04:23:00,558.07,upi,axis,insufficient_funds,1,5,1,0.591,1,0,1
txn_005821,2026-07-25T18:18:00,1779.67,card,yesbank,invalid_otp,1,12,0,0.819,60,0,0
txn_005822,2026-06-30T16:14:00,2479.96,card,yesbank,card_expired,2,8,1,0.579,5,0,0
txn_005823,2026-07-26T11:58:00,2043.73,upi,yesbank,risk_block,1,0,0,0.729,1,1,0
txn_005824,2026-07-17T04:44:00,101.93,wallet,yesbank,insufficient_funds,1,13,0,0.896,15,0,1
txn_005825,2026-06-28T16:09:00,600.32,wallet,icici,gateway_error,1,15,0,1.0,5,0,1
txn_005826,2026-07-07T03:22:00,1436.7,wallet,axis,insufficient_funds,1,1,0,0.469,720,0,0
txn_005827,2026-07-15T14:14:00,296.29,netbanking,yesbank,insufficient_funds,3,22,0,0.91,30,0,1
txn_005828,2026-07-30T04:35:00,259.66,upi,hdfc,network_timeout,2,1,0,0.799,1,0,1
txn_005829,2026-06-30T12:01:00,1028.54,card,axis,invalid_otp,1,18,0,0.724,15,0,1
txn_005830,2026-07-17T11:48:00,1398.55,netbanking,hdfc,invalid_otp,1,20,0,0.748,60,0,1
txn_005831,2026-07-25T21:54:00,664.38,netbanking,hdfc,card_expired,2,10,1,0.594,30,0,0
txn_005832,2026-06-25T04:06:00,405.81,card,sbi,card_expired,2,16,0,0.83,60,0,0
txn_005833,2026-06-18T01:18:00,231.59,upi,kotak,insufficient_funds,2,8,0,0.911,15,0,0
txn_005834,2026-06-10T19:11:00,319.96,wallet,other,bank_server_down,3,2,0,1.0,720,0,0
txn_005835,2026-06-16T15:57:00,990.35,upi,sbi,invalid_otp,1,17,1,0.54,180,0,1
txn_005836,2026-06-05T09:54:00,2288.43,card,sbi,invalid_otp,2,11,0,0.404,30,0,1
txn_005837,2026-07-15T11:50:00,530.87,card,other,network_timeout,2,22,0,0.37,180,0,1
txn_005838,2026-07-04T15:57:00,4759.42,netbanking,idfc,bank_server_down,1,11,1,0.948,15,0,1
txn_005839,2026-07-03T03:42:00,13041.78,card,idfc,card_expired,1,10,0,0.828,180,0,0
txn_005840,2026-06-12T23:36:00,432.27,netbanking,sbi,invalid_otp,2,8,0,1.0,15,0,1
txn_005841,2026-07-03T08:08:00,1004.67,card,other,gateway_error,1,4,0,0.694,1,0,1
txn_005842,2026-06-14T23:23:00,37.3,netbanking,kotak,insufficient_funds,2,5,0,0.842,60,0,1
txn_005843,2026-07-15T12:13:00,227.53,netbanking,axis,network_timeout,1,5,0,1.0,15,0,1
txn_005844,2026-07-06T05:40:00,408.32,card,sbi,gateway_error,1,19,0,0.411,30,0,1
txn_005845,2026-07-10T22:17:00,4843.61,wallet,idfc,bank_server_down,1,18,1,0.723,60,0,1
txn_005846,2026-06-26T04:10:00,68.33,wallet,sbi,insufficient_funds,1,20,1,0.742,180,0,0
txn_005847,2026-06-17T18:02:00,1761.48,wallet,kotak,issuer_declined,1,12,0,0.627,180,0,0
txn_005848,2026-06-13T19:32:00,977.84,wallet,idfc,invalid_otp,3,23,0,0.725,30,0,1
txn_005849,2026-06-27T07:08:00,7188.76,card,kotak,network_timeout,2,15,0,0.618,1,0,0
txn_005850,2026-07-27T07:36:00,416.08,card,idfc,invalid_otp,1,20,0,0.939,720,0,1
txn_005851,2026-07-04T22:34:00,269.98,netbanking,other,bank_server_down,1,10,0,0.869,1,0,1
txn_005852,2026-06-06T14:24:00,685.66,wallet,idfc,invalid_otp,1,22,0,0.916,1,0,1
txn_005853,2026-07-09T18:15:00,832.9,wallet,idfc,risk_block,1,11,0,0.786,180,1,0
txn_005854,2026-06-22T14:47:00,1502.67,upi,hdfc,gateway_error,1,15,0,0.719,720,0,1
txn_005855,2026-06-29T18:52:00,2654.62,wallet,kotak,bank_server_down,1,16,0,0.901,15,0,1
txn_005856,2026-06-25T19:12:00,1125.07,netbanking,axis,network_timeout,3,19,0,0.999,180,0,1
txn_005857,2026-07-23T00:43:00,539.02,upi,idfc,insufficient_funds,1,15,0,0.742,180,0,1
txn_005858,2026-06-30T07:31:00,9230.37,netbanking,idfc,gateway_error,1,16,0,0.678,1,0,1
txn_005859,2026-06-10T17:50:00,3003.07,wallet,yesbank,network_timeout,2,5,0,0.933,180,0,1
txn_005860,2026-06-05T16:58:00,119.95,upi,yesbank,invalid_otp,1,5,0,0.857,5,0,1
txn_005861,2026-06-26T08:23:00,376.75,card,hdfc,bank_server_down,1,4,0,0.554,30,0,1
txn_005862,2026-07-08T10:11:00,639.03,upi,icici,bank_server_down,1,16,1,0.703,180,0,1
txn_005863,2026-06-03T07:20:00,129.04,netbanking,yesbank,card_expired,1,4,0,0.67,15,0,0
txn_005864,2026-06-05T15:56:00,4037.62,upi,hdfc,network_timeout,1,13,1,0.649,1,0,1
txn_005865,2026-06-05T00:56:00,866.63,card,yesbank,bank_server_down,1,13,0,0.717,180,0,1
txn_005866,2026-06-04T15:49:00,130.76,upi,icici,invalid_otp,1,10,0,0.479,180,0,1
txn_005867,2026-07-19T12:10:00,133.66,wallet,icici,insufficient_funds,2,14,0,0.857,5,0,0
txn_005868,2026-06-20T05:28:00,1204.76,card,hdfc,risk_block,1,18,0,0.77,1,1,0
txn_005869,2026-07-27T12:19:00,359.71,upi,axis,bank_server_down,1,12,0,0.648,60,0,1
txn_005870,2026-06-17T18:26:00,297.98,upi,icici,insufficient_funds,2,23,1,0.71,180,0,0
txn_005871,2026-06-27T15:33:00,684.16,card,icici,network_timeout,2,14,0,0.75,180,0,1
txn_005872,2026-06-27T16:42:00,168.95,netbanking,yesbank,network_timeout,1,5,0,0.526,15,0,1
txn_005873,2026-06-29T00:53:00,1665.16,netbanking,hdfc,bank_server_down,1,17,1,0.809,180,0,1
txn_005874,2026-06-09T12:03:00,1508.69,card,hdfc,network_timeout,1,1,0,0.698,15,0,0
txn_005875,2026-07-10T16:58:00,769.99,card,kotak,gateway_error,1,0,0,0.874,180,0,1
txn_005876,2026-06-14T07:46:00,1077.71,card,idfc,insufficient_funds,2,6,0,0.451,15,0,0
txn_005877,2026-07-17T15:55:00,115.59,netbanking,hdfc,invalid_otp,1,4,1,1.0,180,0,0
txn_005878,2026-06-11T05:43:00,870.14,wallet,yesbank,bank_server_down,1,2,0,0.649,1,0,1
txn_005879,2026-06-08T12:27:00,1822.19,netbanking,axis,risk_block,2,1,0,0.889,720,1,1
txn_005880,2026-06-12T21:43:00,2099.18,card,hdfc,bank_server_down,1,6,1,0.431,15,0,1
txn_005881,2026-06-09T06:01:00,786.5,upi,yesbank,insufficient_funds,2,13,0,0.687,5,0,0
txn_005882,2026-07-13T08:03:00,914.75,card,kotak,bank_server_down,1,15,1,0.993,5,0,1
txn_005883,2026-06-28T16:07:00,566.6,upi,axis,bank_server_down,1,3,1,0.52,15,0,1
txn_005884,2026-06-17T17:47:00,4237.62,upi,other,gateway_error,1,17,0,0.598,180,0,1
txn_005885,2026-07-13T02:22:00,189.91,upi,idfc,network_timeout,1,22,1,0.81,180,0,1
txn_005886,2026-07-01T12:34:00,1549.96,netbanking,icici,gateway_error,2,17,0,0.657,60,0,0
txn_005887,2026-07-28T06:57:00,3290.14,netbanking,axis,bank_server_down,1,0,0,1.0,1,0,0
txn_005888,2026-06-08T04:01:00,1682.18,wallet,other,risk_block,1,14,0,0.699,720,1,0
txn_005889,2026-07-21T01:22:00,2795.72,card,yesbank,issuer_declined,1,23,0,0.8,30,0,0
txn_005890,2026-07-28T02:07:00,818.75,card,axis,gateway_error,1,4,1,0.652,720,0,1
txn_005891,2026-06-15T22:07:00,494.01,upi,yesbank,risk_block,1,23,0,0.372,30,1,0
txn_005892,2026-06-05T11:37:00,1890.87,upi,hdfc,card_expired,1,17,0,0.927,15,0,1
txn_005893,2026-07-07T11:06:00,1202.21,upi,icici,bank_server_down,1,1,1,0.617,30,0,1
txn_005894,2026-07-29T03:13:00,138.91,card,idfc,risk_block,2,7,0,0.776,30,1,0
txn_005895,2026-06-06T15:29:00,187.14,upi,sbi,card_expired,2,7,0,0.51,60,0,0
txn_005896,2026-06-05T22:44:00,4356.36,wallet,hdfc,bank_server_down,2,6,0,0.682,30,0,1
txn_005897,2026-07-10T02:05:00,163.59,wallet,hdfc,issuer_declined,3,3,0,0.737,1,0,0
txn_005898,2026-07-09T20:17:00,623.51,netbanking,icici,network_timeout,2,10,1,1.0,5,0,1
txn_005899,2026-07-22T15:36:00,359.9,card,other,network_timeout,2,19,1,0.873,15,0,1
txn_005900,2026-07-21T04:43:00,100.28,netbanking,idfc,insufficient_funds,2,12,0,0.549,5,0,0
txn_005901,2026-06-08T05:51:00,169.32,card,hdfc,gateway_error,3,5,0,0.799,5,0,0
txn_005902,2026-06-26T09:38:00,563.82,netbanking,hdfc,insufficient_funds,3,18,0,0.927,30,0,1
txn_005903,2026-07-11T07:21:00,181.76,wallet,yesbank,network_timeout,1,23,1,0.729,1,0,1
txn_005904,2026-06-13T20:48:00,1553.89,wallet,other,issuer_declined,1,18,1,0.65,1,0,1
txn_005905,2026-07-07T23:37:00,182.45,card,sbi,issuer_declined,1,2,1,0.807,60,0,0
txn_005906,2026-06-16T18:30:00,363.05,netbanking,sbi,network_timeout,1,22,1,0.833,5,0,1
txn_005907,2026-06-14T19:15:00,194.21,netbanking,icici,invalid_otp,3,11,1,0.768,30,0,0
txn_005908,2026-07-27T22:44:00,549.07,wallet,icici,invalid_otp,1,8,0,0.553,15,0,1
txn_005909,2026-07-28T05:43:00,571.29,card,hdfc,issuer_declined,2,10,0,0.953,30,0,1
txn_005910,2026-06-18T07:36:00,718.06,wallet,kotak,issuer_declined,1,21,0,0.58,5,0,0
txn_005911,2026-07-20T06:29:00,1275.31,wallet,kotak,invalid_otp,1,22,0,0.774,5,0,1
txn_005912,2026-07-22T03:37:00,819.72,card,yesbank,insufficient_funds,2,7,0,0.667,1,0,0
txn_005913,2026-07-04T10:58:00,978.25,upi,idfc,bank_server_down,1,23,0,0.865,1,0,1
txn_005914,2026-06-16T09:33:00,571.78,upi,yesbank,bank_server_down,1,21,1,0.853,5,0,1
txn_005915,2026-07-21T16:58:00,329.25,wallet,idfc,insufficient_funds,2,7,0,0.804,180,0,1
txn_005916,2026-07-25T09:49:00,301.8,wallet,other,network_timeout,3,17,0,0.969,180,0,0
txn_005917,2026-07-27T06:51:00,346.83,netbanking,yesbank,bank_server_down,1,4,0,0.788,15,0,1
txn_005918,2026-06-30T02:19:00,608.39,upi,other,bank_server_down,1,3,0,0.671,15,0,1
txn_005919,2026-06-02T16:56:00,263.33,card,idfc,insufficient_funds,2,21,1,0.342,5,0,0
txn_005920,2026-07-01T03:58:00,316.79,netbanking,idfc,network_timeout,1,4,0,0.994,15,0,1
txn_005921,2026-06-01T08:54:00,2995.65,wallet,yesbank,network_timeout,1,6,0,0.985,180,0,1
txn_005922,2026-07-08T08:48:00,330.56,upi,hdfc,issuer_declined,2,1,0,0.759,180,0,0
txn_005923,2026-06-06T19:16:00,642.38,card,kotak,issuer_declined,1,0,0,0.715,180,0,0
txn_005924,2026-06-08T22:41:00,429.01,upi,other,invalid_otp,1,10,0,0.949,720,0,1
txn_005925,2026-06-01T04:09:00,311.86,netbanking,hdfc,risk_block,1,12,0,0.778,60,1,0
txn_005926,2026-06-14T14:51:00,68.08,netbanking,axis,issuer_declined,1,7,1,0.737,720,0,0
txn_005927,2026-06-23T17:37:00,1909.18,wallet,yesbank,card_expired,1,13,0,0.265,5,0,0
txn_005928,2026-06-11T20:03:00,1109.95,wallet,other,network_timeout,3,9,1,1.0,720,0,0
txn_005929,2026-06-29T11:59:00,3536.39,netbanking,yesbank,network_timeout,3,23,0,0.775,15,0,0
txn_005930,2026-06-26T01:55:00,10774.52,upi,yesbank,issuer_declined,2,11,0,0.587,60,0,0
txn_005931,2026-06-16T06:18:00,3676.74,netbanking,icici,invalid_otp,1,3,0,0.412,30,0,0
txn_005932,2026-07-26T14:38:00,590.58,upi,yesbank,network_timeout,2,6,0,0.809,60,0,1
txn_005933,2026-06-30T23:19:00,1103.76,card,other,card_expired,1,8,0,1.0,720,0,0
txn_005934,2026-07-15T04:30:00,659.06,wallet,hdfc,issuer_declined,1,18,0,0.65,5,0,0
txn_005935,2026-07-01T19:19:00,387.18,upi,idfc,bank_server_down,2,16,0,0.901,60,0,1
txn_005936,2026-06-13T01:52:00,182.43,wallet,icici,bank_server_down,1,5,0,0.781,720,0,1
txn_005937,2026-06-03T03:04:00,419.98,netbanking,hdfc,network_timeout,1,1,0,0.715,1,0,0
txn_005938,2026-07-03T13:59:00,2046.64,card,hdfc,network_timeout,1,11,0,0.715,5,0,1
txn_005939,2026-07-02T09:44:00,1125.01,upi,kotak,insufficient_funds,1,19,0,0.856,720,0,0
txn_005940,2026-06-10T10:32:00,1098.55,card,sbi,bank_server_down,1,9,0,0.446,5,0,1
txn_005941,2026-06-11T06:18:00,837.11,card,yesbank,risk_block,2,23,0,0.948,720,1,0
txn_005942,2026-06-28T23:10:00,73.73,card,idfc,card_expired,1,23,0,0.654,180,0,0
txn_005943,2026-07-17T02:08:00,280.0,netbanking,idfc,network_timeout,2,22,0,0.44,15,0,1
txn_005944,2026-06-09T20:33:00,1061.46,netbanking,axis,card_expired,1,13,0,0.756,15,0,0
txn_005945,2026-06-12T06:19:00,123.85,wallet,icici,issuer_declined,2,21,0,0.546,180,0,1
txn_005946,2026-07-22T08:06:00,1224.44,upi,sbi,bank_server_down,1,16,0,0.825,1,0,1
txn_005947,2026-06-22T01:44:00,660.87,netbanking,icici,bank_server_down,1,3,0,0.853,1,0,1
txn_005948,2026-07-18T12:09:00,2064.89,upi,axis,network_timeout,2,1,1,0.499,15,0,0
txn_005949,2026-06-25T06:33:00,841.62,wallet,kotak,invalid_otp,1,6,1,0.438,5,0,1
txn_005950,2026-06-08T06:42:00,935.55,netbanking,hdfc,insufficient_funds,2,5,0,1.0,180,0,0
txn_005951,2026-06-10T10:51:00,704.91,upi,sbi,issuer_declined,1,6,0,0.661,720,0,1
txn_005952,2026-06-16T01:39:00,932.46,card,icici,insufficient_funds,1,2,0,0.75,60,0,0
txn_005953,2026-07-25T05:57:00,667.19,upi,kotak,gateway_error,1,17,1,0.766,5,0,0
txn_005954,2026-07-29T16:14:00,151.04,card,yesbank,issuer_declined,2,18,0,0.919,720,0,1
txn_005955,2026-06-08T02:51:00,1063.41,netbanking,idfc,invalid_otp,1,6,1,0.502,720,0,1
txn_005956,2026-06-13T07:17:00,511.55,netbanking,icici,issuer_declined,2,10,0,0.749,720,0,0
txn_005957,2026-06-02T23:49:00,805.17,wallet,kotak,gateway_error,1,17,0,0.783,30,0,1
txn_005958,2026-07-18T21:07:00,704.03,card,sbi,card_expired,2,0,1,0.653,15,0,0
txn_005959,2026-07-07T09:22:00,767.28,upi,other,bank_server_down,3,5,0,0.469,60,0,1
txn_005960,2026-07-19T04:25:00,119.5,wallet,other,bank_server_down,1,3,0,0.934,720,0,1
txn_005961,2026-06-19T23:43:00,557.66,netbanking,yesbank,issuer_declined,3,13,0,0.593,180,0,0
txn_005962,2026-07-03T01:53:00,73.48,card,axis,invalid_otp,1,18,0,0.693,720,0,1
txn_005963,2026-07-28T10:13:00,970.98,wallet,other,insufficient_funds,1,17,0,0.65,1,0,1
txn_005964,2026-07-08T05:15:00,168.03,wallet,axis,risk_block,1,19,1,0.909,5,1,1
txn_005965,2026-06-09T13:32:00,485.39,card,hdfc,invalid_otp,1,11,0,1.0,30,0,1
txn_005966,2026-06-01T15:57:00,1297.25,netbanking,sbi,gateway_error,2,8,0,0.79,180,0,0
txn_005967,2026-07-16T23:51:00,887.7,wallet,hdfc,bank_server_down,1,0,0,0.815,5,0,1
txn_005968,2026-06-28T12:31:00,178.54,upi,kotak,network_timeout,2,22,0,0.965,5,0,1
txn_005969,2026-06-15T02:15:00,242.12,netbanking,hdfc,gateway_error,2,12,0,0.533,60,0,0
txn_005970,2026-07-22T09:05:00,584.52,upi,idfc,bank_server_down,3,5,0,0.635,1,0,0
txn_005971,2026-06-11T00:03:00,2293.81,netbanking,axis,bank_server_down,1,11,1,0.829,180,0,1
txn_005972,2026-06-23T10:12:00,2729.11,upi,icici,bank_server_down,2,19,0,0.715,5,0,0
txn_005973,2026-06-11T11:14:00,299.86,upi,axis,issuer_declined,1,22,0,0.693,5,0,0
txn_005974,2026-07-27T16:08:00,1257.09,wallet,yesbank,invalid_otp,1,13,0,0.636,30,0,1
txn_005975,2026-07-25T02:17:00,509.56,netbanking,icici,network_timeout,2,12,0,0.44,30,0,1
txn_005976,2026-07-14T08:58:00,398.9,upi,sbi,bank_server_down,1,12,0,0.812,60,0,1
txn_005977,2026-06-03T04:30:00,497.8,upi,sbi,insufficient_funds,1,15,1,0.796,1,0,1
txn_005978,2026-07-28T02:49:00,190.02,card,other,issuer_declined,3,6,0,0.882,1,0,0
txn_005979,2026-07-27T17:03:00,649.72,wallet,axis,insufficient_funds,1,15,0,0.524,1,0,1
txn_005980,2026-06-08T10:14:00,3499.21,card,kotak,insufficient_funds,1,13,0,0.71,5,0,1
txn_005981,2026-06-29T02:51:00,1276.01,netbanking,kotak,network_timeout,1,8,1,0.856,15,0,1
txn_005982,2026-06-20T01:07:00,597.49,upi,idfc,invalid_otp,1,16,1,0.574,1,0,1
txn_005983,2026-07-04T12:41:00,485.94,netbanking,yesbank,gateway_error,1,4,0,0.806,180,0,0
txn_005984,2026-07-28T07:07:00,197.36,upi,yesbank,bank_server_down,1,18,0,0.423,1,0,0
txn_005985,2026-06-24T06:14:00,4571.27,upi,idfc,issuer_declined,2,3,0,0.356,15,0,0
txn_005986,2026-07-21T00:36:00,1027.13,card,yesbank,issuer_declined,1,1,0,0.611,720,0,0
txn_005987,2026-06-11T06:39:00,516.16,card,icici,issuer_declined,1,2,1,0.65,720,0,0
txn_005988,2026-07-26T12:41:00,1347.3,card,other,issuer_declined,3,1,0,0.813,720,0,0
txn_005989,2026-07-03T09:54:00,1593.62,wallet,yesbank,gateway_error,2,17,0,0.36,180,0,1
txn_005990,2026-06-05T00:49:00,1368.96,card,kotak,card_expired,1,10,0,0.754,720,0,0
txn_005991,2026-06-17T02:04:00,213.6,card,axis,network_timeout,3,17,0,0.763,720,0,0
txn_005992,2026-06-06T15:21:00,645.57,netbanking,axis,issuer_declined,1,16,0,0.695,15,0,0
txn_005993,2026-07-18T14:39:00,926.04,card,hdfc,invalid_otp,3,20,1,0.574,5,0,0
txn_005994,2026-06-18T20:15:00,1414.62,wallet,yesbank,issuer_declined,1,12,0,0.755,720,0,0
txn_005995,2026-07-20T06:31:00,302.66,wallet,kotak,insufficient_funds,1,17,0,0.664,720,0,0
txn_005996,2026-07-26T03:07:00,1521.33,netbanking,kotak,insufficient_funds,1,21,1,0.644,1,0,0
txn_005997,2026-07-12T06:38:00,310.38,card,sbi,insufficient_funds,2,16,1,0.648,60,0,0
txn_005998,2026-06-04T15:53:00,1457.86,netbanking,kotak,risk_block,1,1,0,0.984,1,1,1
txn_005999,2026-07-01T16:48:00,10284.4,netbanking,icici,gateway_error,2,9,0,0.867,180,0,1
txn_006000,2026-06-12T00:17:00,1777.19,upi,axis,issuer_declined,1,18,1,0.539,15,0,0
